New Privately Owned Housing Units Authorized,,,,,,,,,,,,,,,,
Unadjusted Units by CBSA,,,,,,,,,,,,,,,,
,,,,,,,,,,,,,,,,
202505,,,,,,,,,,,,,,,,
,,,,,,,,,,,,,,,,
,,,,,Current Month,,,,,,,Year to Date,,,,
,,,,,,,,,,,,,,,,
CSA,CBSA,Name,Metro /Micro Code,Total,1 Unit,2 Units,3 and 4 Units,5 Units or More,Num of Structures With 5 Units or More,,Total,1 Unit,2 Units,3 and 4 Units,5 Units or More,Num of Structures With 5 Units or More
999,10100,"Aberdeen, SD                                                ",5,13,13,0,0,0,0,,116,34,2,0,80,2
999,10140,"Aberdeen, WA                                                ",5,23,23,0,0,0,0,,103,103,0,0,0,0
101,10180,"Abilene, TX                                                 ",2,61,61,0,0,0,0,,351,293,58,0,0,0
999,10220,"Ada, OK                                                     ",5,1,1,0,0,0,0,,14,2,12,0,0,0
220,10300,"Adrian, MI                                                  ",5,24,19,0,0,5,1,,64,59,0,0,5,1
184,10420,"Akron, OH                                                   ",2,83,79,0,4,0,0,,394,289,0,27,78,14
999,10460,"Alamogordo, NM                                              ",5,1,1,0,0,0,0,,5,5,0,0,0,0
999,10480,"Alamosa, CO                                                 ",5,18,16,2,0,0,0,,54,46,8,0,0,0
999,10500,"Albany, GA                                                  ",4,27,17,0,0,10,2,,76,61,0,0,15,3
440,10540,"Albany, OR                                                  ",2,21,14,2,0,5,1,,78,59,14,0,5,1
104,10580,"Albany-Schenectady-Troy, NY                                 ",2,130,110,0,4,16,3,,820,455,4,26,335,19
172,10620,"Albemarle, NC                                               ",5,31,31,0,0,0,0,,155,155,0,0,0,0
999,10660,"Albert Lea, MN                                              ",5,0,0,0,0,0,0,,1,1,0,0,0,0
290,10700,"Albertville, AL                                             ",5,15,15,0,0,0,0,,73,73,0,0,0,0
105,10740,"Albuquerque, NM                                             ",2,218,181,0,4,33,1,,1317,823,30,4,460,12
194,10760,"Alexander City, AL                                          ",5,10,10,0,0,0,0,,101,101,0,0,0,0
999,10780,"Alexandria, LA                                              ",4,21,19,2,0,0,0,,121,111,10,0,0,0
999,10820,"Alexandria, MN                                              ",5,26,26,0,0,0,0,,178,59,0,0,119,3
204,10860,"Alice, TX                                                   ",5,0,0,0,0,0,0,,1,1,0,0,0,0
106,10900,"Allentown-Bethlehem-Easton, PA-NJ                           ",2,194,151,2,0,41,4,,905,525,32,10,338,22
394,10940,"Alma, MI                                                    ",5,4,4,0,0,0,0,,16,14,2,0,0,0
999,10980,"Alpena, MI                                                  ",5,1,1,0,0,0,0,,15,15,0,0,0,0
107,11020,"Altoona, PA                                                 ",2,7,5,2,0,0,0,,45,35,4,6,0,0
999,11060,"Altus, OK                                                   ",5,0,0,0,0,0,0,,13,13,0,0,0,0
108,11100,"Amarillo, TX                                                ",2,38,38,0,0,0,0,,198,196,2,0,0,0
999,11140,"Americus, GA                                                ",5,2,2,0,0,0,0,,19,19,0,0,0,0
218,11180,"Ames, IA                                                    ",2,72,28,4,4,36,6,,237,96,12,12,117,16
521,11200,"Amherst Town-Northampton, MA                                ",2,25,11,2,0,12,2,,104,40,2,0,62,12
104,11220,"Amsterdam, NY                                               ",5,4,4,0,0,0,0,,19,19,0,0,0,0
999,11260,"Anchorage, AK                                               ",4,36,21,6,3,6,1,,119,78,16,6,19,3
450,11360,"Anderson Creek, NC                                          ",5,187,187,0,0,0,0,,1021,1019,2,0,0,0
372,11380,"Andrews, TX                                                 ",5,7,2,0,0,5,1,,24,13,0,0,11,2
258,11420,"Angola, IN                                                  ",5,14,14,0,0,0,0,,46,46,0,0,0,0
220,11460,"Ann Arbor, MI                                               ",2,101,51,0,4,46,2,,470,231,0,4,235,9
999,11500,"Anniston-Oxford, AL                                         ",4,3,3,0,0,0,0,,64,60,4,0,0,0
118,11540,"Appleton, WI                                                ",2,74,64,10,0,0,0,,306,284,22,0,0,0
412,11580,"Arcadia, FL                                                 ",5,11,11,0,0,0,0,,50,50,0,0,0,0
999,11620,"Ardmore, OK                                                 ",5,1,1,0,0,0,0,,31,31,0,0,0,0
999,11660,"Arkadelphia, AR                                             ",5,0,0,0,0,0,0,,4,4,0,0,0,0
556,11680,"Arkansas City-Winfield, KS                                  ",5,3,3,0,0,0,0,,16,12,4,0,0,0
120,11700,"Asheville, NC                                               ",2,290,175,0,0,115,5,,1136,799,6,0,331,12
360,11740,"Ashland, OH                                                 ",5,9,9,0,0,0,0,,29,27,2,0,0,0
999,11820,"Astoria, OR                                                 ",5,38,9,2,0,27,2,,66,37,2,0,27,2
312,11860,"Atchison, KS                                                ",5,1,1,0,0,0,0,,6,6,0,0,0,0
198,11900,"Athens, OH                                                  ",5,51,1,0,0,50,3,,54,4,0,0,50,3
174,11940,"Athens, TN                                                  ",5,11,11,0,0,0,0,,58,56,2,0,0,0
206,11980,"Athens, TX                                                  ",5,24,22,2,0,0,0,,94,86,8,0,0,0
122,12020,"Athens-Clarke County, GA                                    ",2,60,55,0,0,5,1,,807,340,0,0,467,15
122,12060,"Atlanta-Sandy Springs-Roswell, GA                           ",2,2814,1948,22,23,821,68,,14937,10121,78,184,4554,290
428,12100,"Atlantic City-Hammonton, NJ                                 ",2,134,102,16,6,10,2,,653,520,68,20,45,9
258,12140,"Auburn, IN                                                  ",5,10,10,0,0,0,0,,36,36,0,0,0,0
532,12180,"Auburn, NY                                                  ",5,12,12,0,0,0,0,,47,39,0,3,5,1
194,12220,"Auburn-Opelika, AL                                          ",2,113,113,0,0,0,0,,648,636,12,0,0,0
999,12260,"Augusta-Richmond County, GA-SC                              ",4,306,297,0,4,5,1,,1826,1469,0,23,334,9
999,12300,"Augusta-Waterville, ME                                      ",5,30,30,0,0,0,0,,180,145,0,3,32,1
462,12380,"Austin, MN                                                  ",5,5,5,0,0,0,0,,113,11,0,0,102,1
999,12420,"Austin-Round Rock-San Marcos, TX                            ",4,3313,1433,214,6,1660,32,,11620,7166,494,31,3929,84
533,12460,"Bainbridge, GA                                              ",5,12,7,0,0,5,1,,58,33,0,0,25,5
999,12520,"Baker City, OR                                              ",5,9,9,0,0,0,0,,25,23,2,0,0,0
999,12540,"Bakersfield-Delano, CA                                      ",4,252,221,26,0,5,1,,1212,1126,64,7,15,3
548,12580,"Baltimore-Columbia-Towson, MD                               ",2,644,306,0,0,338,3,,3053,1538,14,0,1501,22
999,12620,"Bangor, ME                                                  ",4,36,26,2,3,5,1,,254,136,16,21,81,8
357,12660,"Baraboo, WI                                                 ",5,18,14,4,0,0,0,,102,86,16,0,0,0
148,12700,"Barnstable Town, MA                                         ",2,94,28,8,8,50,1,,298,129,24,11,134,9
162,12740,"Barre, VT                                                   ",5,14,10,4,0,0,0,,58,50,8,0,0,0
538,12780,"Bartlesville, OK                                            ",5,1,1,0,0,0,0,,6,6,0,0,0,0
464,12860,"Batavia, NY                                                 ",5,2,2,0,0,0,0,,18,18,0,0,0,0
999,12900,"Batesville, AR                                              ",5,0,0,0,0,0,0,,9,3,0,0,6,1
132,12940,"Baton Rouge, LA                                             ",2,287,269,8,0,10,2,,1506,1351,14,0,141,19
310,12980,"Battle Creek, MI                                            ",2,5,5,0,0,0,0,,53,53,0,0,0,0
474,13020,"Bay City, MI                                                ",2,5,5,0,0,0,0,,14,14,0,0,0,0
288,13060,"Bay City, TX                                                ",5,21,21,0,0,0,0,,115,115,0,0,0,0
339,13100,"Beatrice, NE                                                ",5,3,3,0,0,0,0,,10,10,0,0,0,0
999,13140,"Beaumont-Port Arthur, TX                                    ",4,87,77,0,0,10,2,,406,364,4,7,31,6
376,13180,"Beaver Dam, WI                                              ",5,23,23,0,0,0,0,,142,83,14,0,45,4
999,13220,"Beckley, WV                                                 ",4,7,7,0,0,0,0,,27,27,0,0,0,0
144,13260,"Bedford, IN                                                 ",5,41,33,8,0,0,0,,56,46,10,0,0,0
999,13300,"Beeville, TX                                                ",5,2,2,0,0,0,0,,6,6,0,0,0,0
198,13340,"Bellefontaine, OH                                           ",5,11,11,0,0,0,0,,46,46,0,0,0,0
999,13380,"Bellingham, WA                                              ",4,58,58,0,0,0,0,,583,280,16,38,249,7
999,13420,"Bemidji, MN                                                 ",5,14,8,0,0,6,1,,55,20,0,0,35,6
999,13460,"Bend, OR                                                    ",4,224,138,2,0,84,3,,906,617,46,6,237,15
999,13540,"Bennington, VT                                              ",5,4,4,0,0,0,0,,28,28,0,0,0,0
266,13660,"Big Rapids, MI                                              ",5,14,14,0,0,0,0,,40,40,0,0,0,0
999,13700,"Big Spring, TX                                              ",5,1,1,0,0,0,0,,4,4,0,0,0,0
999,13740,"Billings, MT                                                ",4,88,74,14,0,0,0,,346,264,82,0,0,0
999,13780,"Binghamton, NY                                              ",4,29,12,0,0,17,3,,139,57,0,0,82,15
142,13820,"Birmingham, AL                                              ",2,310,280,2,0,28,1,,1618,1476,4,4,134,8
999,13860,"Bishop, CA                                                  ",5,1,1,0,0,0,0,,7,7,0,0,0,0
999,13900,"Bismarck, ND                                                ",4,66,62,4,0,0,0,,158,142,6,4,6,1
292,13940,"Blackfoot, ID                                               ",5,17,17,0,0,0,0,,105,101,4,0,0,0
999,13980,"Blacksburg-Christiansburg-Radford, VA                       ",4,41,41,0,0,0,0,,179,177,2,0,0,0
145,14010,"Bloomington, IL                                             ",2,16,16,0,0,0,0,,84,84,0,0,0,0
144,14020,"Bloomington, IN                                             ",2,45,31,6,0,8,1,,524,135,34,3,352,5
146,14100,"Bloomsburg-Berwick, PA                                      ",5,8,8,0,0,0,0,,38,38,0,0,0,0
999,14140,"Bluefield, WV-VA                                            ",5,6,6,0,0,0,0,,8,8,0,0,0,0
999,14180,"Blytheville, AR                                             ",5,6,6,0,0,0,0,,26,26,0,0,0,0
406,14220,"Bogalusa, LA                                                ",5,0,0,0,0,0,0,,2,0,2,0,0,0
147,14260,"Boise City, ID                                              ",2,849,728,28,0,93,11,,4332,3440,96,52,744,37
206,14300,"Bonham, TX                                                  ",5,5,5,0,0,0,0,,19,19,0,0,0,0
999,14380,"Boone, NC                                                   ",5,24,22,2,0,0,0,,356,92,4,0,260,5
108,14420,"Borger, TX                                                  ",5,0,0,0,0,0,0,,2,2,0,0,0,0
148,14460,"Boston-Cambridge-Newton, MA-NH                              ",2,921,326,24,27,544,37,,3907,1396,104,82,2325,149
216,14500,"Boulder, CO                                                 ",2,102,46,6,4,46,3,,675,224,14,11,426,11
150,14540,"Bowling Green, KY                                           ",2,132,69,0,0,63,1,,448,291,0,30,127,9
999,14580,"Bozeman, MT                                                 ",4,162,73,4,4,81,7,,708,387,34,32,255,18
999,14620,"Bradford, PA                                                ",5,2,2,0,0,0,0,,12,12,0,0,0,0
999,14660,"Brainerd, MN                                                ",5,168,78,2,3,85,2,,353,260,2,6,85,2
999,14700,"Branson, MO                                                 ",5,20,15,0,0,5,1,,88,78,0,0,10,2
313,14710,"Brattleboro, VT                                             ",5,10,10,0,0,0,0,,62,58,4,0,0,0
999,14720,"Breckenridge, CO                                            ",5,22,17,0,0,5,1,,120,93,0,3,24,4
500,14740,"Bremerton-Silverdale-Port Orchard, WA                       ",2,148,74,0,0,74,3,,589,302,2,6,279,5
288,14780,"Brenham, TX                                                 ",5,26,26,0,0,0,0,,76,73,0,3,0,0
120,14820,"Brevard, NC                                                 ",5,15,15,0,0,0,0,,89,84,0,0,5,1
408,14860,"Bridgeport-Stamford-Danbury, CT                             ",2,433,46,4,3,380,5,,913,192,16,22,683,13
482,14940,"Brigham City, UT-ID                                         ",5,53,53,0,0,0,0,,225,188,0,0,37,6
298,15020,"Brookhaven, MS                                              ",5,2,2,0,0,0,0,,4,4,0,0,0,0
152,15060,"Brookings, OR                                               ",5,3,3,0,0,0,0,,24,24,0,0,0,0
999,15100,"Brookings, SD                                               ",5,12,12,0,0,0,0,,188,74,0,0,114,1
154,15180,"Brownsville-Harlingen, TX                                   ",2,237,188,16,3,30,3,,1043,845,82,14,102,7
999,15220,"Brownwood, TX                                               ",5,11,11,0,0,0,0,,129,80,0,0,49,5
999,15260,"Brunswick-St.Simons, GA                                     ",4,72,55,4,3,10,1,,345,251,32,25,37,5
360,15340,"Bucyrus, OH                                                 ",5,0,0,0,0,0,0,,3,3,0,0,0,0
160,15380,"Buffalo-Cheektowaga, NY                                     ",2,170,78,6,0,86,4,,446,305,10,10,121,9
999,15420,"Burley, ID                                                  ",5,24,24,0,0,0,0,,97,89,0,3,5,1
161,15460,"Burlington, IA-IL                                           ",5,7,2,0,0,5,1,,43,12,0,3,28,4
268,15500,"Burlington, NC                                              ",2,304,175,0,0,129,7,,1151,898,8,4,241,19
162,15540,"Burlington-South Burlington, VT                             ",2,47,37,2,3,5,1,,328,186,20,18,104,5
999,15580,"Butte-Silver Bow, MT                                        ",5,16,6,2,3,5,1,,52,28,6,3,15,3
999,15620,"Cadillac, MI                                                ",5,22,12,0,0,10,2,,70,40,0,0,30,6
122,15660,"Calhoun, GA                                                 ",5,25,25,0,0,0,0,,146,146,0,0,0,0
548,15700,"Cambridge, MD                                               ",5,3,3,0,0,0,0,,28,28,0,0,0,0
198,15740,"Cambridge, OH                                               ",5,4,4,0,0,0,0,,25,25,0,0,0,0
999,15780,"Camden, AR                                                  ",5,0,0,0,0,0,0,,2,2,0,0,0,0
999,15820,"Campbellsville, KY                                          ",5,1,1,0,0,0,0,,5,5,0,0,0,0
444,15860,"Cañon City, CO                                              ",5,10,10,0,0,0,0,,46,46,0,0,0,0
427,15900,"Canton, IL                                                  ",5,0,0,0,0,0,0,,3,3,0,0,0,0
184,15940,"Canton-Massillon, OH                                        ",2,55,41,0,3,11,2,,249,181,6,21,41,7
163,15980,"Cape Coral-Fort Myers, FL                                   ",2,1266,762,76,0,428,14,,6612,4502,136,20,1954,48
164,16020,"Cape Girardeau, MO-IL                                       ",2,8,8,0,0,0,0,,33,33,0,0,0,0
166,16060,"Carbondale, IL                                              ",5,1,1,0,0,0,0,,5,5,0,0,0,0
999,16100,"Carlsbad-Artesia, NM                                        ",5,14,14,0,0,0,0,,76,76,0,0,0,0
999,16140,"Carroll, IA                                                 ",5,2,2,0,0,0,0,,13,13,0,0,0,0
456,16180,"Carson City, NV                                             ",2,19,19,0,0,0,0,,339,114,0,0,225,6
999,16220,"Casper, WY                                                  ",4,37,37,0,0,0,0,,110,110,0,0,0,0
999,16260,"Cedar City, UT                                              ",5,53,53,0,0,0,0,,298,298,0,0,0,0
168,16300,"Cedar Rapids, IA                                            ",2,56,50,6,0,0,0,,222,159,36,3,24,2
122,16340,"Cedartown, GA                                               ",5,7,7,0,0,0,0,,53,53,0,0,0,0
338,16380,"Celina, OH                                                  ",5,3,3,0,0,0,0,,24,24,0,0,0,0
476,16460,"Centralia, IL                                               ",5,3,0,0,3,0,0,,5,2,0,3,0,0
500,16500,"Centralia, WA                                               ",5,35,35,0,0,0,0,,197,157,4,36,0,0
548,16540,"Chambersburg, PA                                            ",2,66,48,0,7,11,2,,443,318,68,7,50,5
169,16580,"Champaign-Urbana, IL                                        ",2,39,31,0,0,8,1,,311,117,4,0,190,5
170,16620,"Charleston, WV                                              ",2,14,12,2,0,0,0,,64,62,2,0,0,0
999,16660,"Charleston-Mattoon, IL                                      ",5,6,1,0,0,5,1,,7,2,0,0,5,1
999,16700,"Charleston-North Charleston, SC                             ",4,749,634,4,11,100,11,,3579,2779,32,102,666,77
172,16740,"Charlotte-Concord-Gastonia, NC-SC                           ",2,1571,1526,8,0,37,5,,10447,7846,54,0,2547,72
999,16820,"Charlottesville, VA                                         ",4,136,102,0,0,34,3,,600,478,2,9,111,12
174,16860,"Chattanooga, TN-GA                                          ",2,260,187,16,15,42,6,,1281,987,46,53,195,17
999,16940,"Cheyenne, WY                                                ",4,41,27,0,4,10,2,,191,140,2,39,10,2
176,16980,"Chicago-Naperville-Elgin, IL-IN                             ",2,1964,850,38,26,1050,29,,6241,3710,130,226,2175,113
999,17020,"Chico, CA                                                   ",4,125,58,6,0,61,1,,460,282,14,0,164,3
198,17060,"Chillicothe, OH                                             ",5,2,2,0,0,0,0,,11,9,2,0,0,0
178,17140,"Cincinnati, OH-KY-IN                                        ",2,584,436,16,0,132,10,,3160,1870,122,64,1104,57
242,17220,"Clarksburg, WV                                              ",5,13,13,0,0,0,0,,59,45,2,0,12,1
368,17260,"Clarksdale, MS                                              ",5,3,3,0,0,0,0,,11,11,0,0,0,0
999,17300,"Clarksville, TN-KY                                          ",4,303,157,6,8,132,11,,1619,869,18,24,708,64
999,17340,"Clearlake, CA                                               ",5,9,4,0,0,5,1,,35,20,0,0,15,3
999,17380,"Cleveland, MS                                               ",5,2,2,0,0,0,0,,6,6,0,0,0,0
184,17410,"Cleveland, OH                                               ",2,413,286,0,0,127,6,,1340,1156,0,26,158,12
174,17420,"Cleveland, TN                                               ",2,85,85,0,0,0,0,,464,442,2,20,0,0
163,17500,"Clewiston, FL                                               ",5,46,46,0,0,0,0,,296,296,0,0,0,0
209,17540,"Clinton, IA                                                 ",5,10,3,2,0,5,1,,41,18,8,0,15,3
999,17580,"Clovis, NM                                                  ",5,2,2,0,0,0,0,,30,12,18,0,0,0
999,17650,"Cody, WY                                                    ",5,21,19,2,0,0,0,,67,65,2,0,0,0
518,17660,"Coeur dAlene, ID                                            ",2,151,133,4,3,11,1,,721,496,24,9,192,11
999,17740,"Coldwater, MI                                               ",5,4,4,0,0,0,0,,16,16,0,0,0,0
999,17780,"College Station-Bryan, TX                                   ",4,191,191,0,0,0,0,,850,812,38,0,0,0
999,17820,"Colorado Springs, CO                                        ",4,685,297,0,0,388,7,,2264,1300,94,0,870,16
190,17860,"Columbia, MO                                                ",2,123,61,12,0,50,1,,356,287,16,3,50,1
192,17900,"Columbia, SC                                                ",2,530,528,2,0,0,0,,2271,2081,36,154,0,0
194,17980,"Columbus, GA-AL                                             ",2,51,51,0,0,0,0,,272,257,0,0,15,3
294,18020,"Columbus, IN                                                ",2,22,22,0,0,0,0,,81,77,4,0,0,0
523,18060,"Columbus, MS                                                ",5,9,9,0,0,0,0,,57,57,0,0,0,0
999,18100,"Columbus, NE                                                ",5,9,5,4,0,0,0,,302,46,6,16,234,5
198,18140,"Columbus, OH                                                ",2,2292,487,4,19,1782,66,,7460,2351,70,276,4763,161
148,18180,"Concord, NH                                                 ",5,26,23,0,3,0,0,,91,85,0,6,0,0
458,18220,"Connersville, IN                                            ",5,0,0,0,0,0,0,,4,4,0,0,0,0
999,18260,"Cookeville, TN                                              ",5,31,27,4,0,0,0,,292,288,4,0,0,0
999,18300,"Coos Bay-North Bend, OR                                     ",5,10,8,2,0,0,0,,50,38,4,3,5,1
371,18340,"Corbin, KY                                                  ",5,8,1,4,3,0,0,,47,6,14,6,21,2
999,18380,"Cordele, GA                                                 ",5,2,2,0,0,0,0,,11,11,0,0,0,0
539,18420,"Corinth, MS                                                 ",5,2,2,0,0,0,0,,8,8,0,0,0,0
122,18460,"Cornelia, GA                                                ",5,63,63,0,0,0,0,,149,141,0,3,5,1
236,18500,"Corning, NY                                                 ",5,14,14,0,0,0,0,,63,63,0,0,0,0
204,18580,"Corpus Christi, TX                                          ",2,199,187,2,0,10,2,,1189,1045,10,4,130,11
206,18620,"Corsicana, TX                                               ",5,39,39,0,0,0,0,,218,212,6,0,0,0
296,18660,"Cortland, NY                                                ",5,2,2,0,0,0,0,,12,9,0,3,0,0
440,18700,"Corvallis, OR                                               ",2,9,9,0,0,0,0,,38,34,0,4,0,0
184,18740,"Coshocton, OH                                               ",5,0,0,0,0,0,0,,2,2,0,0,0,0
294,18820,"Crawfordsville, IN                                          ",5,12,12,0,0,0,0,,40,36,4,0,0,0
152,18860,"Crescent City, CA                                           ",5,26,2,0,0,24,1,,52,7,2,0,43,2
999,18880,"Crestview-Fort Walton Beach-Destin, FL                      ",4,394,224,2,0,168,6,,1895,984,46,0,865,44
999,18900,"Crossville, TN                                              ",5,7,7,0,0,0,0,,47,47,0,0,0,0
142,18980,"Cullman, AL                                                 ",5,14,14,0,0,0,0,,86,86,0,0,0,0
999,19060,"Cumberland, MD-WV                                           ",5,9,4,0,0,5,1,,38,31,2,0,5,1
206,19100,"Dallas-Fort Worth-Arlington, TX                             ",2,5201,3769,128,252,1052,58,,29030,18970,640,593,8827,405
174,19140,"Dalton, GA                                                  ",2,45,33,4,3,5,1,,232,181,24,12,15,3
169,19180,"Danville, IL                                                ",5,1,1,0,0,0,0,,4,4,0,0,0,0
999,19220,"Danville, KY                                                ",5,22,22,0,0,0,0,,91,91,0,0,0,0
999,19260,"Danville, VA                                                ",5,8,8,0,0,0,0,,37,37,0,0,0,0
380,19300,"Daphne-Fairhope-Foley, AL                                   ",2,298,288,0,0,10,1,,1234,1167,4,0,63,3
209,19340,"Davenport-Moline-Rock Island, IA-IL                         ",2,64,49,4,4,7,1,,203,150,12,19,22,4
212,19430,"Dayton-Kettering-Beavercreek, OH                            ",2,182,143,2,3,34,2,,781,540,8,49,184,16
290,19460,"Decatur, AL                                                 ",2,11,11,0,0,0,0,,104,104,0,0,0,0
999,19500,"Decatur, IL                                                 ",4,3,3,0,0,0,0,,10,10,0,0,0,0
258,19540,"Decatur, IN                                                 ",5,7,7,0,0,0,0,,26,26,0,0,0,0
999,19580,"Defiance, OH                                                ",5,4,4,0,0,0,0,,13,13,0,0,0,0
999,19620,"Del Rio, TX                                                 ",5,7,7,0,0,0,0,,33,33,0,0,0,0
422,19660,"Deltona-Daytona Beach-Ormond Beach, FL                      ",2,483,353,14,96,20,3,,2478,2178,66,136,98,8
999,19700,"Deming, NM                                                  ",5,0,0,0,0,0,0,,1,1,0,0,0,0
216,19740,"Denver-Aurora-Centennial, CO                                ",2,1860,683,0,24,1153,28,,6839,3644,18,79,3098,89
324,19760,"DeRidder, LA                                                ",5,5,5,0,0,0,0,,36,36,0,0,0,0
218,19780,"Des Moines-West Des Moines, IA                              ",2,374,287,10,16,61,3,,2598,1451,14,16,1117,14
999,19810,"Detroit Lakes, MN                                           ",5,18,18,0,0,0,0,,49,49,0,0,0,0
220,19820,"Detroit-Warren-Dearborn, MI                                 ",2,745,502,50,19,174,10,,3066,1903,236,78,849,31
999,19860,"Dickinson, ND                                               ",5,12,12,0,0,0,0,,43,43,0,0,0,0
221,19940,"Dixon, IL                                                   ",5,1,1,0,0,0,0,,8,8,0,0,0,0
999,19980,"Dodge City, KS                                              ",5,4,4,0,0,0,0,,28,28,0,0,0,0
222,20020,"Dothan, AL                                                  ",2,39,31,0,0,8,1,,181,161,12,0,8,1
999,20060,"Douglas, GA                                                 ",5,9,9,0,0,0,0,,41,38,0,3,0,0
428,20100,"Dover, DE                                                   ",2,89,85,4,0,0,0,,474,418,20,0,36,1
999,20140,"Dublin, GA                                                  ",5,2,2,0,0,0,0,,16,16,0,0,0,0
524,20180,"DuBois, PA                                                  ",5,4,4,0,0,0,0,,39,34,0,0,5,1
999,20220,"Dubuque, IA                                                 ",4,9,9,0,0,0,0,,66,64,2,0,0,0
228,20260,"Duluth, MN-WI                                               ",2,42,42,0,0,0,0,,208,129,4,0,75,1
999,20300,"Dumas, TX                                                   ",5,4,2,2,0,0,0,,8,6,2,0,0,0
334,20340,"Duncan, OK                                                  ",5,1,1,0,0,0,0,,9,9,0,0,0,0
999,20420,"Durango, CO                                                 ",5,70,16,0,0,54,3,,173,61,4,0,108,6
206,20460,"Durant, OK                                                  ",5,13,6,2,0,5,1,,94,75,14,0,5,1
450,20500,"Durham-Chapel Hill, NC                                      ",2,332,266,4,0,62,2,,2117,1233,32,3,849,24
999,20540,"Dyersburg, TN                                               ",5,4,4,0,0,0,0,,32,32,0,0,0,0
999,20580,"Eagle Pass, TX                                              ",4,5,5,0,0,0,0,,33,27,6,0,0,0
106,20700,"East Stroudsburg, PA                                        ",5,18,18,0,0,0,0,,109,109,0,0,0,0
548,20660,"Easton, MD                                                  ",5,9,9,0,0,0,0,,136,136,0,0,0,0
232,20740,"Eau Claire, WI                                              ",2,354,39,10,0,305,5,,515,122,32,4,357,10
233,20780,"Edwards, CO                                                 ",5,15,15,0,0,0,0,,74,59,0,0,15,3
999,20820,"Effingham, IL                                               ",5,6,6,0,0,0,0,,20,12,0,0,8,1
288,20900,"El Campo, TX                                                ",5,11,11,0,0,0,0,,81,61,0,0,20,4
999,20940,"El Centro, CA                                               ",4,21,16,0,0,5,1,,91,82,4,0,5,1
999,20980,"El Dorado, AR                                               ",5,1,1,0,0,0,0,,10,10,0,0,0,0
238,21340,"El Paso, TX                                                 ",2,205,179,10,6,10,2,,988,878,34,21,55,8
545,21020,"Elizabeth City, NC                                          ",5,14,14,0,0,0,0,,68,68,0,0,0,0
350,21060,"Elizabethtown, KY                                           ",2,63,49,10,4,0,0,,242,180,18,4,40,5
555,21120,"Elk City, OK                                                ",5,0,0,0,0,0,0,,6,6,0,0,0,0
515,21140,"Elkhart-Goshen, IN                                          ",2,37,37,0,0,0,0,,294,136,10,0,148,8
999,21180,"Elkins, WV                                                  ",5,0,0,0,0,0,0,,0,0,0,0,0,0
999,21220,"Elko, NV                                                    ",5,12,12,0,0,0,0,,46,46,0,0,0,0
999,21260,"Ellensburg, WA                                              ",5,34,34,0,0,0,0,,134,134,0,0,0,0
236,21300,"Elmira, NY                                                  ",2,7,2,0,0,5,1,,43,18,0,0,25,5
999,21380,"Emporia, KS                                                 ",5,6,4,2,0,0,0,,23,16,4,3,0,0
999,21420,"Enid, OK                                                    ",4,2,2,0,0,0,0,,6,6,0,0,0,0
222,21460,"Enterprise, AL                                              ",5,12,12,0,0,0,0,,82,82,0,0,0,0
240,21500,"Erie, PA                                                    ",2,16,16,0,0,0,0,,65,65,0,0,0,0
999,21540,"Escanaba, MI                                                ",5,3,3,0,0,0,0,,17,15,2,0,0,0
999,21640,"Eufaula, AL-GA                                              ",5,2,2,0,0,0,0,,13,13,0,0,0,0
999,21660,"Eugene-Springfield, OR                                      ",4,102,70,2,0,30,3,,403,338,4,8,53,6
999,21700,"Eureka-Arcata, CA                                           ",5,15,15,0,0,0,0,,180,62,4,11,103,4
999,21740,"Evanston, WY-UT                                             ",5,10,10,0,0,0,0,,60,60,0,0,0,0
241,21780,"Evansville, IN                                              ",2,55,51,4,0,0,0,,296,249,44,3,0,0
999,21820,"Fairbanks-College, AK                                       ",4,7,2,0,0,5,1,,8,3,0,0,5,1
999,21860,"Fairmont, MN                                                ",5,1,1,0,0,0,0,,9,7,2,0,0,0
242,21900,"Fairmont, WV                                                ",5,2,2,0,0,0,0,,7,7,0,0,0,0
456,21980,"Fallon, NV                                                  ",5,2,2,0,0,0,0,,17,17,0,0,0,0
244,22020,"Fargo, ND-MN                                                ",2,184,182,2,0,0,0,,409,348,2,8,51,1
378,22060,"Faribault-Northfield, MN                                    ",5,16,16,0,0,0,0,,41,41,0,0,0,0
476,22100,"Farmington, MO                                              ",5,6,3,0,3,0,0,,44,34,2,3,5,1
999,22140,"Farmington, NM                                              ",4,5,5,0,0,0,0,,32,32,0,0,0,0
246,22180,"Fayetteville, NC                                            ",2,87,83,4,0,0,0,,1292,582,4,0,706,15
290,22190,"Fayetteville, TN                                            ",5,10,10,0,0,0,0,,59,54,2,3,0,0
999,22220,"Fayetteville-Springdale-Rogers, AR                          ",4,416,381,32,3,0,0,,3304,2470,164,14,656,38
999,22260,"Fergus Falls, MN                                            ",5,4,4,0,0,0,0,,42,19,8,0,15,3
248,22300,"Findlay, OH                                                 ",5,32,10,0,4,18,3,,86,33,4,14,35,6
999,22340,"Fitzgerald, GA                                              ",5,0,0,0,0,0,0,,7,7,0,0,0,0
999,22380,"Flagstaff, AZ                                               ",4,29,26,0,3,0,0,,311,146,22,3,140,7
220,22420,"Flint, MI                                                   ",2,46,37,0,0,9,1,,178,164,0,0,14,2
999,22500,"Florence, SC                                                ",4,63,61,2,0,0,0,,312,297,10,0,5,1
250,22520,"Florence-Muscle Shoals, AL                                  ",2,13,13,0,0,0,0,,106,79,0,0,27,5
999,22540,"Fond du Lac, WI                                             ",4,21,17,4,0,0,0,,74,66,8,0,0,0
999,22580,"Forest City, NC                                             ",5,28,28,0,0,0,0,,133,85,2,0,46,3
368,22620,"Forrest City, AR                                            ",5,0,0,0,0,0,0,,0,0,0,0,0,0
999,22660,"Fort Collins, CO                                            ",4,112,63,0,0,49,3,,1076,509,8,4,555,18
999,22700,"Fort Dodge, IA                                              ",5,3,3,0,0,0,0,,10,10,0,0,0,0
999,22780,"Fort Leonard Wood, MO                                       ",5,6,6,0,0,0,0,,24,24,0,0,0,0
161,22800,"Fort Madison, IA                                            ",5,6,1,0,0,5,1,,17,7,0,0,10,2
999,22820,"Fort Morgan, CO                                             ",5,19,3,2,3,11,1,,59,23,4,9,23,2
290,22840,"Fort Payne, AL                                              ",5,4,4,0,0,0,0,,22,22,0,0,0,0
999,22900,"Fort Smith, AR-OK                                           ",4,23,17,6,0,0,0,,243,103,130,10,0,0
258,23060,"Fort Wayne, IN                                              ",2,114,112,2,0,0,0,,636,594,2,0,40,2
320,23140,"Frankfort, IN                                               ",5,7,7,0,0,0,0,,32,30,2,0,0,0
336,23180,"Frankfort, KY                                               ",5,31,31,0,0,0,0,,96,96,0,0,0,0
150,23190,"Franklin, KY                                                ",5,13,13,0,0,0,0,,254,78,4,4,168,14
484,23240,"Fredericksburg, TX                                          ",5,5,5,0,0,0,0,,27,27,0,0,0,0
466,23300,"Freeport, IL                                                ",5,3,3,0,0,0,0,,8,8,0,0,0,0
420,23340,"Fremont, NE                                                 ",5,9,3,2,4,0,0,,21,11,6,4,0,0
184,23380,"Fremont, OH                                                 ",5,4,4,0,0,0,0,,15,15,0,0,0,0
260,23420,"Fresno, CA                                                  ",2,306,180,4,0,122,2,,1381,1161,6,0,214,13
999,23460,"Gadsden, AL                                                 ",4,7,7,0,0,0,0,,43,43,0,0,0,0
273,23500,"Gaffney, SC                                                 ",5,13,11,2,0,0,0,,72,62,10,0,0,0
264,23540,"Gainesville, FL                                             ",2,178,93,0,0,85,1,,977,509,4,0,464,7
122,23580,"Gainesville, GA                                             ",2,187,168,0,3,16,3,,741,657,2,17,65,11
206,23620,"Gainesville, TX                                             ",5,12,12,0,0,0,0,,40,38,2,0,0,0
999,23660,"Galesburg, IL                                               ",5,0,0,0,0,0,0,,0,0,0,0,0,0
999,23680,"Gallipolis, OH                                              ",5,0,0,0,0,0,0,,0,0,0,0,0,0
999,23700,"Gallup, NM                                                  ",5,0,0,0,0,0,0,,1,1,0,0,0,0
999,23780,"Garden City, KS                                             ",5,3,3,0,0,0,0,,17,14,0,3,0,0
456,23820,"Gardnerville Ranchos, NV-CA                                 ",5,43,43,0,0,0,0,,162,162,0,0,0,0
276,23900,"Gettysburg, PA                                              ",2,34,34,0,0,0,0,,196,196,0,0,0,0
999,23940,"Gillette, WY                                                ",5,1,1,0,0,0,0,,6,6,0,0,0,0
150,23980,"Glasgow, KY                                                 ",5,10,10,0,0,0,0,,80,80,0,0,0,0
104,24020,"Glens Falls, NY                                             ",2,26,21,0,0,5,1,,107,95,2,0,10,2
104,24100,"Gloversville, NY                                            ",5,5,5,0,0,0,0,,46,31,0,0,15,3
999,24140,"Goldsboro, NC                                               ",4,107,107,0,0,0,0,,470,470,0,0,0,0
206,24180,"Granbury, TX                                                ",5,29,29,0,0,0,0,,114,114,0,0,0,0
999,24220,"Grand Forks, ND-MN                                          ",4,29,24,0,0,5,1,,79,67,2,0,10,2
999,24260,"Grand Island, NE                                            ",4,30,18,0,12,0,0,,86,45,6,22,13,2
999,24300,"Grand Junction, CO                                          ",4,73,69,4,0,0,0,,331,270,10,0,51,2
228,24330,"Grand Rapids, MN                                            ",5,24,24,0,0,0,0,,38,38,0,0,0,0
266,24340,"Grand Rapids-Wyoming-Kentwood, MI                           ",2,267,236,4,0,27,3,,1576,1112,16,30,418,21
366,24420,"Grants Pass, OR                                             ",2,20,12,8,0,0,0,,132,69,12,0,51,1
999,24460,"Great Bend, KS                                              ",5,0,0,0,0,0,0,,0,0,0,0,0,0
999,24500,"Great Falls, MT                                             ",4,13,13,0,0,0,0,,70,64,2,4,0,0
216,24540,"Greeley, CO                                                 ",2,257,252,0,0,5,1,,1351,1172,10,24,145,22
267,24580,"Green Bay, WI                                               ",2,141,60,14,0,67,3,,549,357,28,0,164,12
294,24600,"Greencastle, IN                                             ",5,18,18,0,0,0,0,,41,41,0,0,0,0
304,24620,"Greeneville, TN                                             ",5,27,27,0,0,0,0,,126,126,0,0,0,0
521,24640,"Greenfield, MA                                              ",5,5,5,0,0,0,0,,22,22,0,0,0,0
268,24660,"Greensboro-High Point, NC                                   ",2,478,238,56,0,184,5,,1490,1188,60,0,242,8
294,24700,"Greensburg, IN                                              ",5,6,6,0,0,0,0,,21,21,0,0,0,0
999,24740,"Greenville, MS                                              ",5,1,1,0,0,0,0,,3,3,0,0,0,0
274,24780,"Greenville, NC                                              ",2,86,86,0,0,0,0,,771,701,70,0,0,0
212,24820,"Greenville, OH                                              ",5,7,7,0,0,0,0,,19,19,0,0,0,0
273,24860,"Greenville-Anderson-Greer, SC                               ",2,1098,785,24,3,286,2,,4416,3399,164,3,850,26
999,24900,"Greenwood, MS                                               ",5,0,0,0,0,0,0,,8,3,0,0,5,1
273,24940,"Greenwood, SC                                               ",5,34,34,0,0,0,0,,133,133,0,0,0,0
999,24980,"Grenada, MS                                                 ",5,7,2,0,0,5,1,,44,7,0,0,37,7
999,25060,"Gulfport-Biloxi, MS                                         ",4,352,252,28,0,72,1,,1447,1233,32,8,174,12
999,25100,"Guymon, OK                                                  ",5,1,1,0,0,0,0,,3,3,0,0,0,0
548,25180,"Hagerstown-Martinsburg, MD-WV                               ",2,244,84,0,0,160,2,,715,549,6,0,160,2
999,25200,"Hailey, ID                                                  ",5,27,23,4,0,0,0,,62,53,4,0,5,1
132,25220,"Hammond, LA                                                 ",2,61,56,0,0,5,1,,531,358,2,0,171,7
260,25260,"Hanford-Corcoran, CA                                        ",2,65,28,0,3,34,2,,227,155,6,9,57,6
448,25300,"Hannibal, MO                                                ",5,3,3,0,0,0,0,,22,20,2,0,0,0
276,25420,"Harrisburg-Carlisle, PA                                     ",2,97,82,0,0,15,3,,498,390,2,20,86,13
999,25460,"Harrison, AR                                                ",5,3,1,2,0,0,0,,55,7,6,0,42,3
277,25500,"Harrisonburg, VA                                            ",2,57,49,8,0,0,0,,401,281,24,0,96,4
405,25540,"Hartford-West Hartford-East Hartford, CT                    ",2,67,46,0,0,21,2,,490,244,6,7,233,9
999,25580,"Hastings, NE                                                ",5,5,5,0,0,0,0,,20,20,0,0,0,0
279,25620,"Hattiesburg, MS                                             ",2,12,12,0,0,0,0,,46,46,0,0,0,0
999,25700,"Hays, KS                                                    ",5,3,3,0,0,0,0,,15,13,2,0,0,0
482,25720,"Heber, UT                                                   ",5,137,72,0,0,65,5,,692,416,2,4,270,11
999,25740,"Helena, MT                                                  ",4,54,14,0,22,18,3,,104,55,6,25,18,3
408,25770,"Hemlock Farms, PA                                           ",5,11,11,0,0,0,0,,65,65,0,0,0,0
241,25775,"Henderson, KY                                               ",5,6,6,0,0,0,0,,80,30,2,0,48,2
450,25780,"Henderson, NC                                               ",5,54,54,0,0,0,0,,79,79,0,0,0,0
999,25820,"Hereford, TX                                                ",5,5,1,4,0,0,0,,13,5,8,0,0,0
999,25840,"Hermiston-Pendleton, OR                                     ",5,31,25,6,0,0,0,,123,113,10,0,0,0
430,25850,"Hermitage, PA                                               ",5,3,3,0,0,0,0,,30,30,0,0,0,0
172,25860,"Hickory-Lenoir-Morganton, NC                                ",2,257,203,14,0,40,3,,1360,1030,60,4,266,15
999,25880,"Hillsdale, MI                                               ",5,4,4,0,0,0,0,,29,22,0,0,7,1
999,25900,"Hilo-Kailua, HI                                             ",5,85,85,0,0,0,0,,551,549,2,0,0,0
999,25940,"Hilton Head Island-Bluffton-Port Royal, SC                  ",4,199,196,0,3,0,0,,1167,1086,0,6,75,3
496,25980,"Hinesville, GA                                              ",2,46,46,0,0,0,0,,221,221,0,0,0,0
999,26020,"Hobbs, NM                                                   ",5,14,14,0,0,0,0,,46,46,0,0,0,0
266,26090,"Holland, MI                                                 ",5,43,43,0,0,0,0,,173,165,8,0,0,0
999,26140,"Homosassa Springs, FL                                       ",4,207,197,4,0,6,1,,938,926,6,0,6,1
999,26220,"Hood River, OR                                              ",5,7,7,0,0,0,0,,147,14,0,3,130,6
284,26300,"Hot Springs, AR                                             ",2,7,7,0,0,0,0,,50,50,0,0,0,0
999,26340,"Houghton, MI                                                ",5,12,10,2,0,0,0,,41,37,4,0,0,0
999,26380,"Houma-Bayou Cane-Thibodaux, LA                              ",4,56,44,12,0,0,0,,283,269,14,0,0,0
288,26420,"Houston-Pasadena-The Woodlands, TX                          ",2,5811,4596,278,0,937,53,,29716,21983,902,54,6777,230
104,26460,"Hudson, NY                                                  ",5,8,8,0,0,0,0,,56,56,0,0,0,0
107,26500,"Huntingdon, PA                                              ",5,6,6,0,0,0,0,,24,24,0,0,0,0
258,26540,"Huntington, IN                                              ",5,5,5,0,0,0,0,,23,23,0,0,0,0
170,26580,"Huntington-Ashland, WV-KY-OH                                ",2,44,22,2,0,20,1,,170,97,24,9,40,2
290,26620,"Huntsville, AL                                              ",2,319,292,0,12,15,3,,1797,1482,2,24,289,7
288,26660,"Huntsville, TX                                              ",5,40,40,0,0,0,0,,252,252,0,0,0,0
999,26700,"Huron, SD                                                   ",5,2,2,0,0,0,0,,9,9,0,0,0,0
999,26740,"Hutchinson, KS                                              ",5,2,2,0,0,0,0,,12,12,0,0,0,0
378,26780,"Hutchinson, MN                                              ",5,4,4,0,0,0,0,,15,15,0,0,0,0
292,26820,"Idaho Falls, ID                                             ",2,81,81,0,0,0,0,,716,393,0,8,315,13
430,26860,"Indiana, PA                                                 ",5,3,3,0,0,0,0,,13,13,0,0,0,0
294,26900,"Indianapolis-Carmel-Greenwood, IN                           ",2,1234,908,4,4,318,15,,4648,3989,70,18,571,35
168,26980,"Iowa City, IA                                               ",2,58,47,0,3,8,1,,507,174,12,7,314,9
361,27020,"Iron Mountain, MI-WI                                        ",5,10,7,0,3,0,0,,38,29,0,9,0,0
296,27060,"Ithaca, NY                                                  ",2,62,5,0,0,57,2,,215,53,8,0,154,11
999,27100,"Jackson, MI                                                 ",4,35,20,0,0,15,1,,99,78,0,0,21,2
298,27140,"Jackson, MS                                                 ",2,125,125,0,0,0,0,,487,484,0,3,0,0
999,27180,"Jackson, TN                                                 ",4,44,40,4,0,0,0,,186,182,4,0,0,0
999,27220,"Jackson, WY-ID                                              ",5,34,34,0,0,0,0,,170,159,0,6,5,1
300,27260,"Jacksonville, FL                                            ",2,1194,918,0,0,276,8,,5898,4194,30,0,1674,58
522,27300,"Jacksonville, IL                                            ",5,0,0,0,0,0,0,,3,1,2,0,0,0
999,27340,"Jacksonville, NC                                            ",4,114,114,0,0,0,0,,725,713,12,0,0,0
540,27380,"Jacksonville, TX                                            ",5,1,1,0,0,0,0,,14,14,0,0,0,0
999,27420,"Jamestown, ND                                               ",5,2,2,0,0,0,0,,7,7,0,0,0,0
999,27460,"Jamestown-Dunkirk, NY                                       ",5,7,7,0,0,0,0,,55,55,0,0,0,0
357,27500,"Janesville-Beloit, WI                                       ",2,22,22,0,0,0,0,,149,117,16,0,16,2
999,27540,"Jasper, IN                                                  ",5,23,3,20,0,0,0,,77,57,20,0,0,0
190,27620,"Jefferson City, MO                                          ",2,19,19,0,0,0,0,,91,85,0,6,0,0
122,27600,"Jefferson, GA                                               ",5,163,158,0,0,5,1,,845,829,0,0,16,3
496,27700,"Jesup, GA                                                   ",5,8,8,0,0,0,0,,49,45,4,0,0,0
304,27740,"Johnson City, TN                                            ",2,97,90,4,3,0,0,,414,400,6,3,5,1
306,27780,"Johnstown, PA                                               ",2,13,10,0,3,0,0,,27,24,0,3,0,0
308,27860,"Jonesboro, AR                                               ",2,77,49,6,17,5,1,,454,279,38,85,52,8
309,27900,"Joplin, MO-KS                                               ",2,72,63,4,0,5,1,,260,215,22,3,20,4
999,27940,"Juneau, AK                                                  ",5,11,3,0,8,0,0,,75,8,0,8,59,2
999,27980,"Kahului-Wailuku, HI                                         ",4,137,83,10,0,44,2,,575,307,64,0,204,6
310,28020,"Kalamazoo-Portage, MI                                       ",2,31,27,4,0,0,0,,241,237,4,0,0,0
999,28060,"Kalispell, MT                                               ",5,19,15,4,0,0,0,,152,72,4,0,76,7
176,28100,"Kankakee, IL                                                ",2,10,10,0,0,0,0,,53,50,0,3,0,0
312,28140,"Kansas City, MO-KS                                          ",2,625,501,8,36,80,3,,3518,2072,54,96,1296,55
999,28180,"Kapaa, HI                                                   ",5,13,13,0,0,0,0,,76,76,0,0,0,0
999,28260,"Kearney, NE                                                 ",5,9,9,0,0,0,0,,54,54,0,0,0,0
313,28300,"Keene, NH                                                   ",5,11,11,0,0,0,0,,57,51,0,6,0,0
258,28340,"Kendallville, IN                                            ",5,14,14,0,0,0,0,,56,56,0,0,0,0
999,28380,"Kennett, MO                                                 ",5,2,2,0,0,0,0,,10,10,0,0,0,0
314,28420,"Kennewick-Richland, WA                                      ",2,167,134,2,0,31,1,,951,606,44,10,291,14
176,28450,"Kenosha, WI                                                 ",2,32,14,18,0,0,0,,335,71,86,0,178,2
484,28500,"Kerrville, TX                                               ",5,30,8,0,0,22,1,,64,42,0,0,22,1
999,28540,"Ketchikan, AK                                               ",5,23,3,0,4,16,3,,31,9,2,4,16,3
370,28580,"Key West-Key Largo, FL                                      ",5,25,20,0,0,5,1,,118,113,0,0,5,1
545,28620,"Kill Devil Hills, NC                                        ",5,26,26,0,0,0,0,,138,138,0,0,0,0
999,28660,"Killeen-Temple, TX                                          ",4,275,250,22,3,0,0,,1468,1144,216,6,102,1
300,28680,"Kingsland, GA                                               ",5,40,32,2,0,6,1,,215,203,6,0,6,1
304,28700,"Kingsport-Bristol, TN-VA                                    ",2,76,76,0,0,0,0,,530,297,2,0,231,11
408,28740,"Kingston, NY                                                ",2,41,27,4,0,10,1,,232,95,6,6,125,4
204,28780,"Kingsville, TX                                              ",5,1,1,0,0,0,0,,9,9,0,0,0,0
999,28820,"Kinston, NC                                                 ",5,8,8,0,0,0,0,,56,54,2,0,0,0
999,28860,"Kirksville, MO                                              ",5,2,2,0,0,0,0,,6,6,0,0,0,0
408,28880,"Kiryas Joel-Poughkeepsie-Newburgh, NY                       ",2,214,61,0,3,150,10,,799,328,14,20,437,36
999,28900,"Klamath Falls, OR                                           ",5,14,14,0,0,0,0,,36,36,0,0,0,0
315,28940,"Knoxville, TN                                               ",2,531,449,0,0,82,3,,3094,2060,2,7,1025,42
294,29020,"Kokomo, IN                                                  ",2,5,5,0,0,0,0,,46,46,0,0,0,0
317,29100,"La Crosse-Onalaska, WI-MN                                   ",2,127,37,8,0,82,1,,229,131,16,0,82,1
999,29260,"La Grande, OR                                               ",5,8,8,0,0,0,0,,22,22,0,0,0,0
148,29060,"Laconia, NH                                                 ",5,58,52,6,0,0,0,,137,123,14,0,0,0
318,29180,"Lafayette, LA                                               ",2,180,180,0,0,0,0,,982,980,2,0,0,0
320,29200,"Lafayette-West Lafayette, IN                                ",2,132,42,2,0,88,2,,2296,229,4,3,2060,16
122,29300,"LaGrange, GA-AL                                             ",5,28,22,6,0,0,0,,215,205,10,0,0,0
324,29340,"Lake Charles, LA                                            ",2,48,48,0,0,0,0,,258,258,0,0,0,0
264,29380,"Lake City, FL                                               ",5,13,13,0,0,0,0,,80,76,0,4,0,0
999,29420,"Lake Havasu City-Kingman, AZ                                ",4,245,245,0,0,0,0,,1069,994,8,3,64,4
548,29470,"Lake of the Woods, VA                                       ",5,24,24,0,0,0,0,,153,153,0,0,0,0
422,29460,"Lakeland-Winter Haven, FL                                   ",2,665,614,16,12,23,2,,4273,2988,84,15,1186,107
999,29540,"Lancaster, PA                                               ",4,100,61,0,0,39,3,,691,336,4,8,343,22
330,29620,"Lansing-East Lansing, MI                                    ",2,85,55,0,4,26,1,,327,232,4,4,87,6
999,29660,"Laramie, WY                                                 ",5,14,14,0,0,0,0,,32,32,0,0,0,0
999,29700,"Laredo, TX                                                  ",4,122,99,0,6,17,3,,623,489,6,18,110,12
238,29740,"Las Cruces, NM                                              ",2,73,67,6,0,0,0,,378,352,20,6,0,0
105,29780,"Las Vegas, NM                                               ",5,0,0,0,0,0,0,,0,0,0,0,0,0
332,29820,"Las Vegas-Henderson-North Las Vegas, NV                     ",2,1308,1041,0,0,267,8,,7599,4740,408,116,2335,88
279,29860,"Laurel, MS                                                  ",5,0,0,0,0,0,0,,2,2,0,0,0,0
246,29900,"Laurinburg, NC                                              ",5,3,3,0,0,0,0,,18,18,0,0,0,0
312,29940,"Lawrence, KS                                                ",2,32,24,0,3,5,1,,101,84,4,3,10,2
400,29980,"Lawrenceburg, TN                                            ",5,4,1,0,3,0,0,,15,9,0,6,0,0
334,30020,"Lawton, OK                                                  ",2,16,14,2,0,0,0,,122,56,20,0,46,3
512,30180,"Le Mars, IA                                                 ",5,0,0,0,0,0,0,,14,14,0,0,0,0
999,30060,"Lebanon, MO                                                 ",5,19,19,0,0,0,0,,28,28,0,0,0,0
276,30140,"Lebanon, PA                                                 ",2,30,30,0,0,0,0,,147,133,2,0,12,1
999,30150,"Lebanon-Claremont, NH-VT                                    ",5,78,55,8,0,15,2,,251,197,10,6,38,6
146,30260,"Lewisburg, PA                                               ",5,8,8,0,0,0,0,,27,27,0,0,0,0
400,30280,"Lewisburg, TN                                               ",5,32,27,0,0,5,1,,154,128,0,0,26,5
999,30300,"Lewiston, ID-WA                                             ",4,173,27,2,0,144,6,,240,86,10,0,144,6
438,30340,"Lewiston-Auburn, ME                                         ",2,128,22,2,0,104,2,,231,113,14,0,104,2
999,30380,"Lewistown, PA                                               ",5,8,8,0,0,0,0,,27,27,0,0,0,0
548,30500,"Lexington Park, MD                                          ",2,73,73,0,0,0,0,,249,206,0,8,35,1
999,30420,"Lexington, NE                                               ",5,4,4,0,0,0,0,,10,10,0,0,0,0
336,30460,"Lexington-Fayette, KY                                       ",2,153,115,2,4,32,2,,987,696,20,14,257,13
999,30580,"Liberal, KS                                                 ",5,1,1,0,0,0,0,,12,12,0,0,0,0
338,30620,"Lima, OH                                                    ",2,54,14,4,0,36,6,,83,41,6,0,36,6
522,30660,"Lincoln, IL                                                 ",5,1,1,0,0,0,0,,2,2,0,0,0,0
339,30700,"Lincoln, NE                                                 ",2,317,122,0,0,195,6,,1051,443,0,4,604,18
340,30780,"Little Rock-North Little Rock-Conway, AR                    ",2,195,195,0,0,0,0,,1442,1184,32,34,192,8
558,30820,"Lock Haven, PA                                              ",5,5,5,0,0,0,0,,16,16,0,0,0,0
999,30860,"Logan, UT-ID                                                ",4,123,89,0,0,34,2,,478,396,0,0,82,4
999,30900,"Logansport, IN                                              ",5,4,4,0,0,0,0,,17,17,0,0,0,0
999,30980,"Longview, TX                                                ",4,18,18,0,0,0,0,,116,110,6,0,0,0
440,31020,"Longview-Kelso, WA                                          ",2,26,20,6,0,0,0,,133,125,8,0,0,0
105,31060,"Los Alamos, NM                                              ",5,1,1,0,0,0,0,,11,11,0,0,0,0
348,31080,"Los Angeles-Long Beach-Anaheim, CA                          ",2,2401,1034,164,48,1155,35,,10489,5298,694,184,4313,163
350,31140,"Louisville-Jefferson County, KY-IN                          ",2,726,372,2,8,344,17,,2508,1565,34,17,892,46
352,31180,"Lubbock, TX                                                 ",2,159,157,2,0,0,0,,1460,916,6,24,514,25
999,31220,"Ludington, MI                                               ",5,3,3,0,0,0,0,,15,15,0,0,0,0
999,31260,"Lufkin, TX                                                  ",5,11,9,2,0,0,0,,43,37,6,0,0,0
246,31300,"Lumberton, NC                                               ",5,24,24,0,0,0,0,,135,135,0,0,0,0
999,31340,"Lynchburg, VA                                               ",4,74,72,2,0,0,0,,537,423,4,0,110,3
999,31380,"Macomb, IL                                                  ",5,0,0,0,0,0,0,,1,1,0,0,0,0
356,31420,"Macon-Bibb County, GA                                       ",2,46,46,0,0,0,0,,231,231,0,0,0,0
999,31500,"Madison, IN                                                 ",5,5,5,0,0,0,0,,24,24,0,0,0,0
357,31540,"Madison, WI                                                 ",2,899,173,10,20,696,8,,2184,730,68,20,1366,29
999,31580,"Madisonville, KY                                            ",5,19,7,0,0,12,1,,49,37,0,0,12,1
999,31620,"Magnolia, AR                                                ",5,2,2,0,0,0,0,,10,10,0,0,0,0
284,31680,"Malvern, AR                                                 ",5,0,0,0,0,0,0,,5,5,0,0,0,0
148,31700,"Manchester-Nashua, NH                                       ",2,57,31,2,6,18,2,,275,152,16,12,95,5
999,31740,"Manhattan, KS                                               ",4,33,33,0,0,0,0,,165,114,2,0,49,3
999,31820,"Manitowoc, WI                                               ",5,12,12,0,0,0,0,,49,45,4,0,0,0
359,31860,"Mankato, MN                                                 ",2,76,60,16,0,0,0,,125,103,16,0,6,1
360,31900,"Mansfield, OH                                               ",2,14,11,0,3,0,0,,54,49,2,3,0,0
425,31930,"Marietta, OH                                                ",5,0,0,0,0,0,0,,0,0,0,0,0,0
361,31940,"Marinette, WI-MI                                            ",5,17,17,0,0,0,0,,61,59,2,0,0,0
999,31980,"Marion, IN                                                  ",5,2,2,0,0,0,0,,13,13,0,0,0,0
172,32000,"Marion, NC                                                  ",5,15,15,0,0,0,0,,78,78,0,0,0,0
198,32020,"Marion, OH                                                  ",5,5,5,0,0,0,0,,16,16,0,0,0,0
166,32060,"Marion-Herrin, IL                                           ",5,11,5,0,6,0,0,,51,26,2,23,0,0
999,32100,"Marquette, MI                                               ",5,10,10,0,0,0,0,,27,25,2,0,0,0
999,32140,"Marshall, MN                                                ",5,1,1,0,0,0,0,,9,9,0,0,0,0
999,32180,"Marshall, MO                                                ",5,0,0,0,0,0,0,,0,0,0,0,0,0
999,32260,"Marshalltown, IA                                            ",5,1,1,0,0,0,0,,18,8,0,10,0,0
542,32280,"Martin, TN                                                  ",5,3,3,0,0,0,0,,38,38,0,0,0,0
999,32300,"Martinsville, VA                                            ",5,7,2,0,0,5,1,,28,18,0,0,10,2
999,32340,"Maryville, MO                                               ",5,5,5,0,0,0,0,,21,19,2,0,0,0
999,32380,"Mason City, IA                                              ",5,17,9,2,0,6,1,,57,13,2,0,42,2
999,32390,"Massena-Ogdensburg, NY                                      ",5,24,24,0,0,0,0,,87,85,2,0,0,0
424,32460,"Mayfield, KY                                                ",5,1,1,0,0,0,0,,3,3,0,0,0,0
999,32540,"McAlester, OK                                               ",5,5,5,0,0,0,0,,18,18,0,0,0,0
365,32580,"McAllen-Edinburg-Mission, TX                                ",2,699,432,36,98,133,2,,3286,1945,184,865,292,15
999,32620,"McComb, MS                                                  ",5,0,0,0,0,0,0,,2,2,0,0,0,0
999,32660,"McMinnville, TN                                             ",5,27,22,0,0,5,1,,112,102,0,0,10,2
999,32700,"McPherson, KS                                               ",5,17,15,2,0,0,0,,41,31,10,0,0,0
240,32740,"Meadville, PA                                               ",5,6,6,0,0,0,0,,44,44,0,0,0,0
366,32780,"Medford, OR                                                 ",2,127,73,4,0,50,3,,398,302,10,0,86,4
368,32820,"Memphis, TN-MS-AR                                           ",2,279,250,0,4,25,4,,1315,1249,12,13,41,7
232,32860,"Menomonie, WI                                               ",5,13,13,0,0,0,0,,48,46,2,0,0,0
488,32900,"Merced, CA                                                  ",2,38,38,0,0,0,0,,223,223,0,0,0,0
999,32940,"Meridian, MS                                                ",5,1,1,0,0,0,0,,8,8,0,0,0,0
190,33020,"Mexico, MO                                                  ",5,3,3,0,0,0,0,,12,12,0,0,0,0
309,33060,"Miami, OK                                                   ",5,2,2,0,0,0,0,,4,4,0,0,0,0
370,33100,"Miami-Fort Lauderdale-West Palm Beach, FL                   ",2,1361,475,58,0,828,37,,7227,2299,250,168,4510,123
176,33140,"Michigan City-La Porte, IN                                  ",2,33,23,0,0,10,2,,102,69,0,0,33,6
371,33180,"Middlesborough, KY                                          ",5,4,4,0,0,0,0,,18,18,0,0,0,0
474,33220,"Midland, MI                                                 ",2,16,16,0,0,0,0,,50,50,0,0,0,0
372,33260,"Midland, TX                                                 ",2,139,139,0,0,0,0,,610,610,0,0,0,0
999,33300,"Milledgeville, GA                                           ",5,2,2,0,0,0,0,,54,36,2,3,13,2
376,33340,"Milwaukee-Waukesha, WI                                      ",2,376,181,14,4,177,6,,1272,717,90,4,461,16
508,33380,"Minden, LA                                                  ",5,28,2,0,0,26,2,,44,18,0,0,26,2
206,33420,"Mineral Wells, TX                                           ",5,4,2,2,0,0,0,,12,10,2,0,0,0
378,33460,"Minneapolis-St. Paul-Bloomington, MN-WI                     ",2,1304,806,6,11,481,12,,5736,3602,36,44,2054,48
999,33500,"Minot, ND                                                   ",4,27,12,10,0,5,1,,48,33,10,0,5,1
999,33540,"Missoula, MT                                                ",4,31,29,2,0,0,0,,311,185,2,12,112,7
999,33580,"Mitchell, SD                                                ",5,5,5,0,0,0,0,,35,28,4,3,0,0
190,33620,"Moberly, MO                                                 ",5,2,2,0,0,0,0,,19,13,6,0,0,0
380,33660,"Mobile, AL                                                  ",2,94,87,0,7,0,0,,476,413,0,11,52,9
488,33700,"Modesto, CA                                                 ",2,48,43,0,0,5,1,,314,297,0,0,17,3
384,33740,"Monroe, LA                                                  ",2,29,24,0,0,5,1,,214,209,0,0,5,1
220,33780,"Monroe, MI                                                  ",2,18,16,2,0,0,0,,79,68,6,0,5,1
388,33860,"Montgomery, AL                                              ",2,84,84,0,0,0,0,,378,352,0,0,26,4
320,33900,"Monticello, IN                                              ",5,9,5,0,4,0,0,,23,19,0,4,0,0
408,33910,"Monticello, NY                                              ",5,61,50,8,3,0,0,,263,213,44,6,0,0
999,33940,"Montrose, CO                                                ",5,21,21,0,0,0,0,,102,92,10,0,0,0
404,33980,"Morehead City, NC                                           ",5,60,55,2,3,0,0,,243,238,2,3,0,0
999,34020,"Morgan City, LA                                             ",5,5,5,0,0,0,0,,17,12,0,0,5,1
999,34060,"Morgantown, WV                                              ",4,1,1,0,0,0,0,,12,12,0,0,0,0
315,34100,"Morristown, TN                                              ",2,82,46,4,32,0,0,,276,240,4,32,0,0
446,34140,"Moscow, ID                                                  ",5,21,21,0,0,0,0,,84,64,8,0,12,1
393,34180,"Moses Lake, WA                                              ",5,33,29,4,0,0,0,,223,204,10,4,5,1
999,34220,"Moultrie, GA                                                ",5,5,3,2,0,0,0,,43,33,10,0,0,0
268,34340,"Mount Airy, NC                                              ",5,28,28,0,0,0,0,,99,99,0,0,0,0
394,34380,"Mount Pleasant, MI                                          ",5,13,13,0,0,0,0,,30,28,2,0,0,0
999,34420,"Mount Pleasant, TX                                          ",5,4,2,2,0,0,0,,8,6,2,0,0,0
336,34460,"Mount Sterling, KY                                          ",5,6,4,2,0,0,0,,24,22,2,0,0,0
999,34500,"Mount Vernon, IL                                            ",5,0,0,0,0,0,0,,9,9,0,0,0,0
198,34540,"Mount Vernon, OH                                            ",5,47,15,0,0,32,2,,95,61,2,0,32,2
500,34580,"Mount Vernon-Anacortes, WA                                  ",2,32,21,2,0,9,1,,137,81,4,3,49,5
999,34260,"Mountain Home, AR                                           ",5,5,5,0,0,0,0,,42,31,2,4,5,1
147,34300,"Mountain Home, ID                                           ",5,14,14,0,0,0,0,,72,72,0,0,0,0
294,34620,"Muncie, IN                                                  ",2,7,7,0,0,0,0,,48,48,0,0,0,0
999,34660,"Murray, KY                                                  ",5,7,7,0,0,0,0,,10,10,0,0,0,0
396,34680,"Murrells Inlet, SC                                          ",5,43,43,0,0,0,0,,163,163,0,0,0,0
209,34700,"Muscatine, IA                                               ",5,5,5,0,0,0,0,,16,14,2,0,0,0
266,34740,"Muskegon-Norton Shores, MI                                  ",2,38,33,0,0,5,1,,215,157,0,48,10,2
538,34780,"Muskogee, OK                                                ",5,7,7,0,0,0,0,,24,24,0,0,0,0
396,34820,"Myrtle Beach-Conway-North Myrtle Beach, SC                  ",2,685,680,0,0,5,1,,2987,2931,2,12,42,8
999,34860,"Nacogdoches, TX                                             ",5,3,3,0,0,0,0,,15,15,0,0,0,0
999,34880,"Nantucket, MA                                               ",5,21,19,2,0,0,0,,100,80,10,0,10,2
488,34900,"Napa, CA                                                    ",2,17,17,0,0,0,0,,122,122,0,0,0,0
163,34940,"Naples-Marco Island, FL                                     ",2,191,176,2,8,5,1,,1433,927,6,16,484,12
400,34980,"Nashville-Davidson--Murfreesboro--Franklin, TN              ",2,1406,1316,2,3,85,5,,8049,5987,34,14,2014,77
999,35020,"Natchez, MS-LA                                              ",5,3,3,0,0,0,0,,15,15,0,0,0,0
999,35060,"Natchitoches, LA                                            ",5,1,1,0,0,0,0,,31,31,0,0,0,0
404,35100,"New Bern, NC                                                ",5,66,66,0,0,0,0,,268,268,0,0,0,0
294,35220,"New Castle, IN                                              ",5,5,5,0,0,0,0,,16,16,0,0,0,0
405,35300,"New Haven, CT                                               ",2,45,18,10,7,10,1,,349,73,24,37,215,10
318,35340,"New Iberia, LA                                              ",5,2,2,0,0,0,0,,25,25,0,0,0,0
406,35380,"New Orleans-Metairie, LA                                    ",2,155,120,30,0,5,1,,758,493,144,11,110,4
184,35420,"New Philadelphia-Dover, OH                                  ",5,7,5,2,0,0,0,,26,20,6,0,0,0
359,35580,"New Ulm, MN                                                 ",5,1,1,0,0,0,0,,8,8,0,0,0,0
408,35620,"New York-Newark-Jersey City, NY-NJ                          ",2,3660,983,124,118,2435,119,,17351,5231,672,434,11014,511
192,35140,"Newberry, SC                                                ",5,13,13,0,0,0,0,,73,73,0,0,0,0
999,35440,"Newport, OR                                                 ",5,7,5,2,0,0,0,,45,43,2,0,0,0
315,35460,"Newport, TN                                                 ",5,1,1,0,0,0,0,,4,2,2,0,0,0
515,35660,"Niles, MI                                                   ",2,38,38,0,0,0,0,,194,111,8,4,71,4
536,35700,"Nogales, AZ                                                 ",5,41,41,0,0,0,0,,162,162,0,0,0,0
999,35740,"Norfolk, NE                                                 ",5,10,6,4,0,0,0,,43,33,10,0,0,0
999,35820,"North Platte, NE                                            ",5,52,10,0,0,42,6,,65,23,0,0,42,6
412,35840,"North Port-Bradenton-Sarasota, FL                           ",2,1471,773,0,44,654,16,,6281,4003,76,72,2130,60
999,35900,"North Wilkesboro, NC                                        ",5,12,12,0,0,0,0,,76,76,0,0,0,0
184,35940,"Norwalk, OH                                                 ",5,5,5,0,0,0,0,,16,14,2,0,0,0
405,35980,"Norwich-New London-Willimantic, CT                          ",2,17,17,0,0,0,0,,112,104,0,0,8,1
500,36020,"Oak Harbor, WA                                              ",5,26,26,0,0,0,0,,108,96,0,12,0,0
999,36100,"Ocala, FL                                                   ",4,498,486,12,0,0,0,,2880,2686,98,8,88,4
480,36180,"Ocean Pines, MD                                             ",5,33,33,0,0,0,0,,133,133,0,0,0,0
372,36220,"Odessa, TX                                                  ",2,47,47,0,0,0,0,,354,354,0,0,0,0
482,36260,"Ogden, UT                                                   ",2,323,135,0,6,182,15,,1334,810,10,56,458,47
999,36340,"Oil City, PA                                                ",5,3,3,0,0,0,0,,32,26,0,0,6,1
370,36380,"Okeechobee, FL                                              ",5,14,14,0,0,0,0,,25,25,0,0,0,0
416,36420,"Oklahoma City, OK                                           ",2,550,503,36,3,8,1,,4013,2965,160,13,875,64
160,36460,"Olean, NY                                                   ",5,7,7,0,0,0,0,,46,46,0,0,0,0
500,36500,"Olympia-Lacey-Tumwater, WA                                  ",2,67,56,2,0,9,1,,558,301,2,3,252,15
420,36540,"Omaha, NE-IA                                                ",2,442,261,38,0,143,6,,2659,1340,96,48,1175,48
999,36580,"Oneonta, NY                                                 ",5,11,11,0,0,0,0,,56,56,0,0,0,0
147,36620,"Ontario, OR-ID                                              ",5,18,18,0,0,0,0,,78,72,2,4,0,0
318,36660,"Opelousas, LA                                               ",5,11,11,0,0,0,0,,65,65,0,0,0,0
192,36700,"Orangeburg, SC                                              ",5,9,9,0,0,0,0,,40,40,0,0,0,0
422,36740,"Orlando-Kissimmee-Sanford, FL                               ",2,1792,1207,6,0,579,7,,13873,6772,68,16,7017,152
118,36780,"Oshkosh-Neenah, WI                                          ",2,61,29,2,0,30,1,,222,115,6,0,101,6
218,36820,"Oskaloosa, IA                                               ",5,1,1,0,0,0,0,,5,3,2,0,0,0
393,36830,"Othello, WA                                                 ",5,9,4,0,0,5,1,,26,16,0,0,10,2
176,36837,"Ottawa, IL                                                  ",5,11,9,2,0,0,0,,45,43,2,0,0,0
312,36840,"Ottawa, KS                                                  ",5,20,17,0,3,0,0,,67,47,14,6,0,0
999,36900,"Ottumwa, IA                                                 ",5,4,4,0,0,0,0,,15,15,0,0,0,0
378,36940,"Owatonna, MN                                                ",5,2,2,0,0,0,0,,14,14,0,0,0,0
999,36980,"Owensboro, KY                                               ",4,16,16,0,0,0,0,,84,82,2,0,0,0
330,37020,"Owosso, MI                                                  ",5,6,6,0,0,0,0,,26,26,0,0,0,0
999,37060,"Oxford, MS                                                  ",5,47,40,4,3,0,0,,229,209,14,6,0,0
348,37100,"Oxnard-Thousand Oaks-Ventura, CA                            ",2,664,51,0,3,610,11,,884,239,0,6,639,14
222,37120,"Ozark, AL                                                   ",5,1,1,0,0,0,0,,12,12,0,0,0,0
424,37140,"Paducah, KY-IL                                              ",2,12,12,0,0,0,0,,73,50,8,3,12,2
300,37260,"Palatka, FL                                                 ",5,12,12,0,0,0,0,,38,38,0,0,0,0
999,37300,"Palestine, TX                                               ",5,1,1,0,0,0,0,,5,5,0,0,0,0
999,37340,"Palm Bay-Melbourne-Titusville, FL                           ",4,260,252,0,0,8,1,,1579,1393,0,16,170,3
999,37420,"Pampa, TX                                                   ",5,1,1,0,0,0,0,,3,3,0,0,0,0
999,37460,"Panama City-Panama City Beach, FL                           ",4,228,189,2,11,26,3,,1012,826,12,11,163,16
308,37500,"Paragould, AR                                               ",5,5,5,0,0,0,0,,61,41,20,0,0,0
999,37540,"Paris, TN                                                   ",5,2,2,0,0,0,0,,10,10,0,0,0,0
999,37580,"Paris, TX                                                   ",5,2,2,0,0,0,0,,20,18,2,0,0,0
425,37620,"Parkersburg-Vienna, WV                                      ",2,14,12,2,0,0,0,,41,39,2,0,0,0
429,37740,"Payson, AZ                                                  ",5,18,18,0,0,0,0,,89,89,0,0,0,0
218,37800,"Pella, IA                                                   ",5,12,10,2,0,0,0,,37,35,2,0,0,0
999,37860,"Pensacola-Ferry Pass-Brent, FL                              ",4,326,326,0,0,0,0,,1557,1557,0,0,0,0
427,37900,"Peoria, IL                                                  ",2,14,12,2,0,0,0,,89,71,18,0,0,0
294,37940,"Peru, IN                                                    ",5,5,5,0,0,0,0,,16,16,0,0,0,0
999,37950,"Petoskey, MI                                                ",5,10,10,0,0,0,0,,38,38,0,0,0,0
428,37980,"Philadelphia-Camden-Wilmington, PA-NJ-DE-MD                 ",2,976,670,8,27,271,28,,5215,3199,44,196,1776,112
429,38060,"Phoenix-Mesa-Chandler, AZ                                   ",2,3469,2264,96,48,1061,46,,16906,11753,480,97,4576,141
406,38100,"Picayune, MS                                                ",5,30,28,2,0,0,0,,135,133,2,0,0,0
999,38180,"Pierre, SD                                                  ",5,2,2,0,0,0,0,,17,17,0,0,0,0
999,38210,"Pikeville, KY                                               ",5,1,1,0,0,0,0,,4,4,0,0,0,0
340,38220,"Pine Bluff, AR                                              ",5,0,0,0,0,0,0,,17,9,8,0,0,0
246,38240,"Pinehurst-Southern Pines, NC                                ",2,77,77,0,0,0,0,,481,473,8,0,0,0
999,38260,"Pittsburg, KS                                               ",5,7,7,0,0,0,0,,26,24,2,0,0,0
430,38300,"Pittsburgh, PA                                              ",2,467,322,2,4,139,6,,2089,1527,12,31,519,17
999,38340,"Pittsfield, MA                                              ",4,11,9,2,0,0,0,,54,43,6,0,5,1
352,38380,"Plainview, TX                                               ",5,0,0,0,0,0,0,,4,4,0,0,0,0
999,38420,"Platteville, WI                                             ",5,14,12,2,0,0,0,,69,57,12,0,0,0
999,38460,"Plattsburgh, NY                                             ",5,17,12,0,0,5,1,,70,50,0,0,20,4
515,38500,"Plymouth, IN                                                ",5,9,9,0,0,0,0,,48,48,0,0,0,0
999,38540,"Pocatello, ID                                               ",4,38,36,2,0,0,0,,118,110,2,6,0,0
999,38620,"Ponca City, OK                                              ",5,3,3,0,0,0,0,,10,10,0,0,0,0
145,38700,"Pontiac, IL                                                 ",5,6,6,0,0,0,0,,15,15,0,0,0,0
999,38740,"Poplar Bluff, MO                                            ",5,2,2,0,0,0,0,,9,9,0,0,0,0
999,38820,"Port Angeles, WA                                            ",5,18,18,0,0,0,0,,111,85,8,18,0,0
544,38920,"Port Lavaca, TX                                             ",5,8,8,0,0,0,0,,43,43,0,0,0,0
370,38940,"Port St. Lucie, FL                                          ",2,465,465,0,0,0,0,,2506,2027,10,27,442,35
999,39040,"Port Townsend, WA                                           ",5,10,10,0,0,0,0,,67,67,0,0,0,0
438,38860,"Portland-South Portland, ME                                 ",2,229,178,4,0,47,4,,1461,799,70,3,589,25
440,38900,"Portland-Vancouver-Hillsboro, OR-WA                         ",2,1068,540,6,0,522,9,,3961,2768,44,15,1134,26
170,39020,"Portsmouth, OH                                              ",5,1,1,0,0,0,0,,5,5,0,0,0,0
999,39060,"Pottsville, PA                                              ",5,17,12,0,0,5,1,,72,62,0,0,10,2
999,39150,"Prescott Valley-Prescott, AZ                                ",4,137,124,10,3,0,0,,737,544,30,3,160,6
999,39220,"Price, UT                                                   ",5,10,10,0,0,0,0,,21,21,0,0,0,0
148,39300,"Providence-Warwick, RI-MA                                   ",2,209,115,24,15,55,5,,804,480,122,47,155,14
482,39340,"Provo-Orem-Lehi, UT                                         ",2,618,455,0,8,155,10,,3172,2340,4,74,754,72
444,39380,"Pueblo, CO                                                  ",2,24,24,0,0,0,0,,114,114,0,0,0,0
446,39420,"Pullman, WA                                                 ",5,4,4,0,0,0,0,,16,14,2,0,0,0
412,39460,"Punta Gorda, FL                                             ",2,235,212,10,8,5,1,,1468,1213,72,25,158,10
405,39480,"Putnam, CT                                                  ",5,18,18,0,0,0,0,,69,69,0,0,0,0
448,39500,"Quincy, IL-MO                                               ",5,6,3,0,3,0,0,,27,21,0,6,0,0
376,39540,"Racine-Mount Pleasant, WI                                   ",2,38,26,4,0,8,1,,223,108,10,0,105,8
450,39580,"Raleigh-Cary, NC                                            ",2,1686,1069,0,0,617,11,,7792,5450,22,11,2309,64
452,39660,"Rapid City, SD                                              ",2,59,57,2,0,0,0,,388,333,12,0,43,5
154,39700,"Raymondville, TX                                            ",5,6,6,0,0,0,0,,15,15,0,0,0,0
428,39740,"Reading, PA                                                 ",2,22,15,0,0,7,1,,134,101,20,0,13,2
454,39780,"Red Bluff, CA                                               ",5,14,14,0,0,0,0,,66,66,0,0,0,0
378,39860,"Red Wing, MN                                                ",5,9,9,0,0,0,0,,31,29,2,0,0,0
454,39820,"Redding, CA                                                 ",2,20,20,0,0,0,0,,166,161,0,0,5,1
456,39900,"Reno, NV                                                    ",2,161,161,0,0,0,0,,1542,933,32,19,558,37
292,39940,"Rexburg, ID                                                 ",5,30,30,0,0,0,0,,255,175,0,8,72,2
999,39960,"Rice Lake, WI                                               ",5,12,12,0,0,0,0,,51,44,2,0,5,1
458,39980,"Richmond, IN                                                ",5,4,4,0,0,0,0,,178,28,0,0,150,1
999,40060,"Richmond, VA                                                ",4,911,399,0,0,512,4,,4950,2039,136,17,2758,52
336,40080,"Richmond-Berea, KY                                          ",5,123,27,10,0,86,13,,252,132,14,0,106,15
233,40090,"Rifle, CO                                                   ",5,23,19,0,4,0,0,,85,81,0,4,0,0
365,40100,"Rio Grande City-Roma, TX                                    ",5,0,0,0,0,0,0,,0,0,0,0,0,0
348,40140,"Riverside-San Bernardino-Ontario, CA                        ",2,1320,877,24,24,395,27,,7096,4893,110,102,1991,88
999,40180,"Riverton, WY                                                ",5,3,3,0,0,0,0,,10,8,2,0,0,0
468,40260,"Roanoke Rapids, NC                                          ",5,21,21,0,0,0,0,,49,47,2,0,0,0
999,40220,"Roanoke, VA                                                 ",4,52,52,0,0,0,0,,234,232,2,0,0,0
466,40300,"Rochelle, IL                                                ",5,4,4,0,0,0,0,,45,18,4,0,23,3
462,40340,"Rochester, MN                                               ",2,45,45,0,0,0,0,,219,219,0,0,0,0
464,40380,"Rochester, NY                                               ",2,138,101,4,3,30,5,,533,427,10,25,71,13
999,40540,"Rock Springs, WY                                            ",5,2,2,0,0,0,0,,19,19,0,0,0,0
466,40420,"Rockford, IL                                                ",2,26,20,6,0,0,0,,87,81,6,0,0,0
246,40460,"Rockingham, NC                                              ",5,6,6,0,0,0,0,,21,21,0,0,0,0
468,40580,"Rocky Mount, NC                                             ",2,50,50,0,0,0,0,,255,255,0,0,0,0
999,40620,"Rolla, MO                                                   ",5,4,2,2,0,0,0,,13,7,2,4,0,0
122,40660,"Rome, GA                                                    ",2,27,27,0,0,0,0,,160,160,0,0,0,0
999,40700,"Roseburg, OR                                                ",5,15,13,2,0,0,0,,79,69,10,0,0,0
999,40740,"Roswell, NM                                                 ",5,7,7,0,0,0,0,,39,39,0,0,0,0
999,40760,"Ruidoso, NM                                                 ",5,16,16,0,0,0,0,,48,48,0,0,0,0
250,40770,"Russellville, AL                                            ",5,2,2,0,0,0,0,,8,8,0,0,0,0
999,40780,"Russellville, AR                                            ",5,5,5,0,0,0,0,,32,25,4,3,0,0
384,40820,"Ruston, LA                                                  ",5,13,13,0,0,0,0,,66,64,2,0,0,0
999,40860,"Rutland, VT                                                 ",5,17,12,0,0,5,1,,39,29,0,0,10,2
472,40900,"Sacramento-Roseville-Folsom, CA                             ",2,960,720,30,0,210,5,,4908,3769,136,16,987,24
999,40940,"Safford, AZ                                                 ",5,14,14,0,0,0,0,,86,72,6,8,0,0
474,40980,"Saginaw, MI                                                 ",2,10,10,0,0,0,0,,77,61,12,4,0,0
566,41400,"Salem, OH                                                   ",5,4,4,0,0,0,0,,14,14,0,0,0,0
440,41420,"Salem, OR                                                   ",2,69,69,0,0,0,0,,615,438,10,0,167,15
999,41460,"Salina, KS                                                  ",5,13,13,0,0,0,0,,48,48,0,0,0,0
999,41500,"Salinas, CA                                                 ",4,63,48,2,0,13,1,,259,210,6,0,43,3
480,41540,"Salisbury, MD                                               ",2,23,23,0,0,0,0,,86,76,2,8,0,0
482,41620,"Salt Lake City-Murray, UT                                   ",2,234,194,10,8,22,2,,2771,1315,34,60,1362,28
999,41660,"San Angelo, TX                                              ",4,19,19,0,0,0,0,,138,138,0,0,0,0
484,41700,"San Antonio-New Braunfels, TX                               ",2,963,799,2,0,162,21,,5280,4268,14,24,974,69
999,41740,"San Diego-Chula Vista-Carlsbad, CA                          ",4,968,363,32,14,559,16,,3838,1515,174,126,2023,94
488,41860,"San Francisco-Oakland-Fremont, CA                           ",2,1007,215,8,0,784,12,,3263,1043,28,15,2177,61
488,41940,"San Jose-Sunnyvale-Santa Clara, CA                          ",2,186,159,0,0,27,3,,1411,919,2,12,478,19
999,42020,"San Luis Obispo-Paso Robles, CA                             ",4,67,62,0,0,5,1,,268,257,2,4,5,1
999,41760,"Sandpoint, ID                                               ",5,13,5,4,4,0,0,,35,25,6,4,0,0
184,41780,"Sandusky, OH                                                ",2,18,18,0,0,0,0,,117,111,0,6,0,0
450,41820,"Sanford, NC                                                 ",5,56,56,0,0,0,0,,310,310,0,0,0,0
488,42100,"Santa Cruz-Watsonville, CA                                  ",2,35,25,0,0,10,2,,105,73,2,0,30,6
105,42140,"Santa Fe, NM                                                ",2,20,20,0,0,0,0,,111,111,0,0,0,0
999,42200,"Santa Maria-Santa Barbara, CA                               ",4,46,41,0,0,5,1,,531,181,0,0,350,36
999,42220,"Santa Rosa-Petaluma, CA                                     ",4,117,46,0,0,71,3,,468,316,0,8,144,9
999,42300,"Sault Ste. Marie, MI                                        ",5,12,12,0,0,0,0,,38,23,0,0,15,3
496,42340,"Savannah, GA                                                ",2,358,346,2,0,10,2,,1986,1543,16,4,423,17
999,42380,"Sayre, PA                                                   ",5,6,6,0,0,0,0,,27,27,0,0,0,0
999,42420,"Scottsbluff, NE                                             ",5,2,2,0,0,0,0,,9,9,0,0,0,0
174,42460,"Scottsboro, AL                                              ",5,5,5,0,0,0,0,,22,22,0,0,0,0
999,42540,"Scranton--Wilkes-Barre, PA                                  ",4,51,47,4,0,0,0,,245,228,12,0,5,1
999,42580,"Seaford, DE                                                 ",5,406,268,4,0,134,5,,1908,1536,40,0,332,17
340,42620,"Searcy, AR                                                  ",5,8,8,0,0,0,0,,93,93,0,0,0,0
500,42660,"Seattle-Tacoma-Bellevue, WA                                 ",2,848,508,66,44,230,14,,5296,2709,394,196,1997,91
370,42680,"Sebastian-Vero Beach-West Vero Corridor, FL                 ",2,12,10,2,0,0,0,,69,67,2,0,0,0
999,42700,"Sebring-, FL                                                ",4,108,94,14,0,0,0,,301,271,30,0,0,0
999,42740,"Sedalia, MO                                                 ",5,12,2,2,3,5,1,,47,9,4,9,25,5
146,42780,"Selinsgrove, PA                                             ",5,7,5,2,0,0,0,,31,27,4,0,0,0
388,42820,"Selma, AL                                                   ",5,1,1,0,0,0,0,,4,4,0,0,0,0
464,42900,"Seneca Falls, NY                                            ",5,5,5,0,0,0,0,,18,18,0,0,0,0
273,42860,"Seneca, SC                                                  ",5,67,62,0,0,5,1,,310,305,0,0,5,1
315,42940,"Sevierville, TN                                             ",5,116,99,4,0,13,2,,561,456,8,7,90,12
294,42980,"Seymour, IN                                                 ",5,12,12,0,0,0,0,,51,51,0,0,0,0
267,43020,"Shawano, WI                                                 ",5,17,17,0,0,0,0,,37,37,0,0,0,0
416,43060,"Shawnee, OK                                                 ",5,34,7,24,3,0,0,,91,58,30,3,0,0
999,43100,"Sheboygan, WI                                               ",4,19,17,2,0,0,0,,71,65,6,0,0,0
172,43140,"Shelby-Kings Mountain, NC                                   ",5,50,40,2,3,5,1,,258,172,8,6,72,7
400,43180,"Shelbyville, TN                                             ",5,31,31,0,0,0,0,,144,142,2,0,0,0
500,43220,"Shelton, WA                                                 ",5,17,17,0,0,0,0,,82,80,2,0,0,0
999,43260,"Sheridan, WY                                                ",5,30,30,0,0,0,0,,123,115,4,4,0,0
206,43300,"Sherman-Denison, TX                                         ",2,120,120,0,0,0,0,,825,519,6,0,300,4
999,43320,"Show Low, AZ                                                ",5,44,44,0,0,0,0,,222,204,6,12,0,0
508,43340,"Shreveport-Bossier City, LA                                 ",2,76,76,0,0,0,0,,398,398,0,0,0,0
212,43380,"Sidney, OH                                                  ",5,39,6,0,0,33,1,,299,29,10,20,240,10
999,43420,"Sierra Vista-Douglas, AZ                                    ",4,35,35,0,0,0,0,,201,193,0,8,0,0
164,43460,"Sikeston, MO                                                ",5,3,3,0,0,0,0,,33,31,2,0,0,0
512,43580,"Sioux City, IA-NE-SD                                        ",2,24,24,0,0,0,0,,198,104,8,10,76,4
999,43620,"Sioux Falls, SD-MN                                          ",4,180,131,0,0,49,2,,826,444,10,0,372,28
406,43640,"Slidell-Mandeville-Covington, LA                            ",2,100,100,0,0,0,0,,457,453,4,0,0,0
999,43660,"Snyder, TX                                                  ",5,0,0,0,0,0,0,,1,1,0,0,0,0
999,43700,"Somerset, KY                                                ",5,13,5,0,3,5,1,,41,9,0,3,29,4
306,43740,"Somerset, PA                                                ",5,4,4,0,0,0,0,,22,22,0,0,0,0
999,43760,"Sonora, CA                                                  ",5,35,35,0,0,0,0,,50,50,0,0,0,0
515,43780,"South Bend-Mishawaka, IN-MI                                 ",2,70,27,4,0,39,1,,210,165,6,0,39,1
317,43890,"Sparta, WI                                                  ",5,10,8,2,0,0,0,,46,36,10,0,0,0
273,43900,"Spartanburg, SC                                             ",2,425,425,0,0,0,0,,1931,1931,0,0,0,0
452,43940,"Spearfish, SD                                               ",5,24,24,0,0,0,0,,109,75,6,3,25,3
517,43980,"Spencer, IA                                                 ",5,2,2,0,0,0,0,,9,9,0,0,0,0
517,44020,"Spirit Lake, IA                                             ",5,62,27,0,0,35,7,,79,44,0,0,35,7
518,44060,"Spokane-Spokane Valley, WA                                  ",2,311,165,10,3,133,4,,1182,683,40,44,415,19
522,44100,"Springfield, IL                                             ",2,24,19,0,0,5,1,,91,74,12,0,5,1
521,44140,"Springfield, MA                                             ",2,24,22,2,0,0,0,,99,89,10,0,0,0
999,44180,"Springfield, MO                                             ",4,151,149,2,0,0,0,,822,636,28,10,148,1
212,44220,"Springfield, OH                                             ",2,16,16,0,0,0,0,,114,76,0,4,34,4
378,41060,"St. Cloud, MN                                               ",2,48,48,0,0,0,0,,296,176,0,0,120,5
999,41100,"St. George, UT                                              ",4,268,255,0,3,10,1,,1172,1062,0,6,104,7
312,41140,"St. Joseph, MO-KS                                           ",2,6,6,0,0,0,0,,33,31,2,0,0,0
476,41180,"St. Louis, MO-IL                                            ",2,469,351,26,14,78,7,,2484,1737,108,81,558,55
999,41260,"St. Marys, PA                                               ",5,2,2,0,0,0,0,,15,15,0,0,0,0
523,44260,"Starkville, MS                                              ",5,6,6,0,0,0,0,,24,24,0,0,0,0
524,44300,"State College, PA                                           ",2,34,34,0,0,0,0,,133,122,6,0,5,1
496,44340,"Statesboro, GA                                              ",5,86,77,6,3,0,0,,753,433,16,6,298,7
277,44420,"Staunton-Stuarts Draft, VA                                  ",2,83,36,0,0,47,2,,508,203,0,0,305,7
999,44460,"Steamboat Springs, CO                                       ",5,21,21,0,0,0,0,,68,68,0,0,0,0
999,44500,"Stephenville, TX                                            ",5,1,1,0,0,0,0,,21,1,4,0,16,2
999,44540,"Sterling, CO                                                ",5,1,1,0,0,0,0,,4,4,0,0,0,0
221,44580,"Sterling, IL                                                ",5,3,3,0,0,0,0,,9,9,0,0,0,0
554,44620,"Stevens Point-Plover, WI                                    ",5,13,11,2,0,0,0,,77,41,36,0,0,0
999,44660,"Stillwater, OK                                              ",5,12,12,0,0,0,0,,79,72,2,0,5,1
488,44700,"Stockton-Lodi, CA                                           ",2,195,195,0,0,0,0,,1249,1249,0,0,0,0
999,44740,"Storm Lake, IA                                              ",5,1,1,0,0,0,0,,5,5,0,0,0,0
310,44780,"Sturgis, MI                                                 ",5,20,9,0,0,11,2,,67,46,0,0,21,4
206,44860,"Sulphur Springs, TX                                         ",5,5,5,0,0,0,0,,32,32,0,0,0,0
174,44900,"Summerville, GA                                             ",5,1,1,0,0,0,0,,1,1,0,0,0,0
192,44940,"Sumter, SC                                                  ",2,32,30,2,0,0,0,,170,150,20,0,0,0
146,44980,"Sunbury, PA                                                 ",5,9,9,0,0,0,0,,32,32,0,0,0,0
999,45000,"Susanville, CA                                              ",5,0,0,0,0,0,0,,5,5,0,0,0,0
101,45020,"Sweetwater, TX                                              ",5,1,1,0,0,0,0,,6,6,0,0,0,0
532,45060,"Syracuse, NY                                                ",2,53,46,2,0,5,1,,264,218,6,0,40,6
999,45140,"Tahlequah, OK                                               ",5,4,2,2,0,0,0,,12,6,2,4,0,0
142,45180,"Talladega-Sylacauga, AL                                     ",5,2,2,0,0,0,0,,59,31,0,0,28,4
533,45220,"Tallahassee, FL                                             ",2,256,126,4,0,126,5,,1152,596,12,0,544,17
999,45300,"Tampa-St. Petersburg-Clearwater, FL                         ",4,2426,1336,4,0,1086,20,,9411,5790,62,127,3432,69
999,45340,"Taos, NM                                                    ",5,11,11,0,0,0,0,,52,52,0,0,0,0
522,45380,"Taylorville, IL                                             ",5,5,5,0,0,0,0,,14,14,0,0,0,0
999,45460,"Terre Haute, IN                                             ",4,171,171,0,0,0,0,,581,579,2,0,0,0
999,45500,"Texarkana, TX-AR                                            ",4,14,3,8,3,0,0,,89,35,48,6,0,0
999,45520,"The Dalles, OR                                              ",5,3,3,0,0,0,0,,13,13,0,0,0,0
122,45580,"Thomaston, GA                                               ",5,10,10,0,0,0,0,,54,54,0,0,0,0
999,45620,"Thomasville, GA                                             ",5,15,15,0,0,0,0,,165,93,0,0,72,2
248,45660,"Tiffin, OH                                                  ",5,4,4,0,0,0,0,,15,15,0,0,0,0
999,45700,"Tifton, GA                                                  ",5,15,10,0,0,5,1,,85,54,0,0,31,6
999,45740,"Toccoa, GA                                                  ",5,2,2,0,0,0,0,,17,17,0,0,0,0
999,45780,"Toledo, OH                                                  ",4,57,53,4,0,0,0,,185,181,4,0,0,0
999,45820,"Topeka, KS                                                  ",4,281,29,2,0,250,3,,435,145,8,32,250,3
405,45860,"Torrington, CT                                              ",5,8,8,0,0,0,0,,49,43,0,6,0,0
999,45880,"Town of Pecos, TX                                           ",5,2,2,0,0,0,0,,17,8,0,9,0,0
999,45900,"Traverse City, MI                                           ",4,122,116,0,0,6,1,,282,266,10,0,6,1
408,45940,"Trenton-Princeton, NJ                                       ",2,122,122,0,0,0,0,,899,752,14,4,129,19
999,45980,"Troy, AL                                                    ",5,1,1,0,0,0,0,,6,6,0,0,0,0
472,46020,"Truckee-Grass Valley, CA                                    ",5,24,24,0,0,0,0,,73,73,0,0,0,0
536,46060,"Tucson, AZ                                                  ",2,406,352,2,0,52,4,,2033,1753,16,0,264,21
400,46100,"Tullahoma-Manchester, TN                                    ",5,28,28,0,0,0,0,,217,195,2,3,17,3
538,46140,"Tulsa, OK                                                   ",2,375,354,2,0,19,2,,2028,1653,48,0,327,16
539,46180,"Tupelo, MS                                                  ",5,13,13,0,0,0,0,,55,52,0,3,0,0
999,46220,"Tuscaloosa, AL                                              ",4,49,39,2,3,5,1,,262,226,6,9,21,4
999,46300,"Twin Falls, ID                                              ",4,65,62,0,3,0,0,,319,308,2,3,6,1
540,46340,"Tyler, TX                                                   ",2,36,36,0,0,0,0,,221,212,4,0,5,1
999,46380,"Ukiah, CA                                                   ",5,1,1,0,0,0,0,,5,5,0,0,0,0
542,46460,"Union City, TN                                              ",5,4,4,0,0,0,0,,14,14,0,0,0,0
999,46520,"Urban Honolulu, HI                                          ",4,119,62,10,0,47,1,,584,290,58,0,236,5
212,46500,"Urbana, OH                                                  ",5,4,4,0,0,0,0,,16,16,0,0,0,0
999,46540,"Utica-Rome, NY                                              ",4,24,19,0,0,5,1,,114,89,0,0,25,5
999,46620,"Uvalde, TX                                                  ",5,1,1,0,0,0,0,,3,3,0,0,0,0
999,46660,"Valdosta, GA                                                ",4,86,86,0,0,0,0,,399,394,0,0,5,1
488,46700,"Vallejo, CA                                                 ",2,53,53,0,0,0,0,,264,264,0,0,0,0
338,46780,"Van Wert, OH                                                ",5,2,2,0,0,0,0,,11,11,0,0,0,0
999,46820,"Vermillion, SD                                              ",5,2,2,0,0,0,0,,14,9,0,0,5,1
999,46860,"Vernal, UT                                                  ",5,12,12,0,0,0,0,,39,39,0,0,0,0
999,46900,"Vernon, TX                                                  ",5,1,1,0,0,0,0,,1,1,0,0,0,0
298,46980,"Vicksburg, MS                                               ",5,0,0,0,0,0,0,,4,4,0,0,0,0
544,47020,"Victoria, TX                                                ",2,70,2,0,0,68,2,,85,17,0,0,68,2
999,47080,"Vidalia, GA                                                 ",5,2,2,0,0,0,0,,23,14,6,3,0,0
999,47180,"Vincennes, IN                                               ",5,2,2,0,0,0,0,,13,13,0,0,0,0
428,47220,"Vineland, NJ                                                ",2,15,15,0,0,0,0,,96,74,2,0,20,3
999,47240,"Vineyard Haven, MA                                          ",5,8,8,0,0,0,0,,35,35,0,0,0,0
545,47260,"Virginia Beach-Chesapeake-Norfolk, VA-NC                    ",2,287,287,0,0,0,0,,1664,1303,12,13,336,10
999,47300,"Visalia, CA                                                 ",4,126,126,0,0,0,0,,707,682,22,3,0,0
999,47340,"Wabash, IN                                                  ",5,3,3,0,0,0,0,,27,27,0,0,0,0
999,47380,"Waco, TX                                                    ",4,110,95,10,0,5,1,,541,395,54,0,92,8
244,47420,"Wahpeton, ND-MN                                             ",5,1,1,0,0,0,0,,16,16,0,0,0,0
314,47460,"Walla Walla, WA                                             ",2,16,16,0,0,0,0,,70,70,0,0,0,0
338,47540,"Wapakoneta, OH                                              ",5,15,13,2,0,0,0,,57,52,2,3,0,0
356,47580,"Warner Robins, GA                                           ",2,73,73,0,0,0,0,,517,517,0,0,0,0
999,47620,"Warren, PA                                                  ",5,8,8,0,0,0,0,,25,15,0,0,10,2
312,47660,"Warrensburg, MO                                             ",5,3,3,0,0,0,0,,86,20,58,0,8,1
515,47700,"Warsaw, IN                                                  ",5,24,24,0,0,0,0,,101,99,2,0,0,0
198,47920,"Washington Court House, OH                                  ",5,6,4,2,0,0,0,,32,30,2,0,0,0
999,47780,"Washington, IN                                              ",5,3,3,0,0,0,0,,62,19,2,0,41,4
274,47820,"Washington, NC                                              ",5,8,8,0,0,0,0,,43,43,0,0,0,0
548,47900,"Washington-Arlington-Alexandria, DC-VA-MD-WV                ",2,1540,968,0,0,572,19,,7358,4842,36,12,2468,68
405,47930,"Waterbury-Shelton, CT                                       ",2,188,24,0,0,164,5,,313,99,2,9,203,9
999,47940,"Waterloo-Cedar Falls, IA                                    ",4,22,22,0,0,0,0,,100,70,24,0,6,1
999,47980,"Watertown, SD                                               ",5,7,3,0,4,0,0,,55,29,0,8,18,2
376,48020,"Watertown-Fort Atkinson, WI                                 ",5,103,12,4,0,87,1,,269,78,8,3,180,5
999,48060,"Watertown-Fort Drum, NY                                     ",4,16,16,0,0,0,0,,62,62,0,0,0,0
554,48140,"Wausau, WI                                                  ",2,47,26,4,0,17,2,,141,108,6,0,27,4
999,48180,"Waycross, GA                                                ",5,9,9,0,0,0,0,,43,43,0,0,0,0
120,48200,"Waynesville, NC                                             ",5,30,30,0,0,0,0,,125,119,6,0,0,0
555,48220,"Weatherford, OK                                             ",5,1,1,0,0,0,0,,8,4,4,0,0,0
430,48260,"Weirton-Steubenville, WV-OH                                 ",2,1,1,0,0,0,0,,6,6,0,0,0,0
999,48300,"Wenatchee-East Wenatchee, WA                                ",4,65,65,0,0,0,0,,446,228,6,0,212,1
999,48460,"West Plains, MO                                             ",5,2,2,0,0,0,0,,23,10,0,13,0,0
999,48540,"Wheeling, WV-OH                                             ",4,0,0,0,0,0,0,,5,3,2,0,0,0
376,48580,"Whitewater-Elkhorn, WI                                      ",5,108,32,2,0,74,1,,231,153,4,0,74,1
999,48660,"Wichita Falls, TX                                           ",4,26,19,4,3,0,0,,79,62,14,3,0,0
556,48620,"Wichita, KS                                                 ",2,242,128,106,8,0,0,,1353,637,636,15,65,4
422,48680,"Wildwood-The Villages, FL                                   ",2,329,280,26,0,23,1,,1428,1344,46,0,38,2
558,48700,"Williamsport, PA                                            ",2,7,7,0,0,0,0,,32,30,2,0,0,0
999,48780,"Williston, ND                                               ",5,4,4,0,0,0,0,,28,28,0,0,0,0
999,48820,"Willmar, MN                                                 ",5,7,7,0,0,0,0,,18,14,4,0,0,0
999,48900,"Wilmington, NC                                              ",4,667,576,2,3,86,3,,3418,2834,22,35,527,23
178,48940,"Wilmington, OH                                              ",5,7,7,0,0,0,0,,34,34,0,0,0,0
468,48980,"Wilson, NC                                                  ",5,46,22,0,0,24,4,,204,166,14,0,24,4
400,49010,"Winchester, TN                                              ",5,34,31,0,3,0,0,,164,155,6,3,0,0
548,49020,"Winchester, VA-WV                                           ",2,61,61,0,0,0,0,,391,391,0,0,0,0
999,49080,"Winnemucca, NV                                              ",5,6,2,4,0,0,0,,10,6,4,0,0,0
462,49100,"Winona, MN                                                  ",5,4,4,0,0,0,0,,11,11,0,0,0,0
268,49180,"Winston-Salem, NC                                           ",2,397,356,0,0,41,2,,1976,1898,0,0,78,8
554,49220,"Wisconsin Rapids-Marshfield, WI                             ",5,14,10,4,0,0,0,,54,46,8,0,0,0
999,49260,"Woodward, OK                                                ",5,0,0,0,0,0,0,,1,1,0,0,0,0
184,49300,"Wooster, OH                                                 ",5,24,24,0,0,0,0,,98,96,2,0,0,0
148,49340,"Worcester, MA                                               ",2,131,78,2,3,48,3,,661,306,48,6,301,16
999,49380,"Worthington, MN                                             ",5,0,0,0,0,0,0,,11,9,2,0,0,0
999,49420,"Yakima, WA                                                  ",4,66,61,2,3,0,0,,329,240,6,3,80,2
999,49460,"Yankton, SD                                                 ",5,7,7,0,0,0,0,,24,17,0,0,7,1
276,49620,"York-Hanover, PA                                            ",2,206,86,0,0,120,4,,877,443,4,8,422,12
566,49660,"Youngstown-Warren, OH                                       ",2,23,23,0,0,0,0,,110,102,8,0,0,0
472,49700,"Yuba City, CA                                               ",2,67,63,4,0,0,0,,271,267,4,0,0,0
999,49740,"Yuma, AZ                                                    ",4,57,53,4,0,0,0,,515,361,6,16,132,10
198,49780,"Zanesville, OH                                              ",5,11,3,2,0,6,1,,72,15,6,6,45,5