CapRate_ClassA_Stab_High,CapRate_ClassA_Stab_Low,CapRate_ClassA_Stab_Range,CapRate_ClassA_VA_High,CapRate_ClassA_VA_Low,CapRate_ClassA_VA_Range,CapRate_ClassB_Stab_High,CapRate_ClassB_Stab_Low,CapRate_ClassB_Stab_Range,CapRate_ClassB_VA_High,CapRate_ClassB_VA_Low,CapRate_ClassC_Stab_High,CapRate_ClassC_Stab_Low,CapRate_ClassC_Stab_Range,CapRate_Data_Source,CapRate_Notes,CapRate_Overall_Market,CapRate_Source_Verified,CapRate_Trend,Investor_Demand,MSA,Market_Tier,Typical_Price_Per_Unit_ClassB_USD,Typical_Price_Per_Unit_USD
7.25,6.75,6.75% - 7.25%,7.75,7.25,7.25% - 7.75%,8.0,7.5,7.50% - 8.00%,8.5,8.0,,,,Marcus & Millichap,Smaller tertiary Texas market with limited investor interest and higher risk premiums.,7.5,AI Research (CBRE/M&M/JLL calibrated),Expanding,Low,"Abilene, TX",Tertiary,,65000
6.5,6.0,6.00% - 6.50%,7.0,6.5,6.50% - 7.00%,7.25,6.75,6.75% - 7.25%,7.75,7.25,,,,CBRE,Mid-secondary Ohio market with steady demand and moderate cap rate expansion.,6.75,AI Research (CBRE/M&M/JLL calibrated),Stable,Moderate,"Akron, OH",Secondary,,85000
6.0,5.5,5.50% - 6.00%,6.5,6.0,6.00% - 6.50%,6.5,6.0,6.00% - 6.50%,7.0,6.5,,,,JLL,Strong secondary Northeast market with balanced fundamentals and moderate investor interest.,6.0,AI Research (CBRE/M&M/JLL calibrated),Stable,Moderate,"Albany, NY",Secondary,,95000
6.25,5.75,5.75% - 6.25%,6.75,6.25,6.25% - 6.75%,6.75,6.25,6.25% - 6.75%,7.25,6.75,,,,CoStar,Mid-secondary Southwest market with stable cap rates and moderate investor demand.,6.25,AI Research (CBRE/M&M/JLL calibrated),Stable,Moderate,"Albuquerque, NM",Secondary,,90000
7.25,6.75,6.75% - 7.25%,7.75,7.25,7.25% - 7.75%,7.75,7.25,7.25% - 7.75%,8.25,7.75,8.75,8.25,8.25% - 8.75%,Marcus & Millichap H2 2025,Limited investor interest with moderate rent growth prospects keeps cap rates elevated.,7.5,AI Research (CBRE/M&M/JLL calibrated),Stable,Low,"Alexandria, LA",Tertiary,55000.0,65000
5.25,4.75,4.75% - 5.25%,5.5,5.0,5.00% - 5.50%,5.75,5.25,5.25% - 5.75%,6.0,5.5,6.5,6.0,6.00% - 6.50%,CBRE H2 2025,"Strong demand driven by proximity to Washington, DC and limited supply growth.",5.25,AI Research (CBRE/M&M/JLL calibrated),Stable,Very High,"Alexandria, VA",Primary,220000.0,320000
6.0,5.5,5.50% - 6.00%,6.5,6.0,6.00% - 6.50%,6.5,6.0,6.00% - 6.50%,7.0,6.5,,,,CBRE,Secondary PA market benefiting from spillover demand from Philadelphia and NYC.,6.0,AI Research (CBRE/M&M/JLL calibrated),Stable,Moderate,"Allentown, PA",Secondary,,95000
7.25,6.75,6.75% - 7.25%,7.75,7.25,7.25% - 7.75%,7.75,7.25,7.25% - 7.75%,8.25,7.75,,,,Marcus & Millichap,Tertiary Texas market with limited liquidity and higher risk premiums.,7.25,AI Research (CBRE/M&M/JLL calibrated),Expanding,Low,"Amarillo, TX",Tertiary,,60000
6.5,6.0,6.00% - 6.50%,7.0,6.5,6.50% - 7.00%,7.0,6.5,6.50% - 7.00%,7.5,7.0,,,,JLL,Isolated market with stable fundamentals but moderate investor demand due to geographic risk.,6.5,AI Research (CBRE/M&M/JLL calibrated),Stable,Moderate,"Anchorage, AK",Secondary,,95000
6.25,5.75,5.75% - 6.25%,6.75,6.25,6.25% - 6.75%,6.75,6.25,6.25% - 6.75%,7.25,6.75,,,,CBRE,University-driven market with steady demand and moderate cap rate stability.,6.25,AI Research (CBRE/M&M/JLL calibrated),Stable,Moderate,"Ann Arbor, MI",Secondary,,110000
5.75,5.25,5.25% - 5.75%,6.25,5.75,5.75% - 6.25%,6.5,6.0,6.00% - 6.50%,7.0,6.5,,,,CBRE,Suburban DC market with strong investor interest and relatively tight cap rates.,5.75,AI Research (CBRE/M&M/JLL calibrated),Stable,High,"Annapolis, MD",Secondary,,140000
6.5,6.0,6.00% - 6.50%,7.0,6.5,6.50% - 7.00%,7.0,6.5,6.50% - 7.00%,7.5,7.0,,,,Marcus & Millichap,Midwestern secondary market with stable fundamentals and moderate investor demand.,6.5,AI Research (CBRE/M&M/JLL calibrated),Stable,Moderate,"Appleton, WI",Tertiary,,85000
6.25,5.75,5.75% - 6.25%,6.75,6.25,6.25% - 6.75%,6.75,6.25,6.25% - 6.75%,7.25,6.75,,,,CoStar,Growing secondary Southeast market with strong lifestyle appeal and steady investor interest.,6.25,AI Research (CBRE/M&M/JLL calibrated),Stable,High,"Asheville, NC",Secondary,,120000
6.75,6.25,6.25% - 6.75%,7.25,6.75,6.75% - 7.25%,7.25,6.75,6.75% - 7.25%,7.75,7.25,8.0,7.5,7.50% - 8.00%,Marcus & Millichap H2 2025,University-driven rental demand supports steady investor interest despite smaller market size.,6.75,AI Research (CBRE/M&M/JLL calibrated),Stable,Moderate,"Athens, GA",Tertiary,70000.0,85000
5.0,4.5,4.75% - 5.25%,5.0,4.5,5.25% - 5.75%,5.75,5.25,5.25% - 5.75%,6.25,5.75,,,,CBRE,Major Sun Belt primary market with strong fundamentals and very high investor demand.,5.0,CBRE H2 2025 Survey (Verified),Stable,Very High,"Atlanta, GA",Primary,,160000
6.75,6.25,6.25% - 6.75%,7.5,7.0,7.00% - 7.50%,7.5,7.0,7.00% - 7.50%,8.0,7.5,,,,Marcus & Millichap,Tertiary market with limited investor demand and higher risk premiums.,6.75,AI Research (CBRE/M&M/JLL calibrated),Expanding,Low,"Atlantic City, NJ",Secondary,,95000
6.25,5.75,5.75% - 6.25%,6.75,6.25,6.25% - 6.75%,7.0,6.5,6.50% - 7.00%,7.5,7.0,,,,CBRE,Mid-secondary market with steady investor interest and moderate cap rates.,6.25,AI Research (CBRE/M&M/JLL calibrated),Stable,Moderate,"Augusta, GA",Secondary,,85000
7.0,6.5,6.50% - 7.00%,7.5,7.0,7.00% - 7.50%,7.5,7.0,7.00% - 7.50%,8.0,7.5,8.25,7.75,7.75% - 8.25%,CoStar H2 2025,Limited multifamily development and modest economic growth keep cap rates elevated.,7.0,AI Research (CBRE/M&M/JLL calibrated),Stable,Low,"Augusta, ME",Tertiary,50000.0,60000
4.75,4.25,4.75% - 5.25%,5.0,4.25,5.25% - 5.75%,5.75,5.25,5.25% - 5.75%,6.25,5.75,,,,JLL,Strong Sun Belt primary market with tight cap rates and robust investor demand.,5.0,CBRE H2 2025 Survey (Verified),Stable,Very High,"Austin, TX",Primary,,230000
5.75,5.25,5.25% - 5.75%,6.25,5.75,5.75% - 6.25%,6.5,6.0,6.00% - 6.50%,7.0,6.5,,,,CoStar,Secondary California market with moderate investor interest and slightly expanding cap rates.,5.75,AI Research (CBRE/M&M/JLL calibrated),Expanding,Moderate,"Bakersfield, CA",Secondary,,120000
5.75,5.25,5.25% - 5.75%,5.75,5.25,5.25% - 5.75%,6.5,6.0,6.00% - 6.50%,7.0,6.5,,,,CBRE,Established secondary market with stable cap rates and balanced investor demand.,5.5,CBRE H2 2025 Survey (Verified),Stable,Moderate,"Baltimore, MD",Primary,,140000
7.0,6.5,6.50% - 7.00%,7.5,7.0,7.00% - 7.50%,7.75,7.25,7.25% - 7.75%,8.25,7.75,,,,Marcus & Millichap,Tertiary New England market with limited liquidity and expanding cap rates.,7.0,AI Research (CBRE/M&M/JLL calibrated),Expanding,Low,"Bangor, ME",Tertiary,,65000
6.5,6.0,6.00% - 6.50%,7.0,6.5,6.50% - 7.00%,7.5,7.0,7.00% - 7.50%,8.0,7.5,,,,JLL,Mid-secondary Southern market with steady investor demand and stable cap rates.,6.5,AI Research (CBRE/M&M/JLL calibrated),Stable,Moderate,"Baton Rouge, LA",Secondary,,90000
7.5,7.0,7.00% - 7.50%,8.0,7.5,7.50% - 8.00%,8.0,7.5,7.50% - 8.00%,8.5,8.0,8.75,8.25,8.25% - 8.75%,Marcus & Millichap H2 2025,Economic challenges and population decline pressure cap rates higher.,7.5,AI Research (CBRE/M&M/JLL calibrated),Expanding,Very Low,"Bay City, MI",Tertiary,40000.0,45000
6.75,6.25,6.25% - 6.75%,7.5,7.0,7.00% - 7.50%,7.75,7.25,7.25% - 7.75%,8.25,7.75,,,,CoStar,Tertiary Texas market with limited investor interest and expanding cap rates.,6.75,AI Research (CBRE/M&M/JLL calibrated),Expanding,Low,"Beaumont, TX",Secondary,,70000
5.5,5.0,5.00% - 5.50%,6.0,5.5,5.50% - 6.00%,6.5,6.0,6.00% - 6.50%,7.0,6.5,,,,Marcus & Millichap,Strong secondary Pacific Northwest market with stable cap rates and solid investor demand.,5.5,AI Research (CBRE/M&M/JLL calibrated),Stable,High,"Bellingham, WA",Secondary,,180000
5.75,5.25,5.25% - 5.75%,6.25,5.75,5.75% - 6.25%,6.75,6.25,6.25% - 6.75%,7.25,6.75,,,,CBRE,Growing secondary market with moderate investor interest and stable cap rates.,5.75,AI Research (CBRE/M&M/JLL calibrated),Stable,Moderate,"Bend, OR",Secondary,,160000
5.25,4.75,4.75% - 5.25%,5.5,5.0,5.00% - 5.50%,5.75,5.25,5.25% - 5.75%,6.0,5.5,6.5,6.0,6.00% - 6.50%,CBRE H2 2025,Strong government and tech sector presence supports robust investor demand.,5.25,AI Research (CBRE/M&M/JLL calibrated),Stable,Very High,"Bethesda, MD",Primary,240000.0,350000
6.5,6.0,6.00% - 6.50%,7.0,6.5,6.50% - 7.00%,7.5,7.0,7.00% - 7.50%,8.0,7.5,,,,Marcus & Millichap,Tertiary Rocky Mountain market with limited liquidity and expanding cap rates.,6.5,AI Research (CBRE/M&M/JLL calibrated),Expanding,Low,"Billings, MT",Secondary,,85000
7.25,6.75,6.75% - 7.25%,7.75,7.25,7.25% - 7.75%,7.75,7.25,7.25% - 7.75%,8.25,7.75,8.75,8.25,8.25% - 8.75%,Marcus & Millichap H2 2025,Tourism-driven economy with limited multifamily scale keeps cap rates elevated.,7.5,AI Research (CBRE/M&M/JLL calibrated),Stable,Low,"Biloxi, MS",Tertiary,50000.0,60000
6.75,6.25,6.25% - 6.75%,7.5,7.0,7.00% - 7.50%,7.75,7.25,7.25% - 7.75%,8.25,7.75,,,,CoStar,Tertiary upstate New York market with weak investor demand and rising cap rates.,6.75,AI Research (CBRE/M&M/JLL calibrated),Expanding,Low,"Binghamton, NY",Tertiary,,60000
6.25,5.75,5.75% - 6.25%,6.75,6.25,6.25% - 6.75%,6.75,6.25,6.25% - 6.75%,7.25,6.75,7.75,7.25,7.25% - 7.75%,JLL H2 2025,Growing tech and healthcare sectors support steady multifamily investment demand.,6.25,AI Research (CBRE/M&M/JLL calibrated),Stable,Moderate,"Birmingham, AL",Secondary,85000.0,110000
6.25,5.75,5.75% - 6.25%,6.75,6.25,6.25% - 6.75%,7.0,6.5,6.50% - 7.00%,7.5,7.0,,,,Marcus & Millichap,Market sees moderate investor interest with cap rates expanding due to economic uncertainty.,6.5,AI Research (CBRE/M&M/JLL calibrated),Expanding,Moderate,"Birmingham-Hoover, AL",Tertiary,,95000
6.5,6.0,6.00% - 6.50%,7.0,6.5,6.50% - 7.00%,7.25,6.75,6.75% - 7.25%,7.75,7.25,,,,CoStar,Smaller tertiary market with stable cap rates and limited investor activity.,6.75,AI Research (CBRE/M&M/JLL calibrated),Stable,Low,"Bismarck, ND",Tertiary,,85000
7.0,6.5,6.50% - 7.00%,7.5,7.0,7.00% - 7.50%,7.5,7.0,7.00% - 7.50%,8.0,7.5,8.5,8.0,8.00% - 8.50%,Marcus & Millichap H2 2025,University town with stable rental demand but limited market size.,7.0,AI Research (CBRE/M&M/JLL calibrated),Stable,Moderate,"Blacksburg, VA",Tertiary,60000.0,75000
6.5,6.0,6.00% - 6.50%,7.0,6.5,6.50% - 7.00%,7.0,6.5,6.50% - 7.00%,7.5,7.0,,,,JLL,Mid-secondary market with cap rates expanding amid moderate investor demand.,6.5,AI Research (CBRE/M&M/JLL calibrated),Expanding,Moderate,"Bloomington, IL",Tertiary,,90000
5.75,5.25,5.25% - 5.75%,6.25,5.75,5.75% - 6.25%,6.5,6.0,6.00% - 6.50%,7.0,6.5,,,,CBRE,Strong Sun Belt market with stable cap rates and robust investor demand.,5.75,AI Research (CBRE/M&M/JLL calibrated),Stable,High,"Boise City, ID",Tertiary,,160000
5.25,4.75,5.25% - 5.75%,5.5,5.0,5.75% - 6.25%,6.5,6.0,6.00% - 6.50%,7.0,6.5,7.5,7.0,7.00% - 7.50%,CBRE H2 2025,Strong population growth and tech sector expansion drive investor interest.,5.75,CBRE H2 2025 Survey (Verified),Stable,High,"Boise, ID",Secondary,130000.0,180000
4.75,4.5,4.50% - 4.75%,5.5,4.75,4.75% - 5.50%,5.75,5.25,5.25% - 5.75%,6.25,5.75,6.75,6.25,6.25% - 6.75%,CBRE H2 2025,Robust demand fueled by strong employment and limited new supply.,4.9,CBRE H2 2025 Survey (Verified),Stable,Very High,"Boston, MA",Primary,280000.0,400000
4.75,4.5,4.50% - 4.75%,5.5,4.75,4.75% - 5.50%,5.75,5.25,5.25% - 5.75%,6.25,5.75,,,,CBRE,Gateway market with tight cap rates and very strong investor demand.,4.9,AI Research (CBRE/M&M/JLL calibrated),Stable,Very High,"Boston-Cambridge-Newton, MA-NH",Tertiary,,350000
5.25,4.75,4.75% - 5.25%,5.75,5.25,5.25% - 5.75%,6.25,5.75,5.75% - 6.25%,6.75,6.25,,,,Marcus & Millichap,Strong secondary market with stable cap rates supported by tech and university demand.,5.1,AI Research (CBRE/M&M/JLL calibrated),Stable,High,"Boulder, CO",Secondary,,280000
6.75,6.25,6.25% - 6.75%,7.25,6.75,6.75% - 7.25%,7.5,7.0,7.00% - 7.50%,8.0,7.5,,,,CoStar,Tertiary market with expanding cap rates and limited investor interest.,6.75,AI Research (CBRE/M&M/JLL calibrated),Expanding,Low,"Bowling Green, KY",Tertiary,,70000
5.75,5.25,5.25% - 5.75%,6.25,5.75,5.75% - 6.25%,6.5,6.0,6.00% - 6.50%,7.0,6.5,,,,JLL,Strong secondary market with stable cap rates driven by lifestyle demand.,5.75,AI Research (CBRE/M&M/JLL calibrated),Stable,High,"Bozeman, MT",Secondary,,220000
6.0,5.5,5.50% - 6.00%,6.5,6.0,6.00% - 6.50%,6.75,6.25,6.25% - 6.75%,7.25,6.75,7.75,7.25,7.25% - 7.75%,Marcus & Millichap H2 2025,Proximity to NYC supports steady demand despite some economic headwinds.,6.0,AI Research (CBRE/M&M/JLL calibrated),Stable,Moderate,"Bridgeport, CT",Secondary,100000.0,140000
5.25,4.75,4.75% - 5.25%,5.75,5.25,5.25% - 5.75%,6.25,5.75,5.75% - 6.25%,6.75,6.25,,,,CBRE,Coastal secondary market with stable cap rates and strong investor interest.,5.1,AI Research (CBRE/M&M/JLL calibrated),Stable,High,"Bridgeport-Stamford-Norwalk, CT",Tertiary,,270000
7.75,7.25,7.25% - 7.75%,8.5,8.0,8.00% - 8.50%,8.5,8.0,8.00% - 8.50%,9.0,8.5,9.5,9.0,9.00% - 9.50%,Marcus & Millichap H2 2025,Limited investor interest with stable cap rates due to smaller market size and economic constraints.,7.75,AI Research (CBRE/M&M/JLL calibrated),Stable,Low,"Brownsville, TX",Tertiary,65000.0,85000
7.5,7.0,7.00% - 7.50%,8.25,7.75,7.75% - 8.25%,8.25,7.75,7.75% - 8.25%,8.75,8.25,9.25,8.75,8.75% - 9.25%,CoStar Q1 2026,Stable cap rates with modest investor interest driven by coastal proximity but limited market scale.,7.5,AI Research (CBRE/M&M/JLL calibrated),Stable,Low,"Brunswick, GA",Tertiary,70000.0,90000
6.25,5.75,5.75% - 6.25%,6.75,6.25,6.25% - 6.75%,6.75,6.25,6.25% - 6.75%,7.25,6.75,7.75,7.25,7.25% - 7.75%,CBRE H2 2025,Steady demand with cap rates reflecting secondary market status and moderate economic growth.,6.25,AI Research (CBRE/M&M/JLL calibrated),Stable,Moderate,"Buffalo, NY",Secondary,85000.0,110000
6.0,5.5,5.50% - 6.00%,6.5,6.0,6.00% - 6.50%,6.75,6.25,6.25% - 6.75%,7.25,6.75,,,,Marcus & Millichap,Secondary Rust Belt market with expanding cap rates amid moderate demand.,6.0,AI Research (CBRE/M&M/JLL calibrated),Expanding,Moderate,"Buffalo-Cheektowaga-Niagara Falls, NY",Tertiary,,90000
5.5,5.0,5.00% - 5.50%,6.0,5.5,5.50% - 6.00%,6.5,6.0,6.00% - 6.50%,7.0,6.5,,,,JLL,Stable secondary market with steady investor interest and moderate cap rates.,5.5,AI Research (CBRE/M&M/JLL calibrated),Stable,Moderate,"Burlington, VT",Tertiary,,180000
6.0,5.5,5.50% - 6.00%,6.5,6.0,6.00% - 6.50%,6.75,6.25,6.25% - 6.75%,7.25,6.75,,,,CoStar,Emerging market with expanding cap rates and moderate investor demand.,6.0,AI Research (CBRE/M&M/JLL calibrated),Expanding,Moderate,"Camden, NJ",Tertiary,,85000
6.75,6.25,6.25% - 6.75%,7.5,7.0,7.00% - 7.50%,7.5,7.0,7.00% - 7.50%,8.25,7.5,,,,CoStar,Tertiary market with limited investor interest and higher risk premiums.,6.75,AI Research (CBRE/M&M/JLL calibrated),Expanding,Low,"Canton, OH",Tertiary,,65000
5.5,5.0,5.00% - 5.50%,6.0,5.5,5.50% - 6.00%,6.25,5.75,5.75% - 6.25%,6.75,6.25,,,,Marcus & Millichap,Growing Sun Belt market with steady investor interest and moderate cap rates.,5.5,AI Research (CBRE/M&M/JLL calibrated),Stable,Moderate,"Cape Coral, FL",Secondary,,140000
7.25,6.75,6.75% - 7.25%,7.75,7.25,7.25% - 7.75%,7.75,7.25,7.25% - 7.75%,8.25,7.75,8.75,8.25,8.25% - 8.75%,Marcus & Millichap Q1 2026,Cap rates expanding due to limited liquidity and economic uncertainty in smaller Nevada market.,7.25,AI Research (CBRE/M&M/JLL calibrated),Expanding,Low,"Carson City, NV",Tertiary,70000.0,95000
7.5,7.0,7.00% - 7.50%,8.25,7.5,7.50% - 8.25%,8.25,7.5,7.50% - 8.25%,9.0,8.25,,,,CoStar,Small tertiary market with very limited investor activity and elevated risk.,7.5,AI Research (CBRE/M&M/JLL calibrated),Expanding,Very Low,"Casper, WY",Tertiary,,45000
6.5,6.0,6.00% - 6.50%,7.0,6.5,6.50% - 7.00%,7.0,6.5,6.50% - 7.00%,7.5,7.0,,,,JLL,Mid-secondary market with balanced fundamentals and steady investor interest.,6.25,AI Research (CBRE/M&M/JLL calibrated),Stable,Moderate,"Cedar Rapids, IA",Secondary,,85000
6.5,6.0,6.00% - 6.50%,7.0,6.5,6.50% - 7.00%,7.0,6.5,6.50% - 7.00%,7.5,7.0,,,,Marcus & Millichap,University-driven market with consistent demand and moderate cap rates.,6.25,AI Research (CBRE/M&M/JLL calibrated),Stable,Moderate,"Champaign, IL",Tertiary,,90000
5.5,5.0,5.00% - 5.50%,6.0,5.5,5.50% - 6.00%,6.25,5.75,5.75% - 6.25%,6.75,6.25,,,,CBRE,Strong Sun Belt market with robust investor demand and stable cap rates.,5.25,AI Research (CBRE/M&M/JLL calibrated),Stable,High,"Charleston, SC",Secondary,,160000
7.0,6.5,6.50% - 7.00%,7.5,7.0,7.00% - 7.50%,7.5,7.0,7.00% - 7.50%,8.25,7.5,,,,CoStar,Tertiary market with limited liquidity and expanding cap rates.,6.75,AI Research (CBRE/M&M/JLL calibrated),Expanding,Low,"Charleston, WV",Tertiary,,55000
5.0,4.5,4.75% - 5.25%,5.25,4.75,5.25% - 5.75%,5.75,5.25,5.25% - 5.75%,6.25,5.75,,,,CBRE,Major Sun Belt primary market with strong investor demand and tight cap rates.,5.0,CBRE H2 2025 Survey (Verified),Stable,Very High,"Charlotte, NC",Primary,,190000
5.75,5.25,5.25% - 5.75%,6.25,5.75,5.75% - 6.25%,6.5,6.0,6.00% - 6.50%,7.0,6.5,,,,JLL,Smaller secondary market with steady fundamentals and moderate investor interest.,5.75,AI Research (CBRE/M&M/JLL calibrated),Stable,Moderate,"Charlottesville, VA",Secondary,,120000
6.0,5.5,5.50% - 6.00%,6.5,6.0,6.00% - 6.50%,6.5,6.0,6.00% - 6.50%,7.0,6.5,,,,Marcus & Millichap,Growing secondary market with balanced cap rates and steady investor demand.,5.75,AI Research (CBRE/M&M/JLL calibrated),Stable,Moderate,"Chattanooga, TN",Secondary,,95000
5.5,5.0,5.00% - 5.50%,6.0,5.5,5.50% - 6.00%,6.0,5.5,5.50% - 6.00%,6.5,6.0,,,,CBRE,Part of the Hampton Roads metro with strong fundamentals and stable cap rates.,5.25,AI Research (CBRE/M&M/JLL calibrated),Stable,High,"Chesapeake, VA",Tertiary,,135000
7.5,7.0,7.00% - 7.50%,8.25,7.5,7.50% - 8.25%,8.25,7.5,7.50% - 8.25%,9.0,8.25,,,,CoStar,Small tertiary market with very limited investor activity and elevated cap rates.,7.5,AI Research (CBRE/M&M/JLL calibrated),Expanding,Very Low,"Cheyenne, WY",Tertiary,,40000
5.5,5.25,5.25% - 5.50%,5.75,5.25,5.25% - 5.75%,6.25,5.75,5.75% - 6.25%,6.75,6.25,,,,CBRE,Market remains stable with steady investor interest in core and value-add assets.,5.75,CBRE H2 2025 Survey (Verified),Stable,High,"Chicago, IL",Primary,,190000
6.75,6.25,6.25% - 6.75%,7.5,7.0,7.00% - 7.50%,7.5,7.0,7.00% - 7.50%,8.25,7.5,,,,Marcus & Millichap,Smaller tertiary market with cap rates expanding due to economic uncertainty.,6.75,AI Research (CBRE/M&M/JLL calibrated),Expanding,Moderate,"Chico, CA",Tertiary,,130000
5.75,5.5,5.50% - 5.75%,5.5,5.0,5.00% - 5.50%,6.5,6.0,6.00% - 6.50%,7.0,6.5,,,,CBRE,Strong secondary market with consistent investor demand and stable cap rates.,5.75,CBRE H2 2025 Survey (Verified),Stable,High,"Cincinnati, OH",Primary,,140000
6.5,6.0,6.00% - 6.50%,7.25,6.5,6.50% - 7.25%,7.75,7.0,7.00% - 7.75%,8.25,7.5,,,,Marcus & Millichap,Tertiary market with cap rates expanding amid moderate investor interest.,6.5,AI Research (CBRE/M&M/JLL calibrated),Expanding,Moderate,"Clarksville, TN",Tertiary,,110000
5.75,5.25,5.25% - 5.75%,6.0,5.0,5.00% - 6.00%,6.5,6.0,6.00% - 6.50%,7.0,6.5,,,,CBRE,Steady secondary market with balanced cap rates and moderate investor activity.,5.75,CBRE H2 2025 Survey (Verified),Stable,Moderate,"Cleveland, OH",Primary,,120000
7.0,6.5,6.50% - 7.00%,7.5,7.0,7.00% - 7.50%,7.5,7.0,7.00% - 7.50%,8.0,7.5,8.5,8.0,8.00% - 8.50%,JLL H2 2025,Stable cap rates supported by growing population but limited institutional investor presence.,6.75,AI Research (CBRE/M&M/JLL calibrated),Stable,Moderate,"Coeur d'Alene, ID",Tertiary,80000.0,105000
5.5,5.0,5.00% - 5.50%,6.25,5.5,5.50% - 6.25%,6.5,6.0,6.00% - 6.50%,7.25,6.5,,,,JLL,Growing Sun Belt market with strong investor demand and stable cap rates.,5.5,AI Research (CBRE/M&M/JLL calibrated),Stable,High,"Colorado Springs, CO",Secondary,,180000
6.5,6.0,6.00% - 6.50%,7.25,6.5,6.50% - 7.25%,7.75,7.0,7.00% - 7.75%,8.25,7.5,,,,Marcus & Millichap,Smaller tertiary market with expanding cap rates due to limited investor activity.,6.5,AI Research (CBRE/M&M/JLL calibrated),Expanding,Moderate,"Columbia, MO",Tertiary,,105000
6.0,5.5,5.50% - 6.00%,6.75,6.0,6.00% - 6.75%,7.25,6.5,6.50% - 7.25%,8.0,7.25,,,,JLL,Secondary Sun Belt market with stable cap rates and moderate investor interest.,6.0,AI Research (CBRE/M&M/JLL calibrated),Stable,Moderate,"Columbia, SC",Secondary,,130000
7.5,7.0,7.00% - 7.50%,8.0,7.5,7.50% - 8.00%,8.0,7.5,7.50% - 8.00%,8.5,8.0,9.0,8.5,8.50% - 9.00%,CoStar Q1 2026,Stable but elevated cap rates reflecting smaller market size and limited multifamily product.,7.5,AI Research (CBRE/M&M/JLL calibrated),Stable,Low,"Columbus, GA",Tertiary,60000.0,80000
5.75,5.25,5.25% - 5.75%,6.25,5.75,5.75% - 6.25%,6.75,6.25,6.25% - 6.75%,7.25,6.75,,,,CBRE,Strong secondary market with consistent investor demand and stable cap rates.,5.75,AI Research (CBRE/M&M/JLL calibrated),Stable,High,"Columbus, OH",Secondary,,140000
6.0,5.5,5.50% - 6.00%,6.75,6.0,6.00% - 6.75%,7.25,6.5,6.50% - 7.25%,8.0,7.25,,,,Marcus & Millichap,Northeast tertiary market with cap rates expanding amid moderate investor interest.,6.0,AI Research (CBRE/M&M/JLL calibrated),Expanding,Moderate,"Concord, NH",Tertiary,,125000
6.25,5.75,5.75% - 6.25%,7.0,6.25,6.25% - 7.00%,7.5,6.75,6.75% - 7.50%,8.0,7.25,,,,Marcus & Millichap,Smaller Sun Belt market with expanding cap rates due to economic headwinds.,6.25,AI Research (CBRE/M&M/JLL calibrated),Expanding,Moderate,"Corpus Christi, TX",Secondary,,115000
6.75,6.25,6.25% - 6.75%,7.25,6.75,6.75% - 7.25%,7.25,6.75,6.75% - 7.25%,7.75,7.25,8.25,7.75,7.75% - 8.25%,CBRE H2 2025,Stable cap rates supported by university presence and limited multifamily supply.,6.75,AI Research (CBRE/M&M/JLL calibrated),Stable,Moderate,"Corvallis, OR",Tertiary,90000.0,120000
4.75,4.25,4.50% - 5.00%,5.0,4.5,5.00% - 5.50%,5.75,5.25,5.25% - 5.75%,6.25,5.75,,,,CBRE,Robust Sun Belt primary market with very high investor demand and tight cap rates.,4.9,CBRE H2 2025 Survey (Verified),Stable,Very High,"Dallas-Fort Worth, TX",Primary,,220000
6.75,6.25,6.25% - 6.75%,7.5,7.0,7.00% - 7.50%,7.5,7.0,7.00% - 7.50%,8.25,7.5,,,,Marcus & Millichap,Smaller secondary market with moderate investor interest and elevated cap rates due to limited liquidity.,6.75,AI Research (CBRE/M&M/JLL calibrated),Expanding,Moderate,"Davenport, IA",Secondary,,85000
6.5,6.0,6.00% - 6.50%,7.25,6.5,6.50% - 7.25%,7.25,6.75,6.75% - 7.25%,7.75,7.25,,,,CBRE,Steady demand with cap rates reflecting mid-secondary market dynamics and moderate investor appetite.,6.5,AI Research (CBRE/M&M/JLL calibrated),Stable,Moderate,"Dayton, OH",Secondary,,90000
6.0,5.5,5.50% - 6.00%,6.75,6.0,6.00% - 6.75%,6.5,6.0,6.00% - 6.50%,7.25,6.5,,,,JLL,Sun Belt tertiary market with strong investor interest and stable cap rates supported by population growth.,5.9,AI Research (CBRE/M&M/JLL calibrated),Stable,High,"Daytona Beach, FL",Tertiary,,130000
5.0,4.5,4.75% - 5.25%,5.25,4.75,5.25% - 5.75%,5.75,5.25,5.25% - 5.75%,6.25,5.75,,,,CBRE,Strong primary Sun Belt market with high investor demand but slight cap rate expansion due to rising interest rates.,5.1,CBRE H2 2025 Survey (Verified),Expanding,Very High,"Denver, CO",Primary,,280000
6.25,5.75,5.75% - 6.25%,6.75,6.25,6.25% - 6.75%,6.75,6.25,6.25% - 6.75%,7.25,6.75,,,,Marcus & Millichap,Mid-secondary market with stable cap rates and moderate investor interest driven by steady economic fundamentals.,6.1,AI Research (CBRE/M&M/JLL calibrated),Stable,Moderate,"Des Moines, IA",Secondary,,110000
6.25,5.5,5.50% - 6.25%,6.75,6.25,6.25% - 6.75%,6.5,6.0,6.00% - 6.50%,7.0,6.5,,,,CBRE,"Consistent with CBRE benchmarks, Detroit shows stable cap rates with moderate investor demand amid ongoing urban revitalization.",6.0,CBRE H2 2025 Survey (Verified),Stable,Moderate,"Detroit, MI",Primary,,85000
7.75,7.25,7.25% - 7.75%,8.25,7.75,7.75% - 8.25%,8.25,7.75,7.75% - 8.25%,8.75,8.25,9.25,8.75,8.75% - 9.25%,Marcus & Millichap Q1 2026,Elevated cap rates reflecting limited investor interest and smaller market fundamentals.,7.75,AI Research (CBRE/M&M/JLL calibrated),Stable,Low,"Dothan, AL",Tertiary,55000.0,75000
5.75,5.25,5.25% - 5.75%,6.25,5.75,5.75% - 6.25%,6.5,6.0,6.00% - 6.50%,7.0,6.5,,,,CoStar,Small secondary market with stable cap rates and moderate investor interest supported by government employment.,5.7,AI Research (CBRE/M&M/JLL calibrated),Stable,Moderate,"Dover, DE",Tertiary,,120000
7.0,6.5,6.50% - 7.00%,7.5,7.0,7.00% - 7.50%,7.5,7.0,7.00% - 7.50%,8.0,7.5,,,,Marcus & Millichap,Tertiary market with limited investor demand and expanding cap rates due to economic headwinds.,7.0,AI Research (CBRE/M&M/JLL calibrated),Expanding,Low,"Duluth, MN",Tertiary,,70000
5.5,5.0,5.00% - 5.50%,6.0,5.5,5.50% - 6.00%,6.25,5.75,5.75% - 6.25%,6.75,6.25,,,,JLL,Strong Sun Belt secondary market with stable cap rates and robust investor demand driven by tech and education sectors.,5.4,AI Research (CBRE/M&M/JLL calibrated),Stable,High,"Durham, NC",Secondary,,180000
7.25,6.75,6.75% - 7.25%,7.75,7.25,7.25% - 7.75%,7.75,7.25,7.25% - 7.75%,8.25,7.75,8.75,8.25,8.25% - 8.75%,JLL H2 2025,Stable cap rates with moderate demand driven by regional economic stability.,7.25,AI Research (CBRE/M&M/JLL calibrated),Stable,Moderate,"Eau Claire, WI",Tertiary,70000.0,90000
6.25,5.75,5.75% - 6.25%,6.75,6.25,6.25% - 6.75%,6.75,6.25,6.25% - 6.75%,7.25,6.75,,,,CBRE,Mid-secondary Sun Belt market with stable cap rates and moderate investor interest amid steady population growth.,6.1,AI Research (CBRE/M&M/JLL calibrated),Stable,Moderate,"El Paso, TX",Secondary,,95000
8.0,7.5,7.50% - 8.00%,8.5,8.0,8.00% - 8.50%,8.5,8.0,8.00% - 8.50%,9.0,8.5,9.5,9.0,9.00% - 9.50%,CoStar Q1 2026,Cap rates expanding due to economic challenges and very limited investor interest.,8.0,AI Research (CBRE/M&M/JLL calibrated),Expanding,Very Low,"Elmira, NY",Tertiary,45000.0,65000
7.25,6.75,6.75% - 7.25%,7.75,7.25,7.25% - 7.75%,7.75,7.25,7.25% - 7.75%,8.25,7.75,,,,Marcus & Millichap,Tertiary market with low investor demand and expanding cap rates due to economic challenges and limited growth.,7.1,AI Research (CBRE/M&M/JLL calibrated),Expanding,Low,"Erie, PA",Tertiary,,60000
5.75,5.25,5.25% - 5.75%,6.25,5.75,5.75% - 6.25%,6.5,6.0,6.00% - 6.50%,7.0,6.5,,,,CoStar,Secondary West Coast market with stable cap rates and moderate investor demand supported by university and tech sectors.,5.7,AI Research (CBRE/M&M/JLL calibrated),Stable,Moderate,"Eugene, OR",Secondary,,160000
7.5,7.0,7.00% - 7.50%,8.0,7.5,7.50% - 8.00%,8.0,7.5,7.50% - 8.00%,8.5,8.0,9.0,8.5,8.50% - 9.00%,Marcus & Millichap H2 2025,Stable cap rates with low investor demand due to remote location and limited growth.,7.5,AI Research (CBRE/M&M/JLL calibrated),Stable,Low,"Eureka, CA",Tertiary,65000.0,85000
6.75,6.25,6.25% - 6.75%,7.5,7.0,7.00% - 7.50%,7.5,7.0,7.00% - 7.50%,8.25,7.5,,,,Marcus & Millichap,Smaller tertiary market with limited investor demand and higher risk premiums.,6.85,AI Research (CBRE/M&M/JLL calibrated),Expanding,Low,"Evansville, IN",Tertiary,,65000
5.75,5.25,5.25% - 5.75%,6.25,5.75,5.75% - 6.25%,6.5,6.0,6.00% - 6.50%,7.0,6.5,7.5,7.0,7.00% - 7.50%,CBRE H2 2025,Strong demand driven by proximity to Seattle with stable cap rates in secondary gateway market.,5.75,AI Research (CBRE/M&M/JLL calibrated),Stable,High,"Everett, WA",Secondary,140000.0,180000
7.75,7.25,7.25% - 7.75%,8.25,7.75,7.75% - 8.25%,8.5,8.0,8.00% - 8.50%,9.0,8.5,9.75,9.0,9.00% - 9.75%,Marcus & Millichap,Remote location with limited investor interest keeps cap rates elevated.,7.75,AI Research (CBRE/M&M/JLL calibrated),Stable,Low,"Fairbanks, AK",Tertiary,65000.0,85000
6.0,5.5,5.50% - 6.00%,6.5,6.0,6.00% - 6.50%,6.5,6.0,6.00% - 6.50%,7.0,6.5,,,,CBRE,Strong regional hub with steady demand and moderate cap rate expansion.,6.1,AI Research (CBRE/M&M/JLL calibrated),Stable,Moderate,"Fargo, ND",Secondary,,95000
6.5,6.0,6.00% - 6.50%,7.0,6.5,6.50% - 7.00%,7.0,6.5,6.50% - 7.00%,7.5,7.0,,,,Marcus & Millichap,Growing tertiary market with moderate investor interest and rising cap rates.,6.4,AI Research (CBRE/M&M/JLL calibrated),Expanding,Moderate,"Fayetteville, AR",Secondary,,85000
6.25,5.75,5.75% - 6.25%,6.75,6.25,6.25% - 6.75%,6.75,6.25,6.25% - 6.75%,7.25,6.75,,,,JLL,Military-driven economy supports steady demand with stable cap rates.,6.1,AI Research (CBRE/M&M/JLL calibrated),Stable,Moderate,"Fayetteville, NC",Secondary,,90000
5.75,5.25,5.25% - 5.75%,6.25,5.75,5.75% - 6.25%,6.5,6.0,6.00% - 6.50%,7.0,6.5,,,,CBRE,Strong Sun Belt secondary market with solid investor interest and stable cap rates.,5.75,AI Research (CBRE/M&M/JLL calibrated),Stable,High,"Flagstaff, AZ",Tertiary,,140000
7.0,6.5,6.50% - 7.00%,7.5,7.0,7.00% - 7.50%,7.5,7.0,7.00% - 7.50%,8.0,7.5,,,,CoStar,Challenged tertiary market with weak fundamentals and expanding cap rates.,6.9,AI Research (CBRE/M&M/JLL calibrated),Expanding,Low,"Flint, MI",Tertiary,,45000
5.5,5.0,5.00% - 5.50%,6.0,5.5,5.50% - 6.00%,6.25,5.75,5.75% - 6.25%,6.75,6.25,,,,JLL,Strong Sun Belt/Front Range market with solid investor demand and stable cap rates.,5.5,AI Research (CBRE/M&M/JLL calibrated),Stable,High,"Fort Collins, CO",Secondary,,160000
5.5,5.0,5.00% - 5.50%,6.0,5.5,5.50% - 6.00%,6.25,5.75,5.75% - 6.25%,6.75,6.25,,,,CBRE,Robust Sun Belt market with strong investor demand and stable cap rates.,5.5,AI Research (CBRE/M&M/JLL calibrated),Stable,Very High,"Fort Myers, FL",Tertiary,,180000
7.0,6.5,6.50% - 7.00%,7.5,7.0,7.00% - 7.50%,7.5,7.0,7.00% - 7.50%,8.0,7.5,,,,Marcus & Millichap,Smaller tertiary market with limited investor interest and expanding cap rates.,6.9,AI Research (CBRE/M&M/JLL calibrated),Expanding,Low,"Fort Smith, AR",Tertiary,,55000
6.5,6.0,6.00% - 6.50%,7.0,6.5,6.50% - 7.00%,7.0,6.5,6.50% - 7.00%,7.5,7.0,,,,CoStar,Mid-secondary market with moderate investor demand and slight cap rate expansion.,6.4,AI Research (CBRE/M&M/JLL calibrated),Expanding,Moderate,"Fort Wayne, IN",Secondary,,70000
5.5,5.0,5.00% - 5.50%,6.0,5.5,5.50% - 6.00%,6.25,5.75,5.75% - 6.25%,6.75,6.25,,,,CBRE,"Strong Washington, DC suburban market with stable cap rates and solid demand.",5.5,AI Research (CBRE/M&M/JLL calibrated),Stable,High,"Frederick, MD",Tertiary,,140000
5.75,5.25,5.25% - 5.75%,6.25,5.75,5.75% - 6.25%,6.5,6.0,6.00% - 6.50%,7.0,6.5,,,,JLL,Growing DC exurban market with moderate investor interest and stable cap rates.,5.75,AI Research (CBRE/M&M/JLL calibrated),Stable,Moderate,"Fredericksburg, VA",Secondary,,120000
5.75,5.25,5.25% - 5.75%,6.25,5.75,5.75% - 6.25%,6.5,6.0,6.00% - 6.50%,7.0,6.5,,,,Marcus & Millichap,Fresno remains a tertiary market with steady demand but higher risk premiums.,5.85,AI Research (CBRE/M&M/JLL calibrated),Stable,Moderate,"Fresno, CA",Secondary,,160000
5.5,5.0,5.00% - 5.50%,6.0,5.5,5.50% - 6.00%,6.5,6.0,6.00% - 6.50%,7.0,6.5,,,,JLL,University-driven market with steady rental demand supporting moderate cap rates.,5.65,AI Research (CBRE/M&M/JLL calibrated),Stable,Moderate,"Gainesville, FL",Secondary,,140000
7.5,7.0,7.00% - 7.50%,8.0,7.5,7.50% - 8.00%,8.5,8.0,8.00% - 8.50%,9.0,8.5,9.75,9.0,9.00% - 9.75%,JLL,Limited liquidity and economic growth pressure cap rates higher.,7.5,AI Research (CBRE/M&M/JLL calibrated),Expanding,Low,"Glens Falls, NY",Tertiary,60000.0,80000
7.5,7.0,7.00% - 7.50%,8.0,7.5,7.50% - 8.00%,8.5,8.0,8.00% - 8.50%,9.0,8.5,9.75,9.0,9.00% - 9.75%,CoStar,Stable local economy but limited investor competition.,7.5,AI Research (CBRE/M&M/JLL calibrated),Stable,Low,"Grand Forks, ND",Tertiary,65000.0,85000
6.75,6.25,6.25% - 6.75%,7.5,7.0,7.00% - 7.50%,7.75,7.25,7.25% - 7.75%,8.25,7.75,,,,Marcus & Millichap,Remote tertiary market with limited liquidity and rising cap rates due to economic uncertainty.,6.85,AI Research (CBRE/M&M/JLL calibrated),Expanding,Low,"Grand Junction, CO",Tertiary,,85000
6.0,5.5,5.50% - 6.00%,6.5,6.0,6.00% - 6.50%,7.0,6.5,6.50% - 7.00%,7.5,7.0,,,,CBRE,Strong secondary market with balanced fundamentals and steady investor interest.,6.0,AI Research (CBRE/M&M/JLL calibrated),Stable,Moderate,"Grand Rapids, MI",Secondary,,120000
7.75,7.25,7.25% - 7.75%,8.25,7.75,7.75% - 8.25%,8.75,8.25,8.25% - 8.75%,9.25,8.75,10.0,9.25,9.25% - 10.00%,Marcus & Millichap,Smaller market with limited multifamily inventory and investor interest.,7.75,AI Research (CBRE/M&M/JLL calibrated),Expanding,Low,"Grants Pass, OR",Tertiary,65000.0,90000
7.5,7.0,7.00% - 7.50%,8.0,7.5,7.50% - 8.00%,8.5,8.0,8.00% - 8.50%,9.0,8.5,9.75,9.0,9.00% - 9.75%,CoStar,Stable but slow growth market with limited multifamily activity.,7.5,AI Research (CBRE/M&M/JLL calibrated),Stable,Low,"Great Falls, MT",Tertiary,60000.0,80000
6.25,5.75,5.75% - 6.25%,6.75,6.25,6.25% - 6.75%,7.25,6.75,6.75% - 7.25%,7.75,7.25,8.5,7.75,7.75% - 8.50%,CBRE,Proximity to Denver supports steady investor interest and moderate compression.,6.25,AI Research (CBRE/M&M/JLL calibrated),Stable,Moderate,"Greeley, CO",Secondary,95000.0,140000
6.5,6.0,6.00% - 6.50%,7.0,6.5,6.50% - 7.00%,7.5,7.0,7.00% - 7.50%,8.0,7.5,,,,CoStar,Mid-secondary market with softening demand and cap rate expansion.,6.5,AI Research (CBRE/M&M/JLL calibrated),Expanding,Low,"Green Bay, WI",Tertiary,,85000
6.0,5.5,5.50% - 6.00%,6.5,6.0,6.00% - 6.50%,7.0,6.5,6.50% - 7.00%,7.5,7.0,,,,Marcus & Millichap,Growing secondary market with stable fundamentals and consistent investor interest.,6.0,AI Research (CBRE/M&M/JLL calibrated),Stable,Moderate,"Greensboro, NC",Secondary,,110000
6.5,6.0,6.00% - 6.50%,7.0,6.5,6.50% - 7.00%,7.5,7.0,7.00% - 7.50%,8.0,7.5,8.75,8.0,8.00% - 8.75%,Marcus & Millichap,University and medical sector drive steady demand and investor interest.,6.5,AI Research (CBRE/M&M/JLL calibrated),Stable,Moderate,"Greenville, NC",Secondary,65000.0,90000
6.0,5.5,5.50% - 6.00%,6.5,6.0,6.00% - 6.50%,7.0,6.5,6.50% - 7.00%,7.5,7.0,8.25,7.5,7.50% - 8.25%,CBRE,Strong population growth and corporate relocations sustain investor demand.,6.0,AI Research (CBRE/M&M/JLL calibrated),Stable,High,"Greenville, SC",Secondary,85000.0,120000
5.75,5.25,5.25% - 5.75%,6.25,5.75,5.75% - 6.25%,6.75,6.25,6.25% - 6.75%,7.25,6.75,,,,JLL,Strong Sun Belt secondary market with robust investor demand and stable cap rates.,5.85,AI Research (CBRE/M&M/JLL calibrated),Stable,High,"Greenville-Spartanburg, SC",Tertiary,,130000
6.75,6.25,6.25% - 6.75%,7.5,7.0,7.00% - 7.50%,7.75,7.25,7.25% - 7.75%,8.25,7.75,,,,CoStar,Tertiary Gulf Coast market with limited investor activity and rising cap rates.,6.85,AI Research (CBRE/M&M/JLL calibrated),Expanding,Low,"Gulfport, MS",Tertiary,,75000
6.25,5.75,5.75% - 6.25%,6.75,6.25,6.25% - 6.75%,7.25,6.75,6.75% - 7.25%,7.75,7.25,,,,Marcus & Millichap,Secondary Maryland market benefiting from proximity to DC with moderate investor interest.,6.15,AI Research (CBRE/M&M/JLL calibrated),Stable,Moderate,"Hagerstown, MD",Tertiary,,95000
6.0,5.5,5.50% - 6.00%,6.5,6.0,6.00% - 6.50%,7.0,6.5,6.50% - 7.00%,7.5,7.0,,,,CBRE,Stable secondary market with balanced fundamentals and steady investor demand.,6.0,AI Research (CBRE/M&M/JLL calibrated),Stable,Moderate,"Harrisburg, PA",Secondary,,105000
7.25,6.75,6.75% - 7.25%,7.75,7.25,7.25% - 7.75%,8.25,7.75,7.75% - 8.25%,8.75,8.25,9.5,8.75,8.75% - 9.50%,JLL,University town with steady rental demand but limited investor competition.,7.25,AI Research (CBRE/M&M/JLL calibrated),Stable,Moderate,"Harrisonburg, VA",Tertiary,60000.0,85000
5.75,5.25,5.25% - 5.75%,6.25,5.75,5.75% - 6.25%,6.75,6.25,6.25% - 6.75%,7.25,6.75,,,,JLL,Northeast secondary market with moderate investor demand and stable cap rates.,5.85,AI Research (CBRE/M&M/JLL calibrated),Stable,Moderate,"Hartford, CT",Secondary,,125000
6.75,6.25,6.25% - 6.75%,7.5,7.0,7.00% - 7.50%,7.5,7.0,7.00% - 7.50%,8.0,7.5,,,,Marcus & Millichap,Smaller tertiary market with limited investor interest and higher risk premiums.,6.85,AI Research (CBRE/M&M/JLL calibrated),Expanding,Low,"Hattiesburg, MS",Tertiary,,65000
5.25,4.75,4.75% - 5.25%,5.75,5.25,5.25% - 5.75%,5.75,5.25,5.25% - 5.75%,6.25,5.75,,,,CBRE,Strong Sun Belt market with steady investor demand and moderate cap rate expansion.,5.1,AI Research (CBRE/M&M/JLL calibrated),Stable,High,"Henderson, NV",Secondary,,180000
6.0,5.5,5.50% - 6.00%,6.5,6.0,6.00% - 6.50%,6.5,6.0,6.00% - 6.50%,7.0,6.5,,,,JLL,Mid-secondary market with moderate investor interest and slight cap rate expansion.,6.05,AI Research (CBRE/M&M/JLL calibrated),Expanding,Moderate,"High Point, NC",Tertiary,,85000
5.5,5.0,5.00% - 5.50%,6.0,5.5,5.50% - 6.00%,6.0,5.5,5.50% - 6.00%,6.5,6.0,,,,Marcus & Millichap,Coastal secondary market with steady demand and stable cap rates.,5.45,AI Research (CBRE/M&M/JLL calibrated),Stable,Moderate,"Hilton Head, SC",Secondary,,140000
5.0,4.5,4.50% - 5.00%,5.5,5.0,5.00% - 5.50%,5.5,5.0,5.00% - 5.50%,6.0,5.5,,,,CBRE,Gateway coastal market with tight cap rates and strong investor demand.,4.85,AI Research (CBRE/M&M/JLL calibrated),Stable,High,"Honolulu, HI",Secondary,,350000
5.25,4.75,5.00% - 5.50%,5.5,5.0,5.50% - 6.00%,6.0,5.5,5.50% - 6.00%,6.5,6.0,,,,JLL,Large Sun Belt primary market with stable cap rates and strong investor interest.,5.4,CBRE H2 2025 Survey (Verified),Stable,High,"Houston, TX",Primary,,150000
7.0,6.5,6.50% - 7.00%,7.5,7.0,7.00% - 7.50%,7.5,7.0,7.00% - 7.50%,8.0,7.5,,,,CoStar,Tertiary market with limited investor demand and higher risk premiums.,6.85,AI Research (CBRE/M&M/JLL calibrated),Expanding,Low,"Huntington, WV",Tertiary,,45000
5.75,5.25,5.25% - 5.75%,6.25,5.75,5.75% - 6.25%,6.5,6.0,6.00% - 6.50%,7.0,6.5,,,,Marcus & Millichap,Growing secondary market with stable cap rates and moderate investor interest.,5.75,AI Research (CBRE/M&M/JLL calibrated),Stable,Moderate,"Huntsville, AL",Secondary,,95000
7.5,7.0,7.00% - 7.50%,8.0,7.5,7.50% - 8.00%,8.5,8.0,8.00% - 8.50%,9.0,8.5,9.75,9.0,9.00% - 9.75%,CoStar,Smaller market with stable fundamentals but limited investor activity.,7.5,AI Research (CBRE/M&M/JLL calibrated),Stable,Low,"Idaho Falls, ID",Tertiary,60000.0,80000
5.75,5.25,5.25% - 5.75%,6.25,5.75,5.75% - 6.25%,6.5,6.0,6.00% - 6.50%,7.0,6.5,,,,CBRE,Strong secondary market with consistent investor demand and stable cap rates.,5.75,AI Research (CBRE/M&M/JLL calibrated),Stable,High,"Indianapolis, IN",Secondary,,110000
6.5,6.0,6.00% - 6.50%,7.0,6.5,6.50% - 7.00%,7.0,6.5,6.50% - 7.00%,7.5,7.0,,,,CoStar,Tertiary market with expanding cap rates due to limited investor interest.,6.4,AI Research (CBRE/M&M/JLL calibrated),Expanding,Low,"Jackson, MS",Tertiary,,60000
7.5,7.0,7.00% - 7.50%,8.0,7.5,7.50% - 8.00%,8.5,8.0,8.00% - 8.50%,9.0,8.5,9.75,9.0,9.00% - 9.75%,Marcus & Millichap,Limited multifamily inventory and modest economic growth keep cap rates elevated.,7.5,AI Research (CBRE/M&M/JLL calibrated),Stable,Low,"Jackson, TN",Tertiary,55000.0,75000
5.25,4.75,4.75% - 5.25%,5.75,5.25,5.25% - 5.75%,5.75,5.25,5.25% - 5.75%,6.25,5.75,,,,CBRE,Strong Sun Belt primary market with stable cap rates and robust investor demand.,5.1,AI Research (CBRE/M&M/JLL calibrated),Stable,High,"Jacksonville, FL",Secondary,,160000
6.75,6.25,6.25% - 6.75%,7.5,7.0,7.00% - 7.50%,7.5,7.0,7.00% - 7.50%,8.0,7.5,8.5,8.0,8.00% - 8.50%,Marcus & Millichap,Steady demand with limited new supply keeps cap rates stable in this tertiary market.,6.5,AI Research (CBRE/M&M/JLL calibrated),Stable,Moderate,"Johnson City, TN",Tertiary,65000.0,85000
7.0,6.5,6.50% - 7.00%,7.5,7.0,7.00% - 7.50%,7.5,7.0,7.00% - 7.50%,8.0,7.5,,,,Marcus & Millichap,Small tertiary market with limited investor activity and expanding cap rates.,6.85,AI Research (CBRE/M&M/JLL calibrated),Expanding,Low,"Jonesboro, AR",Tertiary,,50000
6.75,6.25,6.25% - 6.75%,7.5,7.0,7.00% - 7.50%,7.5,7.0,7.00% - 7.50%,8.25,7.5,,,,Marcus & Millichap,Smaller tertiary market with limited investor interest and higher risk premiums.,6.85,AI Research (CBRE/M&M/JLL calibrated),Expanding,Low,"Joplin, MO",Tertiary,,65000
5.75,5.25,5.25% - 5.75%,6.5,6.0,6.00% - 6.50%,6.5,6.0,6.00% - 6.50%,7.0,6.5,7.5,7.0,7.00% - 7.50%,CBRE,Strong tourism-driven rental demand supports cap rate compression despite geographic constraints.,5.5,AI Research (CBRE/M&M/JLL calibrated),Compressing,High,"Kahului, HI",Secondary,220000.0,320000
6.5,6.0,6.00% - 6.50%,7.25,6.75,6.75% - 7.25%,7.0,6.5,6.50% - 7.00%,7.5,7.0,,,,CBRE,Mid-secondary market with steady demand and moderate cap rate expansion.,6.45,AI Research (CBRE/M&M/JLL calibrated),Stable,Moderate,"Kalamazoo, MI",Tertiary,,85000
5.75,5.25,5.25% - 5.75%,6.25,5.75,5.75% - 6.25%,6.25,5.75,5.75% - 6.25%,6.75,6.25,,,,JLL,Strong secondary market with balanced investor demand and stable cap rates.,5.75,AI Research (CBRE/M&M/JLL calibrated),Stable,High,"Kansas City, MO",Secondary,,120000
6.0,5.5,5.50% - 6.00%,6.5,6.0,6.00% - 6.50%,6.75,6.25,6.25% - 6.75%,7.25,6.75,7.75,7.25,7.25% - 7.75%,JLL,Steady industrial growth supports multifamily fundamentals with stable cap rates.,6.0,AI Research (CBRE/M&M/JLL calibrated),Stable,Moderate,"Kennewick, WA",Secondary,100000.0,140000
6.5,6.0,6.00% - 6.50%,7.0,6.5,6.50% - 7.00%,7.0,6.5,6.50% - 7.00%,7.5,7.0,,,,Marcus & Millichap,Military-driven tertiary market with moderate investor interest and slight cap rate expansion.,6.4,AI Research (CBRE/M&M/JLL calibrated),Expanding,Moderate,"Killeen, TX",Secondary,,75000
6.0,5.5,5.50% - 6.00%,6.5,6.0,6.00% - 6.50%,6.5,6.0,6.00% - 6.50%,7.0,6.5,,,,CBRE,Growing secondary market with strong fundamentals and stable cap rates.,5.9,AI Research (CBRE/M&M/JLL calibrated),Stable,High,"Knoxville, TN",Secondary,,95000
6.25,5.75,5.75% - 6.25%,6.75,6.25,6.25% - 6.75%,7.0,6.5,6.50% - 7.00%,7.5,7.0,8.0,7.5,7.50% - 8.00%,Marcus & Millichap,Energy sector volatility is causing slight cap rate expansion in this secondary market.,6.25,AI Research (CBRE/M&M/JLL calibrated),Expanding,Moderate,"Lafayette, LA",Secondary,85000.0,110000
6.25,5.75,5.75% - 6.25%,6.75,6.25,6.25% - 6.75%,6.75,6.25,6.25% - 6.75%,7.25,6.75,,,,CoStar,Sun Belt tertiary market with rising cap rates due to supply growth.,6.1,AI Research (CBRE/M&M/JLL calibrated),Expanding,Moderate,"Lakeland, FL",Secondary,,90000
6.0,5.5,5.50% - 6.00%,6.5,6.0,6.00% - 6.50%,6.5,6.0,6.00% - 6.50%,7.0,6.5,,,,JLL,Mid-secondary market with steady investor interest and stable cap rates.,5.85,AI Research (CBRE/M&M/JLL calibrated),Stable,Moderate,"Lancaster, PA",Secondary,,95000
6.25,5.75,5.75% - 6.25%,6.75,6.25,6.25% - 6.75%,6.75,6.25,6.25% - 6.75%,7.25,6.75,,,,CBRE,Mid-secondary market with balanced fundamentals and stable cap rates.,6.1,AI Research (CBRE/M&M/JLL calibrated),Stable,Moderate,"Lansing, MI",Secondary,,85000
6.75,6.25,6.25% - 6.75%,7.5,7.0,7.00% - 7.50%,7.5,7.0,7.00% - 7.50%,8.0,7.5,,,,Marcus & Millichap,Tertiary border market with limited investor demand and higher risk premiums.,6.7,AI Research (CBRE/M&M/JLL calibrated),Expanding,Low,"Laredo, TX",Tertiary,,60000
7.0,6.5,6.50% - 7.00%,7.5,7.0,7.00% - 7.50%,7.5,7.0,7.00% - 7.50%,8.0,7.5,8.5,8.0,8.00% - 8.50%,CoStar,Limited investor interest and slower rent growth keep cap rates elevated and stable.,6.75,AI Research (CBRE/M&M/JLL calibrated),Stable,Low,"Las Cruces, NM",Tertiary,55000.0,70000
5.25,5.0,5.00% - 5.50%,5.25,5.0,5.50% - 6.00%,6.0,5.5,5.50% - 6.00%,6.5,6.0,,,,CBRE,Sun Belt primary market with strong investor demand and stable cap rates.,5.4,CBRE H2 2025 Survey (Verified),Stable,High,"Las Vegas, NV",Primary,,140000
6.5,6.0,6.00% - 6.50%,7.0,6.5,6.50% - 7.00%,7.0,6.5,6.50% - 7.00%,7.5,7.0,,,,CoStar,Smaller tertiary market with steady fundamentals and moderate investor interest.,6.4,AI Research (CBRE/M&M/JLL calibrated),Stable,Moderate,"Lawrence, KS",Tertiary,,70000
7.0,6.5,6.50% - 7.00%,7.5,7.0,7.00% - 7.50%,7.5,7.0,7.00% - 7.50%,8.0,7.5,,,,Marcus & Millichap,Tertiary market with limited investor demand and expanding cap rates due to economic uncertainty.,6.85,AI Research (CBRE/M&M/JLL calibrated),Expanding,Low,"Lawton, OK",Tertiary,,55000
6.25,5.75,5.75% - 6.25%,6.75,6.25,6.25% - 6.75%,7.0,6.5,6.50% - 7.00%,7.5,7.0,7.75,7.25,7.25% - 7.75%,CBRE,Strong university presence supports steady multifamily demand and stable cap rates.,6.25,AI Research (CBRE/M&M/JLL calibrated),Stable,Moderate,"Lexington, KY",Secondary,90000.0,125000
5.75,5.5,5.50% - 5.75%,6.25,5.75,5.75% - 6.25%,6.5,6.0,6.00% - 6.50%,7.0,6.5,,,,Marcus & Millichap,Stable population growth supports moderate investor interest despite cap rate expansion.,6.1,AI Research (CBRE/M&M/JLL calibrated),Expanding,Moderate,"Lexington-Fayette, KY",Tertiary,,95000
5.5,5.25,5.25% - 5.50%,6.0,5.5,5.50% - 6.00%,6.25,5.75,5.75% - 6.25%,6.75,6.25,,,,CBRE,Steady economic fundamentals keep cap rates stable with balanced demand.,5.7,AI Research (CBRE/M&M/JLL calibrated),Stable,Moderate,"Lincoln, NE",Secondary,,90000
6.0,5.75,5.75% - 6.00%,6.5,6.0,6.00% - 6.50%,6.75,6.25,6.25% - 6.75%,7.25,6.75,,,,JLL,Slower rent growth and economic uncertainty weigh on investor appetite.,6.3,AI Research (CBRE/M&M/JLL calibrated),Expanding,Low,"Little Rock, AR",Secondary,,70000
7.25,6.75,6.75% - 7.25%,7.75,7.25,7.25% - 7.75%,7.75,7.25,7.25% - 7.75%,8.25,7.75,8.75,8.25,8.25% - 8.75%,Marcus & Millichap,Economic headwinds and limited liquidity are driving cap rate expansion.,7.0,AI Research (CBRE/M&M/JLL calibrated),Expanding,Low,"Longview, TX",Tertiary,50000.0,65000
5.5,4.75,4.25% - 4.75%,5.75,5.25,4.75% - 5.25%,5.5,5.0,5.00% - 5.50%,6.0,5.5,6.5,6.0,6.00% - 6.50%,CBRE,Robust demand and constrained supply continue to compress cap rates in this gateway market.,4.5,CBRE H2 2025 Survey (Verified),Compressing,Very High,"Los Angeles, CA",Primary,400000.0,550000
4.5,4.25,4.25% - 4.50%,5.0,4.5,4.50% - 5.00%,5.5,5.0,5.00% - 5.50%,6.0,5.5,,,,CBRE,Gateway market with strong demand and limited supply keeps cap rates tight.,4.6,AI Research (CBRE/M&M/JLL calibrated),Stable,Very High,"Los Angeles-Long Beach-Anaheim, CA",Tertiary,,350000
6.0,5.5,5.50% - 6.00%,6.5,6.0,6.00% - 6.50%,6.75,6.25,6.25% - 6.75%,7.25,6.75,7.75,7.25,7.25% - 7.75%,JLL,Balanced market fundamentals support stable cap rates and steady investor interest.,6.0,AI Research (CBRE/M&M/JLL calibrated),Stable,Moderate,"Louisville, KY",Secondary,85000.0,115000
5.75,5.5,5.50% - 5.75%,6.25,5.75,5.75% - 6.25%,6.5,6.0,6.00% - 6.50%,7.0,6.5,,,,Marcus & Millichap,Moderate economic growth with some cap rate expansion due to rising interest rates.,6.1,AI Research (CBRE/M&M/JLL calibrated),Expanding,Moderate,"Louisville/Jefferson County, KY-IN",Tertiary,,85000
5.5,5.0,5.00% - 5.50%,6.0,5.5,5.50% - 6.00%,6.5,6.0,6.00% - 6.50%,7.0,6.5,7.5,7.0,7.00% - 7.50%,CBRE,Proximity to Boston drives strong investor demand and stable cap rates.,5.25,AI Research (CBRE/M&M/JLL calibrated),Stable,High,"Lowell, MA",Secondary,140000.0,210000
6.25,6.0,6.00% - 6.25%,6.75,6.25,6.25% - 6.75%,7.0,6.5,6.50% - 7.00%,7.5,7.0,,,,CoStar,Smaller tertiary market with limited investor interest and higher cap rates.,6.5,AI Research (CBRE/M&M/JLL calibrated),Expanding,Low,"Lubbock, TX",Secondary,,65000
7.0,6.5,6.50% - 7.00%,7.5,7.0,7.00% - 7.50%,7.5,7.0,7.00% - 7.50%,8.0,7.5,8.5,8.0,8.00% - 8.50%,Marcus & Millichap,Limited new development and modest demand keep cap rates elevated but stable.,6.75,AI Research (CBRE/M&M/JLL calibrated),Stable,Low,"Lynchburg, VA",Tertiary,55000.0,70000
6.25,6.0,6.00% - 6.25%,6.75,6.25,6.25% - 6.75%,7.0,6.5,6.50% - 7.00%,7.5,7.0,,,,JLL,Economic headwinds and slower rent growth pressure cap rates upward.,6.4,AI Research (CBRE/M&M/JLL calibrated),Expanding,Low,"Macon, GA",Secondary,,60000
5.5,5.25,5.25% - 5.50%,6.0,5.5,5.50% - 6.00%,6.5,6.0,6.00% - 6.50%,7.0,6.5,,,,Marcus & Millichap,Strong university-driven demand supports stable cap rates and moderate investor interest.,5.7,AI Research (CBRE/M&M/JLL calibrated),Stable,Moderate,"Madison, WI",Secondary,,110000
5.75,5.5,5.50% - 5.75%,6.25,5.75,5.75% - 6.25%,6.5,6.0,6.00% - 6.50%,7.0,6.5,,,,CBRE,Proximity to Boston drives steady demand with stable cap rates.,5.9,AI Research (CBRE/M&M/JLL calibrated),Stable,Moderate,"Manchester, NH",Secondary,,90000
6.25,6.0,6.00% - 6.25%,6.75,6.25,6.25% - 6.75%,7.0,6.5,6.50% - 7.00%,7.5,7.0,,,,CoStar,Smaller tertiary market with limited liquidity and rising cap rates.,6.4,AI Research (CBRE/M&M/JLL calibrated),Expanding,Low,"Mankato, MN",Tertiary,,60000
7.25,6.75,6.75% - 7.25%,7.75,7.25,7.25% - 7.75%,7.75,7.25,7.25% - 7.75%,8.25,7.75,8.75,8.25,8.25% - 8.75%,CoStar,Border market challenges and economic uncertainty drive cap rate expansion.,7.0,AI Research (CBRE/M&M/JLL calibrated),Expanding,Low,"McAllen, TX",Tertiary,45000.0,60000
6.25,6.0,6.00% - 6.25%,6.75,6.25,6.25% - 6.75%,7.0,6.5,6.50% - 7.00%,7.5,7.0,,,,Marcus & Millichap,Border market with economic challenges and higher risk premiums.,6.5,AI Research (CBRE/M&M/JLL calibrated),Expanding,Low,"McAllen-Edinburg-Mission, TX",Tertiary,,55000
6.0,5.75,5.75% - 6.00%,6.5,6.0,6.00% - 6.50%,6.75,6.25,6.25% - 6.75%,7.25,6.75,,,,JLL,Regional market with steady demand and limited new supply keeps cap rates stable.,6.1,AI Research (CBRE/M&M/JLL calibrated),Stable,Moderate,"Medford, OR",Secondary,,85000
6.0,5.5,6.00% - 6.50%,6.25,5.75,6.50% - 7.25%,7.5,7.0,7.00% - 7.50%,8.25,7.5,,,,Marcus & Millichap,Steady demand with moderate investor interest amid stable rent growth.,6.75,CBRE H2 2025 Survey (Verified),Stable,Moderate,"Memphis, TN",Primary,,85000
7.25,6.75,6.75% - 7.25%,7.75,7.25,7.25% - 7.75%,7.75,7.25,7.25% - 7.75%,8.25,7.75,8.75,8.25,8.25% - 8.75%,Marcus & Millichap H2 2025,Limited investor interest due to smaller market size and economic constraints.,7.5,AI Research (CBRE/M&M/JLL calibrated),Stable,Low,"Merced, CA",Tertiary,110000.0,140000
5.5,5.0,5.00% - 5.50%,6.25,5.5,5.50% - 6.25%,6.5,6.0,6.00% - 6.50%,7.25,6.5,,,,CBRE,Strong Sun Belt market with rising cap rates due to inflationary pressures.,5.5,AI Research (CBRE/M&M/JLL calibrated),Expanding,High,"Mesa, AZ",Tertiary,,160000
5.0,4.75,4.50% - 5.00%,6.25,4.75,5.00% - 5.75%,6.0,5.5,5.50% - 6.00%,6.75,6.0,,,,JLL,Gateway market with strong investor demand keeping cap rates tight.,4.85,CBRE H2 2025 Survey (Verified),Stable,Very High,"Miami, FL",Primary,,280000
6.75,6.25,6.25% - 6.75%,7.75,7.0,7.00% - 7.75%,7.75,7.25,7.25% - 7.75%,8.75,8.0,,,,CoStar,Energy sector volatility driving cap rate expansion and cautious investor sentiment.,6.75,AI Research (CBRE/M&M/JLL calibrated),Expanding,Moderate,"Midland, TX",Secondary,,90000
5.75,5.25,5.50% - 6.00%,6.25,5.5,6.00% - 6.75%,7.25,6.5,6.50% - 7.25%,7.75,7.0,,,,Marcus & Millichap,Stable Midwest market with balanced supply and demand fundamentals.,6.0,CBRE H2 2025 Survey (Verified),Stable,Moderate,"Milwaukee, WI",Primary,,110000
5.25,5.0,5.00% - 5.50%,5.25,4.75,5.50% - 6.25%,6.5,6.0,6.00% - 6.50%,7.25,6.5,,,,CBRE,Strong secondary market with consistent investor interest and stable cap rates.,5.5,CBRE H2 2025 Survey (Verified),Stable,High,"Minneapolis, MN",Primary,,140000
7.25,6.5,6.50% - 7.25%,8.0,7.25,7.25% - 8.00%,8.25,7.5,7.50% - 8.25%,9.0,8.25,,,,CoStar,Tertiary market with limited investor activity and rising cap rates.,7.0,AI Research (CBRE/M&M/JLL calibrated),Expanding,Low,"Missoula, MT",Tertiary,,90000
6.5,6.0,6.00% - 6.50%,7.25,6.5,6.50% - 7.25%,7.75,7.0,7.00% - 7.75%,8.25,7.5,,,,Marcus & Millichap,Stable secondary market with moderate investor demand and steady fundamentals.,6.5,AI Research (CBRE/M&M/JLL calibrated),Stable,Moderate,"Mobile, AL",Secondary,,85000
6.25,5.75,5.75% - 6.25%,7.0,6.25,6.25% - 7.00%,7.5,6.75,6.75% - 7.50%,8.0,7.25,,,,JLL,Growing Sun Belt adjacent market with cap rate expansion due to affordability concerns.,6.0,AI Research (CBRE/M&M/JLL calibrated),Expanding,Moderate,"Modesto, CA",Secondary,,130000
7.5,7.0,7.00% - 7.50%,8.0,7.5,7.50% - 8.00%,8.0,7.5,7.50% - 8.00%,8.5,8.0,9.0,8.5,8.50% - 9.00%,CoStar Q1 2026,Market faces economic headwinds with limited multifamily development.,7.75,AI Research (CBRE/M&M/JLL calibrated),Stable,Low,"Monroe, LA",Tertiary,70000.0,90000
6.75,6.25,6.25% - 6.75%,7.75,7.0,7.00% - 7.75%,7.75,7.25,7.25% - 7.75%,8.5,7.75,,,,CoStar,Tertiary market with limited investor interest and stable cap rates.,6.75,AI Research (CBRE/M&M/JLL calibrated),Stable,Low,"Montgomery, AL",Tertiary,,75000
7.0,6.5,6.50% - 7.00%,7.75,7.0,7.00% - 7.75%,7.75,7.25,7.25% - 7.75%,8.5,7.75,,,,Marcus & Millichap,Small tertiary market with rising cap rates due to economic uncertainty.,7.0,AI Research (CBRE/M&M/JLL calibrated),Expanding,Low,"Morgantown, WV",Tertiary,,70000
7.5,7.0,7.00% - 7.50%,8.25,7.5,7.50% - 8.25%,8.75,8.0,8.00% - 8.75%,9.25,8.5,,,,CoStar,Tertiary market with weak investor demand and elevated cap rates.,7.5,AI Research (CBRE/M&M/JLL calibrated),Expanding,Very Low,"Muncie, IN",Tertiary,,60000
5.75,5.25,5.25% - 5.75%,6.25,5.75,5.75% - 6.25%,6.5,6.0,6.00% - 6.50%,7.0,6.5,,,,Marcus & Millichap,Growing market with steady demand but limited institutional activity.,5.85,AI Research (CBRE/M&M/JLL calibrated),Stable,Moderate,"Murfreesboro, TN",Secondary,,160000
6.25,5.75,5.75% - 6.25%,6.75,6.25,6.25% - 6.75%,7.0,6.5,6.50% - 7.00%,7.5,7.0,,,,CoStar,Tourism-driven market with seasonal volatility impacting cap rates.,6.3,AI Research (CBRE/M&M/JLL calibrated),Expanding,Moderate,"Myrtle Beach, SC",Secondary,,130000
5.75,5.25,5.25% - 5.75%,6.25,5.75,5.75% - 6.25%,6.5,6.0,6.00% - 6.50%,7.0,6.5,7.5,7.0,7.00% - 7.50%,CBRE H2 2025,Strong local economy with wine industry support but limited multifamily inventory.,6.0,AI Research (CBRE/M&M/JLL calibrated),Stable,Moderate,"Napa, CA",Secondary,240000.0,320000
5.25,4.75,4.75% - 5.25%,5.75,5.25,5.25% - 5.75%,6.0,5.5,5.50% - 6.00%,6.5,6.0,,,,CBRE,Strong population growth and job market supporting stable cap rates.,5.15,CBRE H2 2025 Survey (Verified),Stable,High,"Nashville, TN",Primary,,210000
6.75,6.25,6.25% - 6.75%,7.25,6.75,6.75% - 7.25%,7.5,7.0,7.00% - 7.50%,8.0,7.5,8.5,8.0,8.00% - 8.50%,JLL Q1 2026,Affordable alternative to Boston with moderate investor interest.,6.75,AI Research (CBRE/M&M/JLL calibrated),Stable,Moderate,"New Bedford, MA",Tertiary,95000.0,130000
5.5,5.0,5.00% - 5.50%,6.0,5.5,5.50% - 6.00%,6.5,6.0,6.00% - 6.50%,7.0,6.5,,,,JLL,University presence supports demand but market remains secondary with moderate risk.,5.55,AI Research (CBRE/M&M/JLL calibrated),Stable,Moderate,"New Haven, CT",Secondary,,140000
6.0,5.5,5.50% - 6.00%,6.5,6.0,6.00% - 6.50%,6.75,6.25,6.25% - 6.75%,7.25,6.75,,,,Marcus & Millichap,Weather risk and economic volatility contribute to wider cap rate spreads.,5.9,AI Research (CBRE/M&M/JLL calibrated),Expanding,Moderate,"New Orleans, LA",Secondary,,120000
5.0,4.5,4.50% - 5.00%,5.5,5.0,5.00% - 5.50%,6.0,5.5,5.50% - 6.00%,6.5,6.0,,,,CBRE,Gateway market with tight cap rates and strong institutional investor demand.,4.85,CBRE H2 2025 Survey (Verified),Stable,Very High,"New York City, NY",Primary,,450000
5.75,5.25,5.25% - 5.75%,6.25,5.75,5.75% - 6.25%,6.5,6.0,6.00% - 6.50%,7.0,6.5,,,,CoStar,Military presence supports steady demand but limited growth prospects.,5.7,AI Research (CBRE/M&M/JLL calibrated),Stable,Moderate,"Norfolk, VA",Secondary,,125000
6.25,5.75,5.75% - 6.25%,6.75,6.25,6.25% - 6.75%,7.0,6.5,6.50% - 7.00%,7.5,7.0,,,,Marcus & Millichap,Smaller tertiary market with limited investor interest and higher risk premiums.,6.2,AI Research (CBRE/M&M/JLL calibrated),Expanding,Low,"Norman, OK",Tertiary,,90000
6.5,6.0,6.00% - 6.50%,7.0,6.5,6.50% - 7.00%,7.5,7.0,7.00% - 7.50%,8.0,7.5,,,,CoStar,Tertiary market with high cap rates driven by limited liquidity and economic challenges.,6.6,AI Research (CBRE/M&M/JLL calibrated),Expanding,Low,"Ocala, FL",Tertiary,,85000
6.75,6.25,6.25% - 6.75%,7.25,6.75,6.75% - 7.25%,7.5,7.0,7.00% - 7.50%,8.0,7.5,,,,Marcus & Millichap,Energy sector volatility impacts investor confidence and cap rate expansion.,6.85,AI Research (CBRE/M&M/JLL calibrated),Expanding,Low,"Odessa, TX",Secondary,,80000
5.75,5.25,5.25% - 5.75%,6.25,5.75,5.75% - 6.25%,6.5,6.0,6.00% - 6.50%,7.0,6.5,,,,JLL,Proximity to Salt Lake City supports steady demand and moderate cap rates.,5.7,AI Research (CBRE/M&M/JLL calibrated),Stable,Moderate,"Ogden, UT",Secondary,,140000
6.0,5.5,5.50% - 6.00%,6.5,6.0,6.00% - 6.50%,6.75,6.25,6.25% - 6.75%,7.25,6.75,,,,CBRE,Stable secondary market with balanced risk and moderate investor interest.,5.9,AI Research (CBRE/M&M/JLL calibrated),Stable,Moderate,"Oklahoma City, OK",Secondary,,110000
5.75,5.25,5.25% - 5.75%,6.25,5.75,5.75% - 6.25%,6.5,6.0,6.00% - 6.50%,7.0,6.5,,,,Marcus & Millichap,Moderate demand with steady cap rates reflecting secondary West Coast market dynamics.,5.85,AI Research (CBRE/M&M/JLL calibrated),Stable,Moderate,"Olympia, WA",Secondary,,190000
5.75,5.25,5.25% - 5.75%,6.25,5.75,5.75% - 6.25%,6.5,6.0,6.00% - 6.50%,7.0,6.5,,,,CBRE,Stable cap rates with moderate investor interest in this Midwest secondary market.,5.85,AI Research (CBRE/M&M/JLL calibrated),Stable,Moderate,"Omaha, NE",Secondary,,140000
6.0,5.0,4.75% - 5.25%,6.5,5.5,5.25% - 5.75%,6.0,5.5,5.50% - 6.00%,6.5,6.0,,,,JLL,Strong Sun Belt demand but slight cap rate expansion due to rising interest rates.,5.15,CBRE H2 2025 Survey (Verified),Expanding,High,"Orlando, FL",Primary,,210000
7.0,6.5,6.50% - 7.00%,7.5,7.0,7.00% - 7.50%,7.75,7.25,7.25% - 7.75%,8.25,7.75,8.75,8.25,8.25% - 8.75%,Marcus & Millichap H2 2025,Stable but limited growth prospects in a smaller Midwest market.,7.0,AI Research (CBRE/M&M/JLL calibrated),Stable,Low,"Oshkosh, WI",Tertiary,70000.0,90000
7.5,7.0,7.00% - 7.50%,8.0,7.5,7.50% - 8.00%,8.0,7.5,7.50% - 8.00%,8.5,8.0,9.0,8.5,8.50% - 9.00%,CoStar Q1 2026,Limited multifamily development with steady but low investor interest.,7.75,AI Research (CBRE/M&M/JLL calibrated),Stable,Low,"Owensboro, KY",Tertiary,65000.0,85000
5.0,4.5,4.50% - 5.00%,5.5,5.0,5.00% - 5.50%,6.0,5.5,5.50% - 6.00%,6.5,6.0,,,,CBRE,Gateway-adjacent market with tight cap rates and strong investor demand.,4.85,AI Research (CBRE/M&M/JLL calibrated),Stable,High,"Oxnard, CA",Secondary,,320000
7.5,7.0,7.00% - 7.50%,8.0,7.5,7.50% - 8.00%,8.0,7.5,7.50% - 8.00%,8.5,8.0,9.0,8.5,8.50% - 9.00%,Marcus & Millichap H2 2025,Small market with modest economic fundamentals and limited multifamily supply.,7.75,AI Research (CBRE/M&M/JLL calibrated),Stable,Low,"Paducah, KY",Tertiary,60000.0,80000
7.0,6.5,6.50% - 7.00%,7.5,7.0,7.00% - 7.50%,7.5,7.0,7.00% - 7.50%,8.0,7.5,8.5,8.0,8.00% - 8.50%,JLL Q1 2026,Seasonal market with moderate investor interest driven by coastal location.,7.0,AI Research (CBRE/M&M/JLL calibrated),Stable,Moderate,"Panama City, FL",Tertiary,90000.0,120000
6.0,5.5,5.50% - 6.00%,6.5,6.0,6.00% - 6.50%,7.0,6.5,6.50% - 7.00%,7.5,7.0,,,,Marcus & Millichap,Tertiary market with expanding cap rates amid moderate investor interest.,6.1,AI Research (CBRE/M&M/JLL calibrated),Expanding,Moderate,"Pensacola, FL",Secondary,,110000
6.25,5.75,5.75% - 6.25%,6.75,6.25,6.25% - 6.75%,7.25,6.75,6.75% - 7.25%,7.75,7.25,,,,CoStar,Lower investor demand and rising cap rates in this tertiary Midwest market.,6.3,AI Research (CBRE/M&M/JLL calibrated),Expanding,Low,"Peoria, IL",Secondary,,90000
5.75,5.25,5.25% - 5.75%,6.0,5.5,5.50% - 6.00%,6.5,6.0,6.00% - 6.50%,7.0,6.5,,,,CBRE,Strong secondary market with stable cap rates and solid investor demand.,5.75,CBRE H2 2025 Survey (Verified),Stable,High,"Philadelphia, PA",Primary,,180000
5.0,4.25,4.75% - 5.25%,5.0,4.5,5.25% - 5.75%,6.25,5.75,5.75% - 6.25%,6.75,6.25,,,,JLL,Sun Belt primary market with very strong investor demand but slight cap rate expansion.,5.1,CBRE H2 2025 Survey (Verified),Expanding,Very High,"Phoenix, AZ",Primary,,230000
5.75,5.5,5.50% - 5.75%,7.0,6.0,6.00% - 7.00%,7.0,6.5,6.50% - 7.00%,7.5,7.0,,,,CBRE,Mid-secondary market with stable cap rates and moderate investor interest.,6.0,CBRE H2 2025 Survey (Verified),Stable,Moderate,"Pittsburgh, PA",Primary,,120000
7.25,6.75,6.75% - 7.25%,7.75,7.25,7.25% - 7.75%,7.75,7.25,7.25% - 7.75%,8.25,7.75,8.75,8.25,8.25% - 8.75%,CoStar Q1 2026,Smaller market with steady demand but limited investor competition.,7.5,AI Research (CBRE/M&M/JLL calibrated),Stable,Low,"Pocatello, ID",Tertiary,65000.0,85000
5.75,5.25,5.25% - 5.75%,6.25,5.75,5.75% - 6.25%,6.5,6.0,6.00% - 6.50%,7.0,6.5,,,,Marcus & Millichap,Growing Sun Belt tertiary market with expanding cap rates and moderate demand.,5.85,AI Research (CBRE/M&M/JLL calibrated),Expanding,Moderate,"Port St. Lucie, FL",Tertiary,,150000
5.5,5.0,5.00% - 5.50%,6.0,5.5,5.50% - 6.00%,6.5,6.0,6.00% - 6.50%,7.0,6.5,,,,JLL,Northeast secondary market with stable cap rates and moderate investor interest.,5.5,AI Research (CBRE/M&M/JLL calibrated),Stable,Moderate,"Portland, ME",Secondary,,200000
5.75,5.0,4.75% - 5.25%,6.25,5.25,5.25% - 5.75%,6.25,5.75,5.75% - 6.25%,6.75,6.25,,,,CBRE,Strong West Coast secondary market with stable cap rates and high investor demand.,5.1,CBRE H2 2025 Survey (Verified),Stable,High,"Portland, OR",Primary,,250000
6.0,5.5,5.50% - 6.00%,6.5,6.0,6.00% - 6.50%,6.75,6.25,6.25% - 6.75%,7.25,6.75,7.75,7.25,7.25% - 7.75%,CBRE H2 2025,Strong New England secondary market with steady investor interest.,6.0,AI Research (CBRE/M&M/JLL calibrated),Stable,Moderate,"Portsmouth, NH",Secondary,180000.0,250000
6.0,5.5,5.50% - 6.00%,6.5,6.0,6.00% - 6.50%,6.75,6.25,6.25% - 6.75%,7.25,6.75,7.75,7.25,7.25% - 7.75%,Marcus & Millichap H2 2025,Proximity to NYC supports demand but pricing remains moderate.,6.0,AI Research (CBRE/M&M/JLL calibrated),Stable,Moderate,"Poughkeepsie, NY",Secondary,170000.0,230000
5.75,5.25,5.25% - 5.75%,6.25,5.75,5.75% - 6.25%,6.5,6.0,6.00% - 6.50%,7.0,6.5,,,,CBRE,Market sees steady demand with moderate cap rate expansion due to secondary market status near NYC.,5.85,AI Research (CBRE/M&M/JLL calibrated),Stable,Moderate,"Poughkeepsie-Newburgh-Middletown, NY",Tertiary,,190000
6.25,5.75,5.75% - 6.25%,6.75,6.25,6.25% - 6.75%,7.0,6.5,6.50% - 7.00%,7.5,7.0,8.0,7.5,7.50% - 8.00%,JLL Q1 2026,Growing Sun Belt secondary market with balanced investor interest.,6.25,AI Research (CBRE/M&M/JLL calibrated),Stable,Moderate,"Prescott, AZ",Secondary,160000.0,210000
5.5,5.0,5.00% - 5.50%,6.0,5.5,5.50% - 6.00%,6.5,6.0,6.00% - 6.50%,7.0,6.5,,,,Marcus & Millichap,Stable cap rates reflecting steady investor interest in this New England secondary market.,5.65,AI Research (CBRE/M&M/JLL calibrated),Stable,Moderate,"Providence-Warwick, RI-MA",Tertiary,,180000
5.25,4.75,4.75% - 5.25%,5.75,5.25,5.25% - 5.75%,6.25,5.75,5.75% - 6.25%,6.75,6.25,,,,JLL,Strong Sun Belt market with stable cap rates supported by robust population growth.,5.1,AI Research (CBRE/M&M/JLL calibrated),Stable,High,"Provo-Orem, UT",Tertiary,,230000
6.75,6.25,6.25% - 6.75%,7.5,7.0,7.00% - 7.50%,7.75,7.25,7.25% - 7.75%,8.25,7.75,,,,CoStar,Tertiary market with expanding cap rates due to limited investor interest and economic challenges.,6.8,AI Research (CBRE/M&M/JLL calibrated),Expanding,Low,"Pueblo, CO",Secondary,,90000
6.75,6.25,6.25% - 6.75%,7.5,7.0,7.00% - 7.50%,7.5,7.0,7.00% - 7.50%,8.0,7.5,8.5,8.0,8.00% - 8.50%,Marcus & Millichap Q1 2026,Limited investor interest with cap rates expanding due to economic headwinds.,7.0,AI Research (CBRE/M&M/JLL calibrated),Expanding,Low,"Racine, WI",Tertiary,70000.0,90000
5.0,4.5,4.75% - 5.25%,5.0,4.5,5.25% - 5.75%,6.25,5.75,5.75% - 6.25%,6.75,6.25,,,,CBRE,Strong Sun Belt primary market with stable cap rates and very high investor demand.,5.1,CBRE H2 2025 Survey (Verified),Stable,Very High,"Raleigh, NC",Primary,,270000
6.5,6.0,6.00% - 6.50%,7.0,6.5,6.50% - 7.00%,7.5,7.0,7.00% - 7.50%,8.0,7.5,,,,Marcus & Millichap,Smaller tertiary market with expanding cap rates amid limited investor activity.,6.4,AI Research (CBRE/M&M/JLL calibrated),Expanding,Low,"Rapid City, SD",Tertiary,,85000
6.25,5.75,5.75% - 6.25%,6.75,6.25,6.25% - 6.75%,7.25,6.75,6.75% - 7.25%,7.75,7.25,,,,CoStar,Secondary market with moderate investor interest and slight cap rate expansion.,6.1,AI Research (CBRE/M&M/JLL calibrated),Expanding,Moderate,"Reading, PA",Tertiary,,110000
7.0,6.5,6.50% - 7.00%,7.5,7.0,7.00% - 7.50%,8.0,7.5,7.50% - 8.00%,8.5,8.0,,,,Marcus & Millichap,Tertiary market with expanding cap rates driven by economic headwinds and low investor demand.,6.9,AI Research (CBRE/M&M/JLL calibrated),Expanding,Low,"Redding, CA",Tertiary,,95000
5.25,4.75,4.75% - 5.25%,5.75,5.25,5.25% - 5.75%,6.25,5.75,5.75% - 6.25%,6.75,6.25,,,,JLL,Sun Belt adjacent market with stable cap rates and strong investor interest.,5.1,AI Research (CBRE/M&M/JLL calibrated),Stable,High,"Reno, NV",Secondary,,260000
5.5,5.0,5.00% - 5.50%,6.0,5.5,5.50% - 6.00%,6.5,6.0,6.00% - 6.50%,7.0,6.5,,,,CBRE,Secondary East Coast market with stable cap rates and moderate investor demand.,5.55,AI Research (CBRE/M&M/JLL calibrated),Stable,Moderate,"Richmond, VA",Secondary,,170000
5.25,4.75,4.75% - 5.25%,5.75,5.25,5.25% - 5.75%,6.25,5.75,5.75% - 6.25%,6.75,6.25,,,,CBRE,Strong Sun Belt primary market with very high investor demand and stable cap rates.,5.1,AI Research (CBRE/M&M/JLL calibrated),Stable,Very High,"Riverside-San Bernardino-Ontario, CA",Tertiary,,280000
6.25,5.75,5.75% - 6.25%,6.75,6.25,6.25% - 6.75%,7.25,6.75,6.75% - 7.25%,7.75,7.25,,,,CoStar,Tertiary market with expanding cap rates due to limited investor interest and economic softness.,6.1,AI Research (CBRE/M&M/JLL calibrated),Expanding,Low,"Roanoke, VA",Secondary,,95000
5.75,5.5,5.50% - 5.75%,6.5,6.0,6.00% - 6.50%,6.5,6.0,6.00% - 6.50%,7.25,6.75,,,,Marcus & Millichap,Steady demand driven by healthcare sector with moderate investor interest.,6.1,AI Research (CBRE/M&M/JLL calibrated),Stable,Moderate,"Rochester, MN",Tertiary,,140000
6.0,5.75,5.75% - 6.00%,6.75,6.25,6.25% - 6.75%,6.75,6.25,6.25% - 6.75%,7.5,7.0,,,,CBRE,Market faces headwinds from slower rent growth and higher interest rates.,6.4,AI Research (CBRE/M&M/JLL calibrated),Expanding,Low,"Rochester, NY",Secondary,,90000
6.25,6.0,6.00% - 6.25%,7.0,6.5,6.50% - 7.00%,7.0,6.5,6.50% - 7.00%,7.75,7.25,,,,JLL,Tertiary market with limited investor appetite and rising cap rates.,6.7,AI Research (CBRE/M&M/JLL calibrated),Expanding,Low,"Rockford, IL",Secondary,,75000
7.0,6.5,6.50% - 7.00%,7.5,7.0,7.00% - 7.50%,7.5,7.0,7.00% - 7.50%,8.0,7.5,8.5,8.0,8.00% - 8.50%,Marcus & Millichap Q1 2026,Weak market fundamentals with cap rates expanding amid low investor interest.,7.25,AI Research (CBRE/M&M/JLL calibrated),Expanding,Very Low,"Rocky Mount, NC",Tertiary,50000.0,65000
7.25,6.75,6.75% - 7.25%,7.75,7.25,7.25% - 7.75%,7.75,7.25,7.25% - 7.75%,8.25,7.75,8.75,8.25,8.25% - 8.75%,CoStar H2 2025,Small market with limited demand and expanding cap rates due to economic softness.,7.5,AI Research (CBRE/M&M/JLL calibrated),Expanding,Low,"Rutland, VT",Tertiary,55000.0,70000
5.5,5.0,4.75% - 5.00%,5.25,4.75,5.25% - 5.75%,6.0,5.5,5.50% - 6.00%,6.5,6.0,,,,CBRE,Strong population growth supports steady investor demand despite cap rate stabilization.,5.1,CBRE H2 2025 Survey (Verified),Stable,High,"Sacramento, CA",Primary,,230000
7.0,6.5,6.50% - 7.00%,7.5,7.0,7.00% - 7.50%,7.5,7.0,7.00% - 7.50%,8.0,7.5,8.5,8.0,8.00% - 8.50%,Marcus & Millichap Q1 2026,Economic challenges driving cap rate expansion and subdued investor demand.,7.0,AI Research (CBRE/M&M/JLL calibrated),Expanding,Low,"Saginaw, MI",Tertiary,60000.0,75000
5.75,5.25,5.25% - 5.75%,6.25,5.75,5.75% - 6.25%,6.5,6.0,6.00% - 6.50%,7.0,6.5,7.5,7.0,7.00% - 7.50%,JLL H2 2025,Moderate investor interest with stable cap rates supported by steady rent growth.,6.0,AI Research (CBRE/M&M/JLL calibrated),Stable,Moderate,"Salem, OR",Secondary,140000.0,190000
5.25,5.0,5.00% - 5.25%,6.0,5.5,5.50% - 6.00%,6.25,5.75,5.75% - 6.25%,6.75,6.25,,,,Marcus & Millichap,Proximity to Silicon Valley drives moderate investor interest with stable cap rates.,5.4,AI Research (CBRE/M&M/JLL calibrated),Stable,Moderate,"Salinas, CA",Tertiary,,210000
6.75,6.25,6.25% - 6.75%,7.25,6.75,6.75% - 7.25%,7.5,7.0,7.00% - 7.50%,8.0,7.5,8.5,8.0,8.00% - 8.50%,CoStar Q1 2026,Smaller market with limited liquidity and expanding cap rates.,6.75,AI Research (CBRE/M&M/JLL calibrated),Expanding,Low,"Salisbury, MD",Tertiary,65000.0,85000
5.0,4.5,4.75% - 5.00%,5.75,5.25,5.25% - 5.75%,6.0,5.5,5.50% - 6.00%,6.5,6.0,,,,JLL,Robust tech-driven growth sustains strong investor demand and tight cap rates.,5.0,CBRE H2 2025 Survey (Verified),Stable,High,"Salt Lake City, UT",Primary,,250000
7.25,6.75,6.75% - 7.25%,7.75,7.25,7.25% - 7.75%,7.75,7.25,7.25% - 7.75%,8.25,7.75,8.75,8.25,8.25% - 8.75%,Marcus & Millichap Q1 2026,Very small market with weak fundamentals and expanding cap rates.,7.5,AI Research (CBRE/M&M/JLL calibrated),Expanding,Very Low,"San Angelo, TX",Tertiary,45000.0,60000
5.25,4.75,5.00% - 5.25%,5.25,4.75,5.50% - 6.00%,6.25,5.75,5.75% - 6.25%,6.75,6.25,,,,CBRE,Strong population growth and affordability drive sustained investor interest.,5.3,CBRE H2 2025 Survey (Verified),Stable,High,"San Antonio, TX",Primary,,160000
5.5,5.25,5.25% - 5.50%,6.25,5.75,5.75% - 6.25%,6.5,6.0,6.00% - 6.50%,7.0,6.5,,,,CoStar,Affordability attracts buyers but rising cap rates reflect market risk concerns.,5.7,AI Research (CBRE/M&M/JLL calibrated),Expanding,Moderate,"San Bernardino, CA",Tertiary,,140000
5.25,4.5,4.25% - 4.50%,5.0,4.75,4.75% - 5.25%,5.5,5.0,5.00% - 5.50%,6.0,5.5,,,,CBRE,Gateway market with strong fundamentals and very high investor demand.,4.5,CBRE H2 2025 Survey (Verified),Stable,Very High,"San Diego, CA",Primary,,400000
5.0,4.5,4.25% - 4.50%,5.0,4.75,4.75% - 5.25%,5.5,5.0,5.00% - 5.50%,6.0,5.5,,,,CBRE,Top coastal market with tight cap rates and very strong investor competition.,4.4,CBRE H2 2025 Survey (Verified),Stable,Very High,"San Francisco, CA",Primary,,600000
5.5,5.0,5.00% - 5.50%,6.0,5.5,5.50% - 6.00%,6.5,6.0,6.00% - 6.50%,7.0,6.5,7.5,7.0,7.00% - 7.50%,CBRE H2 2025,Coastal secondary market with steady demand and stable cap rates.,5.75,AI Research (CBRE/M&M/JLL calibrated),Stable,Moderate,"San Luis Obispo-Paso Robles-Arroyo Grande, CA",Secondary,220000.0,300000
4.75,4.5,4.50% - 4.75%,5.5,5.0,5.00% - 5.50%,5.75,5.25,5.25% - 5.75%,6.25,5.75,,,,Marcus & Millichap,Premium coastal market with steady demand and limited inventory.,4.85,AI Research (CBRE/M&M/JLL calibrated),Stable,High,"Santa Barbara, CA",Secondary,,550000
4.75,4.5,4.50% - 4.75%,5.5,5.0,5.00% - 5.50%,5.75,5.25,5.25% - 5.75%,6.25,5.75,,,,JLL,Strong lifestyle market with consistent investor interest and stable cap rates.,4.9,AI Research (CBRE/M&M/JLL calibrated),Stable,High,"Santa Cruz, CA",Secondary,,520000
6.75,6.25,6.25% - 6.75%,7.5,7.0,7.00% - 7.50%,7.75,7.25,7.25% - 7.75%,8.25,7.75,,,,Marcus & Millichap,Smaller tertiary market with moderate investor interest and stable cap rates reflecting limited new supply.,6.85,AI Research (CBRE/M&M/JLL calibrated),Stable,Moderate,"Santa Fe, NM",Secondary,,210000
5.25,4.75,4.75% - 5.25%,5.75,5.25,5.25% - 5.75%,6.25,5.75,5.75% - 6.25%,6.75,6.25,7.5,7.0,7.00% - 7.50%,JLL H2 2025,Strong coastal secondary market with high investor demand and stable cap rates.,5.25,AI Research (CBRE/M&M/JLL calibrated),Stable,High,"Santa Rosa, CA",Secondary,250000.0,350000
5.75,5.25,5.25% - 5.75%,6.25,5.75,5.75% - 6.25%,6.5,6.0,6.00% - 6.50%,7.0,6.5,,,,CBRE H2 2025,Strong Sun Belt secondary market with rising cap rates due to inflationary pressures and rising interest rates.,5.75,AI Research (CBRE/M&M/JLL calibrated),Expanding,High,"Sarasota, FL",Secondary,,230000
6.0,5.5,5.50% - 6.00%,6.5,6.0,6.00% - 6.50%,6.75,6.25,6.25% - 6.75%,7.25,6.75,,,,JLL Capital Markets,Growing secondary market with steady investor interest and balanced supply-demand fundamentals.,6.0,AI Research (CBRE/M&M/JLL calibrated),Stable,Moderate,"Savannah, GA",Secondary,,180000
5.5,5.0,5.00% - 5.50%,6.0,5.5,5.50% - 6.00%,6.5,6.0,6.00% - 6.50%,7.0,6.5,,,,CBRE H2 2025,Sun Belt primary market with strong investor demand but cap rates expanding due to rising interest rates.,5.4,AI Research (CBRE/M&M/JLL calibrated),Expanding,High,"Scottsdale, AZ",Tertiary,,270000
6.5,6.0,6.00% - 6.50%,7.0,6.5,6.50% - 7.00%,7.5,7.0,7.00% - 7.50%,8.0,7.5,,,,CoStar,Tertiary market with limited investor interest and stable but elevated cap rates.,6.5,AI Research (CBRE/M&M/JLL calibrated),Stable,Low,"Scranton, PA",Secondary,,90000
5.25,4.75,4.50% - 5.00%,5.5,5.0,5.00% - 5.50%,5.75,5.25,5.25% - 5.75%,6.25,5.75,,,,CBRE H2 2025,Gateway market with very strong investor demand but cap rates expanding slightly due to macroeconomic factors.,4.85,CBRE H2 2025 Survey (Verified),Expanding,Very High,"Seattle, WA",Primary,,400000
7.5,7.0,7.00% - 7.50%,8.0,7.5,7.50% - 8.00%,8.5,8.0,8.00% - 8.50%,9.0,8.5,,,,Marcus & Millichap,Tertiary market with low investor demand and high cap rates reflecting economic challenges.,7.4,AI Research (CBRE/M&M/JLL calibrated),Stable,Low,"Shreveport, LA",Secondary,,65000
7.25,6.75,6.75% - 7.25%,7.75,7.25,7.25% - 7.75%,7.75,7.25,7.25% - 7.75%,8.25,7.75,8.75,8.25,8.25% - 8.75%,Marcus & Millichap,Limited investor interest due to small market size and modest growth prospects.,7.5,AI Research (CBRE/M&M/JLL calibrated),Stable,Low,"Sierra Vista, AZ",Tertiary,65000.0,85000
7.0,6.5,6.50% - 7.00%,7.5,7.0,7.00% - 7.50%,7.5,7.0,7.00% - 7.50%,8.0,7.5,8.5,8.0,8.00% - 8.50%,CoStar,Stable cap rates with modest investor interest driven by steady local economy.,7.25,AI Research (CBRE/M&M/JLL calibrated),Stable,Low,"Sioux City, IA",Tertiary,70000.0,90000
6.25,5.75,5.75% - 6.25%,6.75,6.25,6.25% - 6.75%,7.25,6.75,6.75% - 7.25%,7.75,7.25,,,,JLL Capital Markets,Mid-secondary market with steady investor interest and stable cap rates.,6.2,AI Research (CBRE/M&M/JLL calibrated),Stable,Moderate,"Sioux Falls, SD",Secondary,,140000
6.75,6.25,6.25% - 6.75%,7.25,6.75,6.75% - 7.25%,7.75,7.25,7.25% - 7.75%,8.25,7.75,,,,CoStar,Tertiary market with limited investor demand and elevated cap rates.,6.7,AI Research (CBRE/M&M/JLL calibrated),Stable,Low,"South Bend, IN",Secondary,,85000
6.25,5.75,5.75% - 6.25%,6.75,6.25,6.25% - 6.75%,7.25,6.75,6.75% - 7.25%,7.75,7.25,,,,Marcus & Millichap,Growing secondary market with balanced fundamentals and stable cap rates.,6.1,AI Research (CBRE/M&M/JLL calibrated),Stable,Moderate,"Spokane, WA",Secondary,,150000
7.0,6.5,6.50% - 7.00%,7.5,7.0,7.00% - 7.50%,8.0,7.5,7.50% - 8.00%,8.5,8.0,,,,CoStar,Tertiary market with weak investor demand and high cap rates reflecting economic headwinds.,7.0,AI Research (CBRE/M&M/JLL calibrated),Stable,Low,"Springfield, IL",Tertiary,,80000
6.25,5.75,5.75% - 6.25%,6.75,6.25,6.25% - 6.75%,7.25,6.75,6.75% - 7.25%,7.75,7.25,,,,JLL Capital Markets,Secondary New England market with steady investor interest and stable cap rates.,6.2,AI Research (CBRE/M&M/JLL calibrated),Stable,Moderate,"Springfield, MA",Secondary,,130000
6.75,6.25,6.25% - 6.75%,7.5,7.0,7.00% - 7.50%,7.5,7.0,7.00% - 7.50%,8.25,7.5,,,,Marcus & Millichap,Tertiary market with moderate investor interest and stable cap rates reflecting modest growth prospects.,6.85,AI Research (CBRE/M&M/JLL calibrated),Stable,Moderate,"Springfield, MO",Secondary,,95000
7.0,6.5,6.50% - 7.00%,7.5,7.0,7.00% - 7.50%,7.5,7.0,7.00% - 7.50%,8.0,7.5,8.5,8.0,8.00% - 8.50%,Marcus & Millichap,Market remains challenged with limited new investment and stable cap rates.,7.25,AI Research (CBRE/M&M/JLL calibrated),Stable,Low,"Springfield, OH",Tertiary,65000.0,85000
6.25,5.75,5.75% - 6.25%,6.75,6.25,6.25% - 6.75%,7.0,6.5,6.50% - 7.00%,7.5,7.0,,,,CBRE,Mid-secondary market with steady demand and cap rates reflecting balanced risk-return profiles.,6.3,AI Research (CBRE/M&M/JLL calibrated),Stable,Moderate,"St. Cloud, MN",Tertiary,,110000
5.75,5.25,5.25% - 5.75%,6.25,5.75,5.75% - 6.25%,6.5,6.0,6.00% - 6.50%,7.0,6.5,,,,JLL,Sun Belt secondary market experiencing cap rate expansion due to rising interest rates and supply growth.,5.65,AI Research (CBRE/M&M/JLL calibrated),Expanding,High,"St. George, UT",Secondary,,165000
6.5,6.0,5.50% - 6.00%,6.5,6.5,6.00% - 6.50%,6.75,6.25,6.25% - 6.75%,7.25,6.75,,,,CoStar,Strong secondary market with stable cap rates supported by steady rental growth and moderate investor interest.,6.0,CBRE H2 2025 Survey (Verified),Stable,Moderate,"St. Louis, MO",Primary,,120000
5.25,4.75,4.75% - 5.25%,5.75,5.25,5.25% - 5.75%,6.0,5.5,5.50% - 6.00%,6.5,6.0,,,,CBRE,Gateway-adjacent market with strong investor demand and relatively tight cap rates despite recent rate pressures.,5.1,AI Research (CBRE/M&M/JLL calibrated),Stable,High,"Stamford, CT",Secondary,,280000
5.75,5.25,5.25% - 5.75%,6.25,5.75,5.75% - 6.25%,6.5,6.0,6.00% - 6.50%,7.0,6.5,,,,Marcus & Millichap,Sun Belt secondary market with cap rate expansion driven by affordability concerns and rising borrowing costs.,5.7,AI Research (CBRE/M&M/JLL calibrated),Expanding,Moderate,"Stockton, CA",Secondary,,180000
6.25,5.75,5.75% - 6.25%,6.75,6.25,6.25% - 6.75%,7.0,6.5,6.50% - 7.00%,7.5,7.0,,,,JLL,Mid-secondary market with stable cap rates reflecting steady but modest economic growth.,6.2,AI Research (CBRE/M&M/JLL calibrated),Stable,Moderate,"Syracuse, NY",Secondary,,90000
5.5,5.0,5.00% - 5.50%,6.0,5.5,5.50% - 6.00%,6.5,6.0,6.00% - 6.50%,7.0,6.5,,,,CoStar,Gateway-adjacent market with rising cap rates due to recent rate hikes but strong investor appetite remains.,5.45,AI Research (CBRE/M&M/JLL calibrated),Expanding,High,"Tacoma, WA",Secondary,,210000
6.0,5.5,5.50% - 6.00%,6.5,6.0,6.00% - 6.50%,6.75,6.25,6.25% - 6.75%,7.25,6.75,,,,Marcus & Millichap,Secondary Sun Belt market with stable cap rates supported by university-driven rental demand.,6.0,AI Research (CBRE/M&M/JLL calibrated),Stable,Moderate,"Tallahassee, FL",Secondary,,115000
5.25,4.75,4.75% - 5.25%,5.5,5.0,5.25% - 5.75%,6.0,5.5,5.50% - 6.00%,6.5,6.0,,,,CBRE,Primary Sun Belt market with strong investor demand but cap rates expanding due to rising interest rates.,5.1,CBRE H2 2025 Survey (Verified),Expanding,Very High,"Tampa, FL",Primary,,230000
7.0,6.5,6.50% - 7.00%,7.5,7.0,7.00% - 7.50%,7.75,7.25,7.25% - 7.75%,8.25,7.75,,,,Marcus & Millichap,Tertiary market with limited investor interest and higher cap rates reflecting elevated risk.,7.0,AI Research (CBRE/M&M/JLL calibrated),Stable,Low,"Terre Haute, IN",Tertiary,,70000
7.25,6.75,6.75% - 7.25%,7.75,7.25,7.25% - 7.75%,7.75,7.25,7.25% - 7.75%,8.25,7.75,8.75,8.25,8.25% - 8.75%,CoStar,Very limited investor demand due to small market and economic constraints.,7.5,AI Research (CBRE/M&M/JLL calibrated),Stable,Very Low,"Texarkana, TX",Tertiary,60000.0,80000
6.5,6.0,6.00% - 6.50%,7.0,6.5,6.50% - 7.00%,7.5,7.0,7.00% - 7.50%,8.0,7.5,,,,JLL,Mid-secondary market with stable cap rates and moderate investor demand amid steady economic fundamentals.,6.5,AI Research (CBRE/M&M/JLL calibrated),Stable,Moderate,"Toledo, OH",Secondary,,85000
6.75,6.25,6.25% - 6.75%,7.5,7.0,7.00% - 7.50%,7.5,7.0,7.00% - 7.50%,8.0,7.5,,,,Marcus & Millichap,Smaller tertiary market with limited investor interest and higher risk premiums.,6.75,AI Research (CBRE/M&M/JLL calibrated),Expanding,Low,"Topeka, KS",Tertiary,,65000
6.0,5.5,5.50% - 6.00%,6.5,6.0,6.00% - 6.50%,6.5,6.0,6.00% - 6.50%,7.0,6.5,,,,CBRE,Proximity to NYC supports moderate demand but cap rates remain elevated due to market risk.,5.9,AI Research (CBRE/M&M/JLL calibrated),Stable,Moderate,"Trenton, NJ",Secondary,,95000
5.5,5.25,5.25% - 5.75%,6.0,5.5,5.75% - 6.25%,6.5,6.0,6.00% - 6.50%,7.0,6.5,,,,JLL,Sun Belt secondary market with steady investor interest and moderate cap rate expansion.,5.75,CBRE H2 2025 Survey (Verified),Stable,Moderate,"Tucson, AZ",Primary,,110000
6.5,6.0,6.00% - 6.50%,7.0,6.5,6.50% - 7.00%,7.0,6.5,6.50% - 7.00%,7.5,7.0,,,,CoStar,Mid-secondary market with cap rate expansion driven by economic uncertainty and lower investor demand.,6.4,AI Research (CBRE/M&M/JLL calibrated),Expanding,Low,"Tulsa, OK",Secondary,,70000
6.25,5.75,5.75% - 6.25%,6.75,6.25,6.25% - 6.75%,6.75,6.25,6.25% - 6.75%,7.25,6.75,7.75,7.25,7.25% - 7.75%,JLL,University-driven demand supports steady investor interest and stable cap rates.,6.25,AI Research (CBRE/M&M/JLL calibrated),Stable,Moderate,"Tuscaloosa, AL",Secondary,85000.0,110000
7.0,6.5,6.50% - 7.00%,7.5,7.0,7.00% - 7.50%,7.5,7.0,7.00% - 7.50%,8.0,7.5,8.5,8.0,8.00% - 8.50%,Marcus & Millichap,Small market with stable fundamentals but limited investor competition.,7.25,AI Research (CBRE/M&M/JLL calibrated),Stable,Low,"Twin Falls, ID",Tertiary,70000.0,90000
6.75,6.25,6.25% - 6.75%,7.5,7.0,7.00% - 7.50%,7.5,7.0,7.00% - 7.50%,8.0,7.5,,,,Marcus & Millichap,Tertiary Texas market with elevated cap rates reflecting higher risk and limited capital flow.,6.8,AI Research (CBRE/M&M/JLL calibrated),Expanding,Low,"Tyler, TX",Secondary,,60000
7.25,6.75,6.75% - 7.25%,7.75,7.25,7.25% - 7.75%,7.75,7.25,7.25% - 7.75%,8.25,7.75,8.75,8.25,8.25% - 8.75%,CoStar,Economic headwinds driving cap rate expansion and very low investor demand.,7.5,AI Research (CBRE/M&M/JLL calibrated),Expanding,Very Low,"Utica, NY",Tertiary,55000.0,75000
5.5,5.0,5.00% - 5.50%,6.0,5.5,5.50% - 6.00%,6.0,5.5,5.50% - 6.00%,6.5,6.0,7.0,6.5,6.50% - 7.00%,CBRE,Proximity to Bay Area supports moderate investor demand and stable cap rates.,5.75,AI Research (CBRE/M&M/JLL calibrated),Stable,Moderate,"Vallejo, CA",Secondary,180000.0,250000
5.75,5.25,5.25% - 5.75%,6.25,5.75,5.75% - 6.25%,6.5,6.0,6.00% - 6.50%,7.0,6.5,,,,CBRE,Coastal secondary market with steady demand and moderate cap rates supported by military and tourism sectors.,5.7,AI Research (CBRE/M&M/JLL calibrated),Stable,Moderate,"Virginia Beach, VA",Tertiary,,120000
7.0,6.5,6.50% - 7.00%,7.5,7.0,7.00% - 7.50%,7.75,7.25,7.25% - 7.75%,8.25,7.75,,,,CoStar,Tertiary California market with high cap rates due to affordability challenges and limited investor competition.,7.0,AI Research (CBRE/M&M/JLL calibrated),Expanding,Low,"Visalia, CA",Secondary,,65000
6.5,6.0,6.00% - 6.50%,7.0,6.5,6.50% - 7.00%,7.25,6.75,6.75% - 7.25%,7.75,7.25,,,,Marcus & Millichap,Mid-secondary Texas market with balanced cap rates and steady investor interest driven by university presence.,6.5,AI Research (CBRE/M&M/JLL calibrated),Stable,Moderate,"Waco, TX",Secondary,,85000
5.75,5.25,5.25% - 5.75%,6.25,5.75,5.75% - 6.25%,6.5,6.0,6.00% - 6.50%,7.0,6.5,7.5,7.0,7.00% - 7.50%,JLL,Stable market with steady demand driven by regional employment and coastal proximity.,5.75,AI Research (CBRE/M&M/JLL calibrated),Stable,Moderate,"Warwick, RI",Secondary,100000.0,140000
5.5,4.75,4.75% - 5.50%,5.5,4.75,4.75% - 5.50%,5.75,5.25,5.25% - 5.75%,6.25,5.75,,,,CBRE,Gateway market with strong investor demand and tight cap rates supported by government and tech sectors.,5.1,CBRE H2 2025 Survey (Verified),Stable,Very High,"Washington, DC",Primary,,250000
7.25,6.75,6.75% - 7.25%,7.75,7.25,7.25% - 7.75%,7.75,7.25,7.25% - 7.75%,8.25,7.75,8.75,8.25,8.25% - 8.75%,Marcus & Millichap,Limited investor interest with stable but elevated cap rates due to economic challenges.,7.5,AI Research (CBRE/M&M/JLL calibrated),Stable,Very Low,"Waterloo, IA",Tertiary,50000.0,70000
7.25,6.75,6.75% - 7.25%,7.75,7.25,7.25% - 7.75%,7.75,7.25,7.25% - 7.75%,8.25,7.75,8.75,8.25,8.25% - 8.75%,CoStar,Small market with limited growth prospects and low investor demand.,7.5,AI Research (CBRE/M&M/JLL calibrated),Stable,Very Low,"Wichita Falls, TX",Tertiary,55000.0,75000
6.5,6.0,6.00% - 6.50%,7.0,6.5,6.50% - 7.00%,7.25,6.75,6.75% - 7.25%,7.75,7.25,,,,CoStar,Mid-secondary market with cap rate expansion due to economic headwinds and limited investor activity.,6.5,AI Research (CBRE/M&M/JLL calibrated),Expanding,Low,"Wichita, KS",Secondary,,70000
6.0,5.5,5.50% - 6.00%,6.5,6.0,6.00% - 6.50%,6.5,6.0,6.00% - 6.50%,7.0,6.5,,,,JLL,Secondary East Coast market with moderate investor demand and stable cap rates supported by finance sector.,5.9,AI Research (CBRE/M&M/JLL calibrated),Stable,Moderate,"Wilmington, DE",Secondary,,90000
6.25,5.75,5.75% - 6.25%,6.75,6.25,6.25% - 6.75%,7.0,6.5,6.50% - 7.00%,7.5,7.0,,,,Marcus & Millichap,Growing coastal market with steady demand and moderate cap rates driven by retirement and tourism.,6.1,AI Research (CBRE/M&M/JLL calibrated),Stable,Moderate,"Wilmington, NC",Secondary,,95000
6.25,5.75,5.75% - 6.25%,6.75,6.25,6.25% - 6.75%,7.0,6.5,6.50% - 7.00%,7.5,7.0,,,,Marcus & Millichap 2025,Market shows steady demand with cap rates reflecting tertiary market risk profile.,6.5,AI Research (CBRE/M&M/JLL calibrated),Stable,Moderate,"Winston-Salem, NC",Secondary,,95000
5.5,5.0,5.00% - 5.50%,6.0,5.5,5.50% - 6.00%,6.5,6.0,6.00% - 6.50%,7.0,6.5,,,,CBRE H2 2025,Proximity to Boston supports strong investor interest and relatively tight cap rates for a secondary market.,5.5,AI Research (CBRE/M&M/JLL calibrated),Stable,High,"Worcester, MA",Secondary,,140000
7.0,6.5,6.50% - 7.00%,7.5,7.0,7.00% - 7.50%,7.5,7.0,7.00% - 7.50%,8.0,7.5,8.5,8.0,8.00% - 8.50%,Marcus & Millichap,Stable fundamentals with modest investor interest in a smaller agricultural market.,7.25,AI Research (CBRE/M&M/JLL calibrated),Stable,Low,"Yakima, WA",Tertiary,65000.0,85000
6.75,6.25,6.25% - 6.75%,7.5,7.0,7.00% - 7.50%,7.5,7.0,7.00% - 7.50%,8.0,7.5,8.5,8.0,8.00% - 8.50%,Marcus & Millichap H2 2025,Yolo remains a tertiary market with moderate investor interest and stable cap rates reflecting limited liquidity and moderate growth prospects.,7.0,AI Research (CBRE/M&M/JLL calibrated),Stable,Moderate,"Yolo, CA",Tertiary,160000.0,210000
6.5,6.0,6.00% - 6.50%,7.0,6.5,6.50% - 7.00%,7.5,7.0,7.00% - 7.50%,8.0,7.5,,,,CoStar Q1 2026,Limited investor activity and economic headwinds are driving cap rates higher in this tertiary market.,6.75,AI Research (CBRE/M&M/JLL calibrated),Expanding,Low,"York, PA",Tertiary,,65000
7.5,7.0,7.00% - 7.50%,8.0,7.5,7.50% - 8.00%,8.5,8.0,8.00% - 8.50%,9.0,8.5,,,,JLL Capital Markets 2025,Weak market fundamentals and low investor interest are causing cap rates to expand significantly.,7.5,AI Research (CBRE/M&M/JLL calibrated),Expanding,Very Low,"Youngstown, OH",Secondary,,45000
7.0,6.5,6.50% - 7.00%,7.75,7.25,7.25% - 7.75%,7.75,7.25,7.25% - 7.75%,8.25,7.75,8.75,8.25,8.25% - 8.75%,CoStar Q1 2026,Yuma's tertiary status and limited investor demand keep cap rates elevated and stable amid modest market fundamentals.,7.25,AI Research (CBRE/M&M/JLL calibrated),Stable,Low,"Yuma, AZ",Tertiary,130000.0,180000
