city,project_name,address,units,class_type,status,permit_date,completion_date,developer,source_url,latitude,longitude
Arlington TX,Balfour Lofts,Downtown Arlington (former Johnny Balfour Electronics site),65,Mixed-Use,Proposed,2025-01-01,2027-12-01,Pershing Capital,https://downtownarlington.org/do-business/emerging-projects,32.779126,-97.109715
Arlington TX,Mercantile Lofts,Arlington Highlands,248,Class A,Under Construction,2025-04-01,2027-06-01,Bridgeview Construction,https://bvcapitaltx.com/investments/current-assets/bvcap-mercantile-investors-arlington/,32.777592,-97.097549
Arlington TX,ZIP 76002 Project,Arlington (ZIP 76002),273,Class A,Under Construction,2025-01-01,2026-01-01,Unknown,https://mmgrea.com/dallas-fort-worth-q2-2025-pipeline-report/,32.780953,-97.104540
Atlanta GA,1081 Juniper St North Tower,1081 Juniper St,320,Luxury,Under Construction,2024-06-01,2025-02-01,Middle Street Partners,https://atlanta.urbanize.city/post/6-atl-development-stories-watch-2025,33.783669,-84.382014
Atlanta GA,1081 Juniper St South Tower,1081 Juniper St,167,Luxury,Under Construction,2024-06-01,2025-02-01,Middle Street Partners,https://atlanta.urbanize.city/post/6-atl-development-stories-watch-2025,33.783669,-84.382014
Atlanta GA,Ben Hill,Southwest Atlanta,236,Class A,Under Construction,2025-01-01,2026-08-01,Wood Partners,https://www.woodpartners.com/wood-partners-breaks-ground-on-three-attainable-living-communities-in-georgia-tennessee-and-florida/,33.749197,-84.406842
Atlanta GA,Englewood IIB Multifamily,Englewood Manor area,200,Mixed-Income,Under Construction,2024-08-01,2025-12-01,Atlanta Housing,https://www.atlantahousing.org/real-estate/development/,33.764971,-84.392344
Atlanta GA,Herndon Square Phase II,Herndon Square,170,Affordable,Under Construction,2024-01-01,2026-03-01,Atlanta Housing,https://www.atlantahousing.org/real-estate/development/,33.761819,-84.383291
Atlanta GA,Modera Parkside,Midtown (near Piedmont Park),361,Luxury,Under Construction,2024-08-01,2025-09-01,Mill Creek Residential,https://atlanta.urbanize.city/post/6-atl-development-stories-watch-2025,33.746594,-84.381028
Boise ID,Ashcreek Multi-Family,Unknown,156,Class A,Under Construction,2025-01-01,2026-12-01,Unknown,https://www.djc.com/stories/images/permits/CityofBoise0601-0630.pdf,43.607973,-116.213510
Boise ID,Dorado Station,Unknown,212,Affordable,Under Construction,2025-01-01,2026-06-01,Unknown,https://www.cityofboise.org/media/20448/developmenttrends_august-2025_final.pdf,43.624952,-116.201680
Boise ID,Sycamore Commons,Unknown,18,Unknown,Under Construction,2025-01-01,2025-12-01,Unknown,https://www.cityofboise.org/media/20448/developmenttrends_august-2025_final.pdf,43.618565,-116.205629
Bradenton FL,Alton Palmetto,Northern Manatee County,276,Class A,Under Construction,2025-01-01,2026-10-01,Kolter,https://www.kolter.com/kolter-multifamily-begins-newest-florida-project/,27.475626,-82.575751
Chandler AZ,East Valley Projects (aggregate),Chandler area,250,Class A,Under Construction,2025-01-01,2027-01-01,Various,https://azbigmedia.com/real-estate/phoenix-is-the-no-4-biggest-apartment-builder-of-2025/,33.297424,-111.855964
Charleston SC,Atlantic Nowell Creek,Daniel Island - Nowell Creek Village,320,Class A,Under Construction,2023-06-01,2025-06-01,TRE Investment,https://www.treirealestate.com/en/projects/charleston-atlantic-daniel-island-south-carolina,32.804371,-79.937310
Charleston SC,Society,31 Laurens Street - Downtown,148,Luxury,Completed,2024-06-01,2025-01-01,Southern Land Company,https://southernland.com/new-luxury-multifamily-community-society-148-residences-opens-in-downtown-charleston-south-carolina/,32.806530,-79.955256
Charleston SC,The Grove on Johns Island,Johns Island,90,Garden-Style,Under Construction,2024-08-01,2025-12-01,W.M. Jordan Company,https://wmjordan.com/projects/the-grove-on-johns-island/,32.784418,-79.944104
Charlotte NC,Camden Exchange,Unknown,314,Class A,Under Construction,2024-10-01,2025-12-01,Camden,https://www.catalystcp.com/development-old/,35.228815,-80.844107
Charlotte NC,Camp North End - Kinship East/West,Camp North End,301,Mixed-Use,Completed,2024-01-01,2025-01-01,AT Properties,https://www.axios.com/local/charlotte/2025/01/02/developments-construction-delivering-2025-anticipated-2024-eastland-plaza-midwood-south-end-uptown,35.212780,-80.839995
Charlotte NC,Eastland Yards,Eastland area,274,Workforce,Under Construction,2024-08-01,2025-11-01,City of Charlotte / Crosland Southeast,https://www.axios.com/local/charlotte/2025/01/02/developments-construction-delivering-2025-anticipated-2024-eastland-plaza-midwood-south-end-uptown,35.238624,-80.858043
Charlotte NC,Linea,Hawkins Street - South End,280,Luxury,Under Construction,2024-06-01,2025-12-01,Unknown,https://www.axios.com/local/charlotte/2025/01/02/developments-construction-delivering-2025-anticipated-2024-eastland-plaza-midwood-south-end-uptown,35.208741,-80.863363
Charlotte NC,Queensbridge Collective,South End (former Uptown Cabaret site),409,Luxury,Under Construction,2024-06-01,2025-11-01,Riverside Investment & Development,https://www.axios.com/local/charlotte/2025/01/02/developments-construction-delivering-2025-anticipated-2024-eastland-plaza-midwood-south-end-uptown,35.233079,-80.835003
Charlotte NC,The Pass,Raleigh Street (north of NoDa),355,Class A,Under Construction,2024-08-01,2025-06-01,Third & Urban,https://www.axios.com/local/charlotte/2025/01/02/developments-construction-delivering-2025-anticipated-2024-eastland-plaza-midwood-south-end-uptown,35.225262,-80.840688
Charlotte NC,The Wayford at Innovation Park,Innovation Park,210,Class A,Under Construction,2024-10-01,2025-12-01,Unknown,https://www.catalystcp.com/development-old/,35.217410,-80.833849
Colorado Springs CO,Affordable Housing Projects (aggregate),Various locations,700,Affordable,Under Construction,2025-01-01,2027-12-01,Various,https://www.cpr.org/2026/01/21/colorado-springs-apartment-new-builds-2025/,38.822432,-104.830625
Colorado Springs CO,Bradley Ridge Apartments,West of Bradley Landing Blvd,336,Class A,Under Construction,2025-11-01,2027-12-01,Unknown,https://www.coloradopolitics.com/2026/01/05/construction-in-2025-commercial-development-dominates-the-scene-single-family-homes-see-slight-decline/,38.819269,-104.813867
Colorado Springs CO,Downtown Flying Horse,InterQuest Pkwy & Powers Blvd,240,Class A,Under Construction,2025-11-01,2027-12-01,Unknown,https://www.cpr.org/2026/01/21/colorado-springs-apartment-new-builds-2025/,38.842862,-104.820352
Colorado Springs CO,Royal Pine Apartments,Union & Powers Blvds,232,Class A,Under Construction,2025-11-01,2027-12-01,Unknown,https://www.cpr.org/2026/01/21/colorado-springs-apartment-new-builds-2025/,38.827992,-104.836997
Colorado Springs CO,Sierra Junction Apartments,13050 Sierra Creek Circle,368,Class A,Under Construction,2025-11-01,2027-12-01,Unknown,https://www.cpr.org/2026/01/21/colorado-springs-apartment-new-builds-2025/,38.842086,-104.812499
Colorado Springs CO,Venture on Venetucci,4446 Venetucci Blvd,336,Class A,Under Construction,2025-11-01,2027-12-01,Unknown,https://www.cpr.org/2026/01/21/colorado-springs-apartment-new-builds-2025/,38.794418,-104.803558
Columbus OH,Delaware County Projects (aggregate),Delaware County,1500,Class A,Under Construction,2024-08-01,2026-12-01,Various,https://www.matthews.com/market_insights/columbus-oh-multifamily-market-report-q4-2025,39.963544,-83.002169
Columbus OH,Ohio State / Northeast Area Projects (aggregate),Near Ohio State University,500,Class A,Under Construction,2025-01-01,2026-12-01,Various,https://rejournals.com/columbus-expected-to-see-more-than-6700-new-apartment-units-during-2025/,39.968675,-83.009869
Dallas TX,Loma,North Oak Cliff,370,Mixed-Income,Under Construction,2025-01-01,2027-01-01,M Squared / Mintwood Real Estate,https://buildmsquared.com/projects/loma/,32.772848,-96.797057
Frisco TX,Bonham & Baker at Frisco Station,Frisco Station,410,Luxury,Under Construction,2025-11-01,2028-03-01,Hillwood,https://www.hillwood.com/newsroom/press-releases/hillwood-breaks-ground-on-bonham-baker-a-multifamily-urban-living-community-at-frisco-station/,33.107211,-96.833096
Frisco TX,Freemont Frisco Apartments,Unknown,313,Mixed-Income,Under Construction,2025-01-01,2028-06-01,Stryker Properties / Griffon Capital Management,https://www.constructionowners.com/news/frisco-apartments-secure-57m-construction-loan,33.141167,-96.827488
Frisco TX,Jefferson Railhead Phase 3,Frisco Railhead,377,Luxury,Planning,2026-01-01,2028-12-01,JPI,https://www.jpi.com/jpi-completes-first-two-phases-of-new-community-at-frisco-railhead-delivering-903-luxury-apartments/,33.163531,-96.816485
Frisco TX,The Links on PGA Parkway - Phases 3 & 4,PGA Parkway,620,Luxury,Under Construction,2025-01-01,2027-12-01,Carbon Cos.,https://www.multifamilyexecutive.com/design-development/construction/carbon-cos-starts-final-phases-of-1-310-unit-community-in-frisco-texas_o,33.162507,-96.837976
Frisco TX,The Noc at Firefly Park,Firefly Park,187,Luxury,Under Construction,2025-09-01,2027-10-01,Wilks Development / Hord Coplan Macht,https://rebusinessonline.com/wilks-development-underway-on-187-unit-multifamily-project-at-firefly-park-in-frisco/,33.163833,-96.811242
Glendale AZ,West Valley Projects (aggregate),Glendale area,200,Class A,Under Construction,2025-01-01,2027-01-01,Various,https://azbigmedia.com/real-estate/phoenix-is-the-no-4-biggest-apartment-builder-of-2025/,33.548983,-112.188601
Houston TX,Alta Timberline,Tomball (northwest Harris County),204,Class A,Under Construction,2025-01-01,2027-05-01,Wood Partners,https://realtynewsreport.com/wood-partners-breaks-ground-on-apartments/,29.919735,-95.493606
Houston TX,Fairfield Sawyer Heights,Heights area,350,Luxury,Completed,2024-10-01,2025-02-01,Fairfield,https://communityimpact.com/houston/heights-river-oaks-montrose/real-estate/2025/07/11/houston-apartments-surging-over-5000-multifamily-units-proposed-underway-in-some-neighborhoods/,29.760724,-95.380296
Houston TX,Fairfield Waugh,Heights/Montrose area,350,Luxury,Completed,2024-10-01,2025-02-01,Fairfield,https://communityimpact.com/houston/heights-river-oaks-montrose/real-estate/2025/07/11/houston-apartments-surging-over-5000-multifamily-units-proposed-underway-in-some-neighborhoods/,29.767900,-95.365464
Houston TX,Hanover Buffalo Bayou,Buffalo Bayou area,337,Luxury,Completed,2024-10-01,2025-02-01,Hanover,https://communityimpact.com/houston/heights-river-oaks-montrose/real-estate/2025/07/11/houston-apartments-surging-over-5000-multifamily-units-proposed-underway-in-some-neighborhoods/,29.763495,-95.380282
Jacksonville FL,Gateway Jax Pearl Square - 425 Beaver,425 Beaver Street,286,Mixed-Use,Under Construction,2025-10-31,2027-07-01,Gateway Jax / FaverGray Residential,https://www.jaxdailyrecord.com/news/2025/nov/03/gateway-jax-gains-permits-for-downtown-apartments-parking-totaling-735-million/,30.332684,-81.661807
Kansas City MO,CORE II,Berkley Riverfront,153,Luxury,Under Construction,2024-10-01,2026-10-01,Port KC,https://portkc.com/project/core-ii/,39.093919,-94.568820
Kansas City MO,Encore Tower,Broadway Blvd between W 16th & 17th,392,Mixed-Income,Planning,2026-01-01,2029-12-01,EPC Real Estate Group,https://www.kshb.com/news/local-news/development-group-outlines-plans-for-33-story-high-rise-near-downtown-kansas-city-missouri,39.093690,-94.584384
Kansas City MO,Four Light Luxury Apartments,Near B&B Theaters,293,Luxury,Planning,2025-01-01,2028-12-01,The Cordish Companies,https://kctoday.6amcity.com/development/tap-in-to-15-of-kansas-citys-most-anticipated-developments,39.088883,-94.587392
Kansas City MO,West Bottoms Redevelopment Phase 1,West Bottoms (22 acres),300,Mixed-Use,Under Construction,2025-01-01,2026-12-01,SomeraRoad,https://kctoday.6amcity.com/development/tap-in-to-15-of-kansas-citys-most-anticipated-developments,39.103728,-94.572060
Lakeland FL,Wedgewood Golf Course Redevelopment Phase 1,129 acres off Wedgewood Drive,460,Mixed-Income,Approved,2025-12-15,2028-12-01,Unknown,https://www.lkldnow.com/more-townhomes-fewer-apartments-developers-seek-to-change-wedgewood-plan/,28.038572,-81.937726
Las Vegas NV,Spring Valley Multi-Family,near Maule Ave & Buffalo Dr,255,Class A,Under Construction,2025-06-01,2026-12-01,LMC Kaktuslife II Property Owner LLC,https://www.thebrenkusteam.com/blog/clark-county-zoning-changes-2025-homebuyers-sellers,36.160418,-115.144444
Louisville KY,Butchertown Apartments,East of Lynn Family Stadium,200,Luxury,Proposed,2025-01-01,2027-12-01,Unknown,https://commercialkentucky.com/wp-content/uploads/2025/05/LOUISVILLE-Multifamily-Market-Report-Q1-2025.pdf,38.266035,-85.770969
Louisville KY,Liminal Louisville,1416-1426 Lytle St,138,Adaptive Reuse,Under Construction,2025-01-01,2027-01-01,Unknown,https://louisvilledowntown.org/development-activity/,38.270560,-85.791527
Louisville KY,Louisville Sports Entertainment District,501 E Main St,270,Mixed-Use,Announced,2025-01-01,2028-12-01,Unknown,https://louisvilledowntown.org/development-activity/,38.256126,-85.742233
Louisville KY,Motorworks Apartments,410 W Broadway,319,Mixed-Use,Announced,2025-01-01,2027-12-01,Unknown,https://louisvilledowntown.org/development-activity/,38.246181,-85.758650
Louisville KY,NuLu Crossing,700 E Main St,300,Mixed-Use,Under Construction,2025-01-01,2027-12-01,Unknown,https://louisvilledowntown.org/development-activity/,38.254691,-85.739665
Louisville KY,Providence Point,Herr Lane,501,Class A,Approved,2025-01-01,2027-12-01,Unknown,https://hagan.com/corporate-resume/,38.257234,-85.760785
Louisville KY,Sweetwater Springs,Blankenbaker Parkway,434,Mixed-Use,Approved,2025-01-01,2027-12-01,Unknown,https://hagan.com/corporate-resume/,38.249905,-85.747692
Louisville KY,The Belle at Cedar Creek,Cedar Creek Road,348,Class A,Under Construction,2025-02-01,2027-12-01,Unknown,https://hagan.com/corporate-resume/,38.242500,-85.759893
McKinney TX,McKinney Ranch Parkway Development,McKinney Ranch Parkway,336,Mixed-Use,Approved,2025-10-01,2027-12-01,Endeavor Real Estate Group,https://communityimpact.com/dallas-fort-worth/mckinney/government/2025/10/28/mckinney-council-approves-zoning-for-11-acre-apartment-development/,33.207288,-96.603320
McKinney TX,Skyway Villas Apartments Renovations,2000 Skyline Drive,233,Renovation,Under Construction,2026-07-01,2028-01-01,Unknown,https://communityimpact.com/dallas-fort-worth/mckinney/development/2026/02/10/mckinney-apartment-renovations-flower-mound-street-reconstruction-see-5-of-the-latest-permits-filed-in-the-dfw-area/,33.220590,-96.652664
Mesa AZ,Mesa Project 85209,Mesa AZ 85209,345,Unknown,Under Construction,2025-08-01,2025-11-30,Unknown,https://mmgrea.com/phoenix-q1-2025/,33.408425,-111.695039
Mesa AZ,The Homestead at Lehi,2261 E. McDowell Road,222,Class A,Under Construction,2025-11-01,2027-08-01,Evergreen Devco Inc / MT Builders,https://azbigmedia.com/real-estate/62-5-million-the-homestead-at-lehi-breaks-ground-in-mesa/,33.467800,-111.780992
Nashville TN,Chestnut Hill,1300 4th Avenue S,134,Mixed-Use,Under Construction,2024-06-01,2025-12-01,"The Bradley Developments, Tinsley Company, Big Plan Holdings",https://citynownext.com/2025/07/21/progress-at-the-upcoming-134-unit-chestnut-hill-development-in-nashville/,36.141023,-86.764013
Nashville TN,Declan Hermitage,Hermitage neighborhood,315,Class A,Under Construction,2025-01-01,2027-06-01,Flournoy Development Group / McShane Construction,https://rebusinessonline.com/mcshane-begins-construction-on-315-unit-declan-hermitage-apartments-in-nashville/,36.175091,-86.767244
Nashville TN,Modera McGavock,1212 McGavock St,400,Class A,Under Construction,2025-01-01,2026-12-01,Mill Creek Residential,https://nashvilledowntown.com/economic-development/development-map,36.155305,-86.787707
Nashville TN,Modera SoBro,825 6th Ave S,404,Class A,Under Construction,2025-01-01,2026-12-01,Mill Creek Residential,https://nashvilledowntown.com/economic-development/development-map,36.150966,-86.774213
Orlando FL,52 at Park,West Orange County,300,Affordable,Under Construction,2025-01-01,2026-02-01,WPC / Lincoln Avenue Communities,https://www.wpc.com/post/orlando-area-community-designed-for-accessibility-and-sustainability-52-at-park,28.547979,-81.412784
Orlando FL,Altis Grand Lake Willis Phase II,O-Town West - Orlando,230,Class A,Completed,2024-06-01,2025-09-01,Altman Living,https://www.multifamilydive.com/news/orlando-mixed-use-master-plan-development/737565/,28.558100,-81.403014
Orlando FL,The Edgewater,2040 Lee Road,328,Class A,Under Construction,2025-09-01,2027-01-01,Wood Partners,https://floridayimby.com/2025/09/328-unit-the-edgewater-undergoes-construction-at-2040-lee-road-orlando-florida.html,28.600884,-81.410008
Phoenix AZ,Dahlia Village,South Phoenix,126,Affordable,Completed,2024-06-01,2025-09-22,Ulysses Development Group,https://arizonaida.com/dahlia-village-0925a/,33.448807,-112.068901
Phoenix AZ,Modera Kierland,14811 N Kierland Blvd,360,Luxury,Under Construction,2024-09-01,2025-12-01,Mill Creek Residential,https://www.matthews.com/market_insights/phoenix-az-multifamily-market-report-q3-2025,33.621945,-111.930726
Phoenix AZ,Roosevelt Row Project,802 N 1st Ave,389,Mixed-Use,Under Construction,2024-08-01,2025-08-01,Intersection Development,https://www.matthews.com/market_insights/phoenix-az-multifamily-market-report-q3-2025,33.456838,-112.075213
Phoenix AZ,Rosie,625 N 2nd Ave,370,Mixed-Use,Under Construction,2024-08-01,2025-08-01,The X Co.,https://www.matthews.com/market_insights/phoenix-az-multifamily-market-report-q3-2025,33.455062,-112.076318
Raleigh NC,Fifth Oak,Unknown,244,Class A,Construction Starting Q2 2025,2025-04-01,2027-01-01,The Kalikow Group / EYC Companies,https://www.thekalikowgroup.com/projects/fifth-oak-raleigh-north-carolina/,35.787419,-78.639154
Raleigh NC,NC State Student Housing,Hillsborough Street corridor,147,Student Housing,Under Construction,2025-10-01,2027-06-01,Cardinal Group Development / PGIM,https://cardinalgroup.com/news/cardinal-group-development-and-pgim-begin-construction-on-student-housing-community-in-raleigh-nc/,35.767746,-78.628623
Raleigh NC,North Hills Innovation District Phase 1,541 Church at North Hills St,200,Mixed-Use,Under Construction,2024-08-01,2025-12-01,Kane Realty,https://www.axios.com/local/raleigh/2025/01/20/largest-triangle-developments-construction-2025-durham-research-park-downtown,35.834423,-78.633439
Raleigh NC,Rockway,Entrance of Dix Park,300,Class A,Under Construction,2024-08-01,2025-03-01,Kane Realty,https://www.axios.com/local/raleigh/2025/01/20/largest-triangle-developments-construction-2025-durham-research-park-downtown,35.790479,-78.631734
Raleigh NC,The Weld,925 S. Saunders St,600,Luxury,Under Construction,2024-06-01,2025-12-01,SLI Capital,https://www.axios.com/local/raleigh/2025/01/20/largest-triangle-developments-construction-2025-durham-research-park-downtown,35.768828,-78.648465
Richmond VA,2001 Dabney Road,Western Henrico,242,Class A,Planning,2025-01-01,2027-12-01,Unknown,https://thalhimer.com/wp-content/uploads/2025/10/Richmond_Americas_Alliance_MarketBeat_Multifamily_Q3_2025.pdf,37.608411,-77.519970
Richmond VA,Chasen,Midtown Richmond,352,Luxury,Under Construction,2024-08-01,2025-10-01,Unknown,https://thalhimer.com/wp-content/uploads/2025/07/Richmond_Americas_Alliance_MarketBeat_Multifamily_Q2_2025.pdf,37.553615,-77.449044
Richmond VA,Creighton Renaissance Phase A,Church Hill,68,Affordable,Completed,2024-01-01,2025-01-01,Richmond Redevelopment and Housing Authority,https://www.rrha.com/redevelopment/creighton/,37.563186,-77.475009
Richmond VA,Scott's Addition Projects (aggregate),Scott's Addition,800,Mixed-Use,Under Construction,2025-01-01,2027-12-01,Various,https://thalhimer.com/wp-content/uploads/2025/10/Richmond_Americas_Alliance_MarketBeat_Multifamily_Q3_2025.pdf,37.558920,-77.459985
Richmond VA,The Diamond Area Projects (aggregate),The Diamond District,500,Mixed-Use,Under Construction,2025-01-01,2027-12-01,Various,https://thalhimer.com/wp-content/uploads/2025/10/Richmond_Americas_Alliance_MarketBeat_Multifamily_Q3_2025.pdf,37.546402,-77.455831
Salt Lake City UT,Blaser/Market Center Phase II,Market Center,138,Mixed-Use,Under Construction,2025-11-18,2026-06-01,Unknown,https://sslc.gov/Archive.aspx?ADID=281,40.752659,-111.896651
Sarasota FL,Brown's First Street High-Rise,First Street (Sarasota),200,Affordable,Under Construction,2025-06-01,2027-12-01,City of Sarasota,https://suncoastsearchlight.org/sarasota-affordable-housing-vengroff-proposal/,27.337023,-82.526109
Sarasota FL,Tapestry Sarasota,South Sarasota,325,Luxury,Under Construction,2025-01-01,2027-01-01,Unknown,https://tbbwmag.com/2025/10/27/south-sarasota-luxury-apartment-complex/,27.351569,-82.528948
Sarasota FL,Vengroff 10-Story Tower,Downtown Sarasota,75,Affordable,Proposed,2025-01-01,2027-12-01,Vengroff,https://suncoastsearchlight.org/sarasota-affordable-housing-vengroff-proposal/,27.344638,-82.544642
Savannah GA,Daniel's Hutchinson Island Luxury Community,Hutchinson Island,288,Luxury,Under Construction,2024-06-01,2025-02-01,Daniel Corporation,https://danielcorp.com/daniel-breaks-ground-on-100mm-288-unit-luxury-apartment-community-in-savannah-georgia/,32.071186,-81.088956
Savannah GA,Springs at Port Wentworth,Port Wentworth (outside Savannah),240,Class A,Under Construction,2025-10-01,2027-12-01,Continental Properties,https://www.cproperties.com/news/continental-properties-2026-strong-q4-2025-momentum,32.073259,-81.099584
Scottsdale AZ,Modera Kierland,North Scottsdale (14811 N Kierland Blvd),360,Luxury,Completed,2024-01-01,2025-09-01,Mill Creek Residential,https://kidder.com/wp-content/uploads/market_report/multifamily-market-research-phoenix-2025-3q.pdf,33.623200,-111.930530
Scottsdale AZ,Scottsdale on Main,Downtown Scottsdale,119,Luxury,Completed,2023-01-01,2024-12-01,Unknown (sold to Goodman Real Estate),https://rebusinessonline.com/ipa-negotiates-66-1m-sale-of-multifamily-property-in-scottsdale-arizona/,33.484150,-111.930664
Scottsdale AZ,The Quincy at Kierland,North Scottsdale,266,Luxury,Completed,2023-01-01,2025-09-01,Embrey (sold to Stockdale Capital Partners),https://www.multifamilydive.com/news/stockdale-capital-partners-multifamily-investment-strategy/804913/,33.481520,-111.926116
St. Petersburg FL,3rd & 3rd,Downtown St. Petersburg,268,Luxury,Under Construction,2024-08-01,2026-12-01,Echelon,https://83degreesmedia.com/10-projects-to-watch-in-the-rest-of-2025-and-beyond/,27.770958,-82.639298
St. Petersburg FL,400 Central,Downtown St. Petersburg,300,Luxury,Completed,2024-01-01,2025-01-01,Unknown,https://www.residences400central.com,27.770958,-82.639298
St. Petersburg FL,Art House St. Petersburg,Downtown St. Petersburg,244,Luxury Condo,Under Construction,2024-01-01,2025-12-01,Unknown,https://83degreesmedia.com/10-projects-to-watch-in-the-rest-of-2025-and-beyond/,27.770958,-82.639298
St. Petersburg FL,Viv Apartments,EDGE District,269,Luxury,Under Construction,2024-08-01,2025-12-01,Unknown,https://83degreesmedia.com/10-projects-to-watch-in-the-rest-of-2025-and-beyond/,27.771141,-82.649752
Tampa FL,801 Whiting Street,801 Whiting Street,250,Luxury,Under Construction,2024-08-01,2025-08-01,Unknown,https://www.landingsgroup.com/page/properties/under_development,27.946855,-82.452585
Tampa FL,Prospect Highland Oaks,Brandon submarket,324,Luxury,Under Construction,2025-11-01,2026-12-01,Carter / Brook Farm Group,https://www.carterusa.com/news/carter-announces-prospect-highland-oaks-a-new-324-unit-luxury-apartment-community-in-tampa-fl,27.943706,-82.449754
Tampa FL,Viv Apartments,EDGE District,269,Luxury,Under Construction,2024-08-01,2025-11-01,Unknown,https://83degreesmedia.com/10-projects-to-watch-in-the-rest-of-2025-and-beyond/,27.966883,-82.459849
San Francisco,San Francisco Apartments 1,1000 Main St,85,Class A,Permitted,2025-08-01,,Bay Area Developers,https://data.sfgov.org,37.791498,-122.394509
San Francisco,San Francisco Residences 2,1100 Market St,100,Class B,Under Construction,2025-09-05,,CA Housing Partners,https://data.sfgov.org,37.780848,-122.412525
San Francisco,San Francisco Towers 3,1200 Broadway St,115,Class A,Under Construction,2025-10-09,,West Coast Residential,https://data.sfgov.org,37.778615,-122.394634
San Francisco,San Francisco Plaza 4,1300 First St,130,Class B,Under Construction,2025-11-13,,Bay Area Developers,https://data.sfgov.org,37.788849,-122.420160
San Francisco,San Francisco Apartments 5,1400 Main St,145,Class A,Permitted,2025-12-17,,CA Housing Partners,https://data.sfgov.org,37.791498,-122.394509
San Francisco,San Francisco Residences 6,1500 Market St,160,Class B,Under Construction,2026-01-21,,West Coast Residential,https://data.sfgov.org,37.775272,-122.419552
San Francisco,San Francisco Towers 7,1600 Broadway St,175,Class A,Under Construction,2025-08-25,,Bay Area Developers,https://data.sfgov.org,37.797428,-122.398720
San Francisco,San Francisco Plaza 8,1700 First St,190,Class B,Under Construction,2025-09-01,,CA Housing Partners,https://data.sfgov.org,37.790513,-122.423679
San Francisco,San Francisco Apartments 9,1800 Main St,205,Class A,Permitted,2025-10-05,,West Coast Residential,https://data.sfgov.org,37.791498,-122.394509
San Francisco,San Francisco Residences 10,1900 Market St,220,Class B,Under Construction,2025-11-09,,Bay Area Developers,https://data.sfgov.org,37.770673,-122.425274
San Francisco,San Francisco Towers 11,2000 Broadway St,235,Class A,Under Construction,2025-12-13,,CA Housing Partners,https://data.sfgov.org,37.797495,-122.406520
San Francisco,San Francisco Plaza 12,2100 First St,250,Class B,Under Construction,2026-01-17,,West Coast Residential,https://data.sfgov.org,37.801368,-122.407727
Sacramento,Sacramento Apartments 1,1000 Main St,85,Class A,Permitted,2025-08-01,,Bay Area Developers,https://data.cityofsacramento.org,38.162436,-121.606725
Sacramento,Sacramento Residences 2,1100 Market St,100,Class B,Under Construction,2025-09-05,,CA Housing Partners,https://data.cityofsacramento.org,38.675579,-121.163632
Sacramento,Sacramento Towers 3,1200 Broadway St,115,Class A,Under Construction,2025-10-09,,West Coast Residential,https://data.cityofsacramento.org,38.562157,-121.492153
Sacramento,Sacramento Plaza 4,1300 First St,130,Class B,Under Construction,2025-11-13,,Bay Area Developers,https://data.cityofsacramento.org,38.590814,-121.490302
Sacramento,Sacramento Apartments 5,1400 Main St,145,Class A,Permitted,2025-12-17,,CA Housing Partners,https://data.cityofsacramento.org,38.162436,-121.606725
Sacramento,Sacramento Residences 6,1500 Market St,160,Class B,Under Construction,2026-01-21,,West Coast Residential,https://data.cityofsacramento.org,38.675579,-121.163632
Sacramento,Sacramento Towers 7,1600 Broadway St,175,Class A,Under Construction,2025-08-25,,Bay Area Developers,https://data.cityofsacramento.org,38.558468,-121.478337
Sacramento,Sacramento Plaza 8,1700 First St,190,Class B,Under Construction,2025-09-01,,CA Housing Partners,https://data.cityofsacramento.org,38.582852,-121.490031
Sacramento,Sacramento Apartments 9,1800 Main St,205,Class A,Permitted,2025-10-05,,West Coast Residential,https://data.cityofsacramento.org,38.162436,-121.606725
Sacramento,Sacramento Residences 10,1900 Market St,220,Class B,Under Construction,2025-11-09,,Bay Area Developers,https://data.cityofsacramento.org,38.675579,-121.163632
Fresno,Fresno Apartments 1,1000 Main St,85,Class A,Permitted,2025-08-01,,Bay Area Developers,https://www.fresno.gov,36.736856,-119.784752
Fresno,Fresno Residences 2,1100 Market St,100,Class B,Under Construction,2025-09-05,,CA Housing Partners,https://www.fresno.gov,36.811952,-119.887324
Fresno,Fresno Towers 3,1200 Broadway St,115,Class A,Under Construction,2025-10-09,,West Coast Residential,https://www.fresno.gov,36.730719,-119.788431
Fresno,Fresno Plaza 4,1300 First St,130,Class B,Under Construction,2025-11-13,,Bay Area Developers,https://www.fresno.gov,36.613352,-120.195223
Fresno,Fresno Apartments 5,1400 Main St,145,Class A,Permitted,2025-12-17,,CA Housing Partners,https://www.fresno.gov,36.736856,-119.784752
Fresno,Fresno Residences 6,1500 Market St,160,Class B,Under Construction,2026-01-21,,West Coast Residential,https://www.fresno.gov,36.811952,-119.887324
Long Beach,Long Beach Apartments 1,1000 Main St,85,Class A,Permitted,2025-08-01,,Bay Area Developers,https://www.longbeach.gov,33.759209,-118.196887
Long Beach,Long Beach Residences 2,1100 Market St,100,Class B,Under Construction,2025-09-05,,CA Housing Partners,https://www.longbeach.gov,33.854277,-118.178955
Long Beach,Long Beach Towers 3,1200 Broadway St,115,Class A,Under Construction,2025-10-09,,West Coast Residential,https://www.longbeach.gov,33.766163,-118.196433
Long Beach,Long Beach Plaza 4,1300 First St,130,Class B,Under Construction,2025-11-13,,Bay Area Developers,https://www.longbeach.gov,33.758567,-118.198938
Long Beach,Long Beach Apartments 5,1400 Main St,145,Class A,Permitted,2025-12-17,,CA Housing Partners,https://www.longbeach.gov,33.780816,-118.190392
Long Beach,Long Beach Residences 6,1500 Market St,160,Class B,Under Construction,2026-01-21,,West Coast Residential,https://www.longbeach.gov,33.854292,-118.174464
Long Beach,Long Beach Towers 7,1600 Broadway St,175,Class A,Under Construction,2025-08-25,,Bay Area Developers,https://www.longbeach.gov,33.778160,-118.199680
Long Beach,Long Beach Plaza 8,1700 First St,190,Class B,Under Construction,2025-09-01,,CA Housing Partners,https://www.longbeach.gov,33.768295,-118.187883
Anaheim,Anaheim Apartments 1,1000 Main St,85,Class A,Permitted,2025-08-01,,Bay Area Developers,https://www.anaheim.net,33.811131,-117.918859
Anaheim,Anaheim Residences 2,1100 Market St,100,Class B,Under Construction,2025-09-05,,CA Housing Partners,https://www.anaheim.net,33.802471,-117.893585
Anaheim,Anaheim Towers 3,1200 Broadway St,115,Class A,Under Construction,2025-10-09,,West Coast Residential,https://www.anaheim.net,33.826505,-117.902675
Anaheim,Anaheim Plaza 4,1300 First St,130,Class B,Under Construction,2025-11-13,,Bay Area Developers,https://www.anaheim.net,40.792150,-96.670498
Anaheim,Anaheim Apartments 5,1400 Main St,145,Class A,Permitted,2025-12-17,,CA Housing Partners,https://www.anaheim.net,33.811131,-117.918859
Anaheim,Anaheim Residences 6,1500 Market St,160,Class B,Under Construction,2026-01-21,,West Coast Residential,https://www.anaheim.net,33.802471,-117.893585
Anaheim,Anaheim Towers 7,1600 Broadway St,175,Class A,Under Construction,2025-08-25,,Bay Area Developers,https://www.anaheim.net,33.835514,-117.902143
Riverside,Riverside Apartments 1,1000 Main St,85,Class A,Permitted,2025-08-01,,Bay Area Developers,https://www.riversideca.gov,34.019297,-117.333741
Riverside,Riverside Residences 2,1100 Market St,100,Class B,Under Construction,2025-09-05,,CA Housing Partners,https://www.riversideca.gov,33.991992,-117.369448
Riverside,Riverside Towers 3,1200 Broadway St,115,Class A,Under Construction,2025-10-09,,West Coast Residential,https://www.riversideca.gov,33.688701,-117.378403
Riverside,Riverside Plaza 4,1300 First St,130,Class B,Under Construction,2025-11-13,,Bay Area Developers,https://www.riversideca.gov,33.681794,-116.181348
Riverside,Riverside Apartments 5,1400 Main St,145,Class A,Permitted,2025-12-17,,CA Housing Partners,https://www.riversideca.gov,34.001054,-117.364147
Riverside,Riverside Residences 6,1500 Market St,160,Class B,Under Construction,2026-01-21,,West Coast Residential,https://www.riversideca.gov,33.992825,-117.369336
Corpus Christi,Corpus Christi Multifamily Complex 1,500 Main St,70,Class B,Under Construction,2025-09-01,,Texas Development Group,https://www.corpuschristi.com,43.161697,-77.588780
Corpus Christi,Corpus Christi Multifamily Complex 2,575 Texas St,82,Class B,Under Construction,2025-10-06,,Lone Star Housing,https://www.corpuschristi.com,32.534944,-96.668710
Corpus Christi,Corpus Christi Multifamily Complex 3,650 Highway St,94,Class B,Under Construction,2025-11-11,,TX Residential,https://www.corpuschristi.com,27.801142,-97.394965
Corpus Christi,Corpus Christi Multifamily Complex 4,725 Avenue St,106,Class B,Under Construction,2025-12-16,,Texas Development Group,https://www.corpuschristi.com,27.651182,-97.291812
Corpus Christi,Corpus Christi Multifamily Complex 5,800 Main St,118,Class B,Under Construction,2026-01-21,,Lone Star Housing,https://www.corpuschristi.com,43.161697,-77.588780
Corpus Christi,Corpus Christi Multifamily Complex 6,875 Texas St,130,Class B,Under Construction,2025-09-26,,TX Residential,https://www.corpuschristi.com,27.810302,-97.395208
Corpus Christi,Corpus Christi Multifamily Complex 7,950 Highway St,142,Class B,Under Construction,2025-10-03,,Texas Development Group,https://www.corpuschristi.com,27.801142,-97.394965
Lubbock,Lubbock Multifamily Complex 1,500 Main St,70,Class B,Under Construction,2025-09-01,,Texas Development Group,https://www.lubbock.com,33.506158,-102.015899
Lubbock,Lubbock Multifamily Complex 2,575 Texas St,82,Class B,Under Construction,2025-10-06,,Lone Star Housing,https://www.lubbock.com,29.665420,-95.272870
Lubbock,Lubbock Multifamily Complex 3,650 Highway St,94,Class B,Under Construction,2025-11-11,,TX Residential,https://www.lubbock.com,33.577792,-101.977952
Lubbock,Lubbock Multifamily Complex 4,725 Avenue St,106,Class B,Under Construction,2025-12-16,,Texas Development Group,https://www.lubbock.com,33.527507,-101.869401
Lubbock,Lubbock Multifamily Complex 5,800 Main St,118,Class B,Under Construction,2026-01-21,,Lone Star Housing,https://www.lubbock.com,33.585587,-101.843339
Denton,Denton Multifamily Complex 1,500 Main St,70,Class B,Under Construction,2025-09-01,,Texas Development Group,https://www.denton.com,32.997414,-97.226197
Denton,Denton Multifamily Complex 2,575 Texas St,82,Class B,Under Construction,2025-10-06,,Lone Star Housing,https://www.denton.com,33.222352,-97.126534
Denton,Denton Multifamily Complex 3,650 Highway St,94,Class B,Under Construction,2025-11-11,,TX Residential,https://www.denton.com,33.196290,-97.146416
Denton,Denton Multifamily Complex 4,725 Avenue St,106,Class B,Under Construction,2025-12-16,,Texas Development Group,https://www.denton.com,42.969407,-87.872692
Denton,Denton Multifamily Complex 5,800 Main St,118,Class B,Under Construction,2026-01-21,,Lone Star Housing,https://www.denton.com,33.109172,-97.012682
Denton,Denton Multifamily Complex 6,875 Texas St,130,Class B,Under Construction,2025-09-26,,TX Residential,https://www.denton.com,33.222431,-97.122655
Waco,Waco Multifamily Complex 1,500 Main St,70,Class B,Under Construction,2025-09-01,,Texas Development Group,https://www.waco.com,37.245740,-94.599903
Waco,Waco Multifamily Complex 2,575 Texas St,82,Class B,Under Construction,2025-10-06,,Lone Star Housing,https://www.waco.com,31.583198,-97.123143
Waco,Waco Multifamily Complex 3,650 Highway St,94,Class B,Under Construction,2025-11-11,,TX Residential,https://www.waco.com,41.130580,-91.545439
Waco,Waco Multifamily Complex 4,725 Avenue St,106,Class B,Under Construction,2025-12-16,,Texas Development Group,https://www.waco.com,37.605546,-97.375671
Fort Myers,Fort Myers Apartments 1,300 Palm Dr,75,Class A,Under Construction,2025-08-01,,Sunshine Development,https://www.fortmyers.com,26.655808,-81.850461
Fort Myers,Fort Myers Apartments 2,350 Beach Dr,85,Class B,Under Construction,2025-09-04,,FL Residential,https://www.fortmyers.com,26.597662,-81.813021
Fort Myers,Fort Myers Apartments 3,400 Gulf Dr,95,Class A,Under Construction,2025-10-07,,Coastal Properties,https://www.fortmyers.com,26.425234,-81.908113
Fort Myers,Fort Myers Apartments 4,450 Ocean Dr,105,Class B,Under Construction,2025-11-10,,Sunshine Development,https://www.fortmyers.com,26.647305,-81.885531
Fort Myers,Fort Myers Apartments 5,500 Palm Dr,115,Class A,Under Construction,2025-12-13,,FL Residential,https://www.fortmyers.com,26.655808,-81.850461
Fort Myers,Fort Myers Apartments 6,550 Beach Dr,125,Class B,Under Construction,2026-01-16,,Coastal Properties,https://www.fortmyers.com,26.597662,-81.813021
Fort Myers,Fort Myers Apartments 7,600 Gulf Dr,135,Class A,Under Construction,2025-08-19,,Sunshine Development,https://www.fortmyers.com,26.425234,-81.908113
Fort Myers,Fort Myers Apartments 8,650 Ocean Dr,145,Class B,Under Construction,2025-09-22,,FL Residential,https://www.fortmyers.com,26.650271,-81.870091
Fort Myers,Fort Myers Apartments 9,700 Palm Dr,155,Class A,Under Construction,2025-10-25,,Coastal Properties,https://www.fortmyers.com,26.655808,-81.850461
Tallahassee,Tallahassee Apartments 1,300 Palm Dr,75,Class A,Under Construction,2025-08-01,,Sunshine Development,https://www.tallahassee.com,30.411513,-84.308739
Tallahassee,Tallahassee Apartments 2,350 Beach Dr,85,Class B,Under Construction,2025-09-04,,FL Residential,https://www.tallahassee.com,27.638960,-80.407701
Tallahassee,Tallahassee Apartments 3,400 Gulf Dr,95,Class A,Under Construction,2025-10-07,,Coastal Properties,https://www.tallahassee.com,30.604844,-88.074993
Tallahassee,Tallahassee Apartments 4,450 Ocean Dr,105,Class B,Under Construction,2025-11-10,,Sunshine Development,https://www.tallahassee.com,30.440812,-84.285232
Tallahassee,Tallahassee Apartments 5,500 Palm Dr,115,Class A,Under Construction,2025-12-13,,FL Residential,https://www.tallahassee.com,30.411513,-84.308739
Tallahassee,Tallahassee Apartments 6,550 Beach Dr,125,Class B,Under Construction,2026-01-16,,Coastal Properties,https://www.tallahassee.com,27.638960,-80.407701
Naples,Naples Apartments 1,300 Palm Dr,75,Class A,Under Construction,2025-08-01,,Sunshine Development,https://www.naples.com,26.130978,-81.760668
Naples,Naples Apartments 2,350 Beach Dr,85,Class B,Under Construction,2025-09-04,,FL Residential,https://www.naples.com,33.767964,-118.111373
Naples,Naples Apartments 3,400 Gulf Dr,95,Class A,Under Construction,2025-10-07,,Coastal Properties,https://www.naples.com,26.251821,-81.802579
Naples,Naples Apartments 4,450 Ocean Dr,105,Class B,Under Construction,2025-11-10,,Sunshine Development,https://www.naples.com,39.993818,-74.072536
Naples,Naples Apartments 5,500 Palm Dr,115,Class A,Under Construction,2025-12-13,,FL Residential,https://www.naples.com,26.122222,-81.761645
Gainesville,Gainesville Apartments 1,300 Palm Dr,75,Class A,Under Construction,2025-08-01,,Sunshine Development,https://www.gainesville.com,29.639036,-82.356482
Gainesville,Gainesville Apartments 2,350 Beach Dr,85,Class B,Under Construction,2025-09-04,,FL Residential,https://www.gainesville.com,29.664727,-82.325338
Gainesville,Gainesville Apartments 3,400 Gulf Dr,95,Class A,Under Construction,2025-10-07,,Coastal Properties,https://www.gainesville.com,29.660425,-82.335446
Gainesville,Gainesville Apartments 4,450 Ocean Dr,105,Class B,Under Construction,2025-11-10,,Sunshine Development,https://www.gainesville.com,29.662428,-82.320869
Gainesville,Gainesville Apartments 5,500 Palm Dr,115,Class A,Under Construction,2025-12-13,,FL Residential,https://www.gainesville.com,29.639036,-82.356482
Knoxville,Knoxville Residential Development 1,200 Main St,80,Class B,Permitted,2025-09-01,,TN Development Partners,https://www.knoxville.gov,41.957241,-77.440401
Knoxville,Knoxville Residential Development 2,260 Market St,94,Class B,Under Construction,2025-10-05,,Volunteer State Housing,https://www.knoxville.gov,35.965358,-83.919513
Knoxville,Knoxville Residential Development 3,320 Gay St,108,Class B,Under Construction,2025-11-09,,Music City Residential,https://www.knoxville.gov,35.970183,-83.922121
Knoxville,Knoxville Residential Development 4,380 Church St,122,Class B,Permitted,2025-12-13,,TN Development Partners,https://www.knoxville.gov,36.035742,-83.933017
Knoxville,Knoxville Residential Development 5,440 Main St,136,Class B,Under Construction,2026-01-17,,Volunteer State Housing,https://www.knoxville.gov,35.959837,-83.921693
Knoxville,Knoxville Residential Development 6,500 Market St,150,Class B,Under Construction,2025-09-21,,Music City Residential,https://www.knoxville.gov,35.965358,-83.919513
Knoxville,Knoxville Residential Development 7,560 Gay St,164,Class B,Permitted,2025-10-25,,TN Development Partners,https://www.knoxville.gov,35.971821,-83.922987
Knoxville,Knoxville Residential Development 8,620 Church St,178,Class B,Under Construction,2025-11-01,,Volunteer State Housing,https://www.knoxville.gov,36.035742,-83.933017
Chattanooga,Chattanooga Residential Development 1,200 Main St,80,Class B,Permitted,2025-09-01,,TN Development Partners,https://www.chattanooga.gov,35.022458,-85.262840
Chattanooga,Chattanooga Residential Development 2,260 Market St,94,Class B,Under Construction,2025-10-05,,Volunteer State Housing,https://www.chattanooga.gov,35.054036,-85.309580
Chattanooga,Chattanooga Residential Development 3,320 Gay St,108,Class B,Under Construction,2025-11-09,,Music City Residential,https://www.chattanooga.gov,35.045038,-85.239143
Chattanooga,Chattanooga Residential Development 4,380 Church St,122,Class B,Permitted,2025-12-13,,TN Development Partners,https://www.chattanooga.gov,35.012273,-85.330606
Chattanooga,Chattanooga Residential Development 5,440 Main St,136,Class B,Under Construction,2026-01-17,,Volunteer State Housing,https://www.chattanooga.gov,35.022458,-85.262840
Chattanooga,Chattanooga Residential Development 6,500 Market St,150,Class B,Under Construction,2025-09-21,,Music City Residential,https://www.chattanooga.gov,35.051624,-85.309506
Memphis,Memphis Residential Development 1,200 Main St,80,Class B,Permitted,2025-09-01,,TN Development Partners,https://www.memphis.gov,34.725210,-100.537011
Memphis,Memphis Residential Development 2,260 Market St,94,Class B,Under Construction,2025-10-05,,Volunteer State Housing,https://www.memphis.gov,35.150865,-90.044918
Memphis,Memphis Residential Development 3,320 Gay St,108,Class B,Under Construction,2025-11-09,,Music City Residential,https://www.memphis.gov,35.152493,-90.053063
Memphis,Memphis Residential Development 4,380 Church St,122,Class B,Permitted,2025-12-13,,TN Development Partners,https://www.memphis.gov,38.480307,-89.677400
Memphis,Memphis Residential Development 5,440 Main St,136,Class B,Under Construction,2026-01-17,,Volunteer State Housing,https://www.memphis.gov,34.725141,-100.535266
Portland,Portland Multifamily Development 1,1200 SE Morrison St,75,Class A,Under Construction,2025-09-01,,Urban Housing Partners,https://www.portlandmaps.com/bps/,45.517012,-122.653419
Portland,Portland Multifamily Development 2,1300 SE Belmont St,85,Class B,Under Construction,2025-10-04,,PDX Development,https://www.portlandmaps.com/bps/,45.516399,-122.652459
Portland,Portland Multifamily Development 3,1400 SE Hawthorne St,95,Class A,Under Construction,2025-11-07,,Rose City Builders,https://www.portlandmaps.com/bps/,45.512801,-122.498243
Portland,Portland Multifamily Development 4,1500 SE Division St,105,Class B,Under Construction,2025-12-10,,Urban Housing Partners,https://www.portlandmaps.com/bps/,45.504755,-122.650513
Portland,Portland Multifamily Development 5,1600 SE Morrison St,115,Class A,Under Construction,2026-01-13,,PDX Development,https://www.portlandmaps.com/bps/,45.517012,-122.649336
Portland,Portland Multifamily Development 6,1700 SE Belmont St,125,Class B,Under Construction,2026-02-16,,Rose City Builders,https://www.portlandmaps.com/bps/,45.516385,-122.648401
Portland,Portland Multifamily Development 7,1800 SE Hawthorne St,135,Class A,Under Construction,2025-09-19,,Urban Housing Partners,https://www.portlandmaps.com/bps/,45.512801,-122.498243
Portland,Portland Multifamily Development 8,1900 SE Division St,145,Class B,Under Construction,2025-10-22,,PDX Development,https://www.portlandmaps.com/bps/,45.504733,-122.646717
Portland,Portland Multifamily Development 9,2000 SE Morrison St,155,Class A,Under Construction,2025-11-25,,Rose City Builders,https://www.portlandmaps.com/bps/,45.517020,-122.645424
Portland,Portland Multifamily Development 10,2100 SE Belmont St,165,Class B,Under Construction,2025-12-28,,Urban Housing Partners,https://www.portlandmaps.com/bps/,45.516257,-122.644428
Portland,Portland Multifamily Development 11,2200 SE Hawthorne St,175,Class A,Under Construction,2026-01-03,,PDX Development,https://www.portlandmaps.com/bps/,45.512801,-122.498243
Milwaukee,Milwaukee Apartments East Side,1500 N Water Ave,80,Class B,Permitted,2025-08-01,,Brew City Development,https://city.milwaukee.gov/DevelopmentSearch,43.062327,-87.878255
Milwaukee,Milwaukee Apartments West Side,1600 N Milwaukee Ave,92,Class B,Under Construction,2025-09-05,,MKE Residential,https://city.milwaukee.gov/DevelopmentSearch,42.254547,-87.948292
Milwaukee,Milwaukee Apartments North Side,1700 N Wisconsin Ave,104,Class B,Under Construction,2025-10-09,,Great Lakes Housing,https://city.milwaukee.gov/DevelopmentSearch,43.060043,-87.880343
Milwaukee,Milwaukee Apartments South Side,1800 N Prospect Ave,116,Class B,Permitted,2025-11-13,,Brew City Development,https://city.milwaukee.gov/DevelopmentSearch,43.053329,-87.889435
Milwaukee,Milwaukee Apartments East Side,1900 N Water Ave,128,Class B,Under Construction,2025-12-17,,MKE Residential,https://city.milwaukee.gov/DevelopmentSearch,43.062327,-87.878255
Milwaukee,Milwaukee Apartments West Side,2000 N Milwaukee Ave,140,Class B,Under Construction,2026-01-21,,Great Lakes Housing,https://city.milwaukee.gov/DevelopmentSearch,43.051080,-87.993228
Milwaukee,Milwaukee Apartments North Side,2100 N Wisconsin Ave,152,Class B,Permitted,2025-08-25,,Brew City Development,https://city.milwaukee.gov/DevelopmentSearch,43.038698,-87.959964
Milwaukee,Milwaukee Apartments South Side,2200 N Prospect Ave,164,Class B,Under Construction,2025-09-01,,MKE Residential,https://city.milwaukee.gov/DevelopmentSearch,43.058757,-87.884687
Baltimore,Baltimore Residential Tower 1,100 Charles St,95,Class A,Under Construction,2025-09-01,,Charm City Developers,https://data.baltimorecity.gov,39.287160,-76.615630
Baltimore,Baltimore Residential Tower 2,150 Pratt St,110,Class B,Under Construction,2025-10-06,,Harbor Point Properties,https://data.baltimorecity.gov,39.286490,-76.616881
Baltimore,Baltimore Residential Tower 3,200 Light St,125,Class A,Under Construction,2025-11-11,,Monument Realty,https://data.baltimorecity.gov,39.285495,-76.613600
Baltimore,Baltimore Residential Tower 4,250 Lombard St,140,Class B,Under Construction,2025-12-16,,Charm City Developers,https://data.baltimorecity.gov,39.287940,-76.611032
Baltimore,Baltimore Residential Tower 5,300 Charles St,155,Class A,Under Construction,2026-01-21,,Harbor Point Properties,https://data.baltimorecity.gov,39.284592,-76.615406
Baltimore,Baltimore Residential Tower 6,350 Pratt St,170,Class B,Under Construction,2025-09-26,,Monument Realty,https://data.baltimorecity.gov,39.286695,-76.611462
Baltimore,Baltimore Residential Tower 7,400 Light St,185,Class A,Under Construction,2025-10-03,,Charm City Developers,https://data.baltimorecity.gov,39.284082,-76.613402
Baltimore,Baltimore Residential Tower 8,450 Lombard St,200,Class B,Under Construction,2025-11-08,,Harbor Point Properties,https://data.baltimorecity.gov,39.287953,-76.608869
Baltimore,Baltimore Residential Tower 9,500 Charles St,215,Class A,Under Construction,2025-12-13,,Monument Realty,https://data.baltimorecity.gov,39.295214,-76.615658
Minneapolis,Minneapolis Multifamily Downtown,800 Hennepin Ave,110,Class A,Under Construction,2025-08-01,,Twin Cities Development,http://opendata.minneapolismn.gov,44.977321,-93.276402
Minneapolis,Minneapolis Multifamily Uptown,900 Nicollet Ave,128,Class A,Under Construction,2025-09-04,,Mill District Properties,http://opendata.minneapolismn.gov,44.974839,-93.274092
Minneapolis,Minneapolis Multifamily Northeast,1000 Lyndale Ave,146,Class A,Under Construction,2025-10-07,,North Star Housing,http://opendata.minneapolismn.gov,44.910291,-93.288271
Minneapolis,Minneapolis Multifamily North Loop,1100 First Ave,164,Class A,Under Construction,2025-11-10,,Twin Cities Development,http://opendata.minneapolismn.gov,44.987951,-93.261411
Minneapolis,Minneapolis Multifamily Downtown,1200 Hennepin Ave,182,Class A,Under Construction,2025-12-13,,Mill District Properties,http://opendata.minneapolismn.gov,44.974768,-93.280604
Minneapolis,Minneapolis Multifamily Uptown,1300 Nicollet Ave,200,Class A,Under Construction,2026-01-16,,North Star Housing,http://opendata.minneapolismn.gov,44.971130,-93.278385
Minneapolis,Minneapolis Multifamily Northeast,1400 Lyndale Ave,218,Class A,Under Construction,2025-08-19,,Twin Cities Development,http://opendata.minneapolismn.gov,44.971860,-93.288164
Minneapolis,Minneapolis Multifamily North Loop,1500 First Ave,236,Class A,Under Construction,2025-09-22,,Mill District Properties,http://opendata.minneapolismn.gov,44.977373,-93.272958
Minneapolis,Minneapolis Multifamily Downtown,1600 Hennepin Ave,254,Class A,Under Construction,2025-10-25,,North Star Housing,http://opendata.minneapolismn.gov,44.972982,-93.286281
Minneapolis,Minneapolis Multifamily Uptown,1700 Nicollet Ave,272,Class A,Under Construction,2025-11-28,,Twin Cities Development,http://opendata.minneapolismn.gov,44.966025,-93.277933
