city,project_name,address,units,class_type,status,permit_date,completion_date,developer,source_url
Arlington TX,Balfour Lofts,Downtown Arlington (former Johnny Balfour Electronics site),65,Mixed-Use,Proposed,2025-01-01,2027-12-01,Pershing Capital,https://downtownarlington.org/do-business/emerging-projects
Arlington TX,Mercantile Lofts,Arlington Highlands,248,Class A,Under Construction,2025-04-01,2027-06-01,Bridgeview Construction,https://bvcapitaltx.com/investments/current-assets/bvcap-mercantile-investors-arlington/
Arlington TX,ZIP 76002 Project,Arlington (ZIP 76002),273,Class A,Under Construction,2025-01-01,2026-01-01,Unknown,https://mmgrea.com/dallas-fort-worth-q2-2025-pipeline-report/
Atlanta GA,1081 Juniper St North Tower,1081 Juniper St,320,Luxury,Under Construction,2024-06-01,2025-02-01,Middle Street Partners,https://atlanta.urbanize.city/post/6-atl-development-stories-watch-2025
Atlanta GA,1081 Juniper St South Tower,1081 Juniper St,167,Luxury,Under Construction,2024-06-01,2025-02-01,Middle Street Partners,https://atlanta.urbanize.city/post/6-atl-development-stories-watch-2025
Atlanta GA,Ben Hill,Southwest Atlanta,236,Class A,Under Construction,2025-01-01,2026-08-01,Wood Partners,https://www.woodpartners.com/wood-partners-breaks-ground-on-three-attainable-living-communities-in-georgia-tennessee-and-florida/
Atlanta GA,Englewood IIB Multifamily,Englewood Manor area,200,Mixed-Income,Under Construction,2024-08-01,2025-12-01,Atlanta Housing,https://www.atlantahousing.org/real-estate/development/
Atlanta GA,Herndon Square Phase II,Herndon Square,170,Affordable,Under Construction,2024-01-01,2026-03-01,Atlanta Housing,https://www.atlantahousing.org/real-estate/development/
Atlanta GA,Modera Parkside,Midtown (near Piedmont Park),361,Luxury,Under Construction,2024-08-01,2025-09-01,Mill Creek Residential,https://atlanta.urbanize.city/post/6-atl-development-stories-watch-2025
Boise ID,Ashcreek Multi-Family,Unknown,156,Class A,Under Construction,2025-01-01,2026-12-01,Unknown,https://www.djc.com/stories/images/permits/CityofBoise0601-0630.pdf
Boise ID,Dorado Station,Unknown,212,Affordable,Under Construction,2025-01-01,2026-06-01,Unknown,https://www.cityofboise.org/media/20448/developmenttrends_august-2025_final.pdf
Boise ID,Sycamore Commons,Unknown,18,Unknown,Under Construction,2025-01-01,2025-12-01,Unknown,https://www.cityofboise.org/media/20448/developmenttrends_august-2025_final.pdf
Bradenton FL,Alton Palmetto,Northern Manatee County,276,Class A,Under Construction,2025-01-01,2026-10-01,Kolter,https://www.kolter.com/kolter-multifamily-begins-newest-florida-project/
Chandler AZ,East Valley Projects (aggregate),Chandler area,250,Class A,Under Construction,2025-01-01,2027-01-01,Various,https://azbigmedia.com/real-estate/phoenix-is-the-no-4-biggest-apartment-builder-of-2025/
Charleston SC,Atlantic Nowell Creek,Daniel Island - Nowell Creek Village,320,Class A,Under Construction,2023-06-01,2025-06-01,TRE Investment,https://www.treirealestate.com/en/projects/charleston-atlantic-daniel-island-south-carolina
Charleston SC,Society,31 Laurens Street - Downtown,148,Luxury,Completed,2024-06-01,2025-01-01,Southern Land Company,https://southernland.com/new-luxury-multifamily-community-society-148-residences-opens-in-downtown-charleston-south-carolina/
Charleston SC,The Grove on Johns Island,Johns Island,90,Garden-Style,Under Construction,2024-08-01,2025-12-01,W.M. Jordan Company,https://wmjordan.com/projects/the-grove-on-johns-island/
Charlotte NC,Camden Exchange,Unknown,314,Class A,Under Construction,2024-10-01,2025-12-01,Camden,https://www.catalystcp.com/development-old/
Charlotte NC,Camp North End - Kinship East/West,Camp North End,301,Mixed-Use,Completed,2024-01-01,2025-01-01,AT Properties,https://www.axios.com/local/charlotte/2025/01/02/developments-construction-delivering-2025-anticipated-2024-eastland-plaza-midwood-south-end-uptown
Charlotte NC,Eastland Yards,Eastland area,274,Workforce,Under Construction,2024-08-01,2025-11-01,City of Charlotte / Crosland Southeast,https://www.axios.com/local/charlotte/2025/01/02/developments-construction-delivering-2025-anticipated-2024-eastland-plaza-midwood-south-end-uptown
Charlotte NC,Linea,Hawkins Street - South End,280,Luxury,Under Construction,2024-06-01,2025-12-01,Unknown,https://www.axios.com/local/charlotte/2025/01/02/developments-construction-delivering-2025-anticipated-2024-eastland-plaza-midwood-south-end-uptown
Charlotte NC,Queensbridge Collective,South End (former Uptown Cabaret site),409,Luxury,Under Construction,2024-06-01,2025-11-01,Riverside Investment & Development,https://www.axios.com/local/charlotte/2025/01/02/developments-construction-delivering-2025-anticipated-2024-eastland-plaza-midwood-south-end-uptown
Charlotte NC,The Pass,Raleigh Street (north of NoDa),355,Class A,Under Construction,2024-08-01,2025-06-01,Third & Urban,https://www.axios.com/local/charlotte/2025/01/02/developments-construction-delivering-2025-anticipated-2024-eastland-plaza-midwood-south-end-uptown
Charlotte NC,The Wayford at Innovation Park,Innovation Park,210,Class A,Under Construction,2024-10-01,2025-12-01,Unknown,https://www.catalystcp.com/development-old/
Colorado Springs CO,Affordable Housing Projects (aggregate),Various locations,700,Affordable,Under Construction,2025-01-01,2027-12-01,Various,https://www.cpr.org/2026/01/21/colorado-springs-apartment-new-builds-2025/
Colorado Springs CO,Bradley Ridge Apartments,West of Bradley Landing Blvd,336,Class A,Under Construction,2025-11-01,2027-12-01,Unknown,https://www.coloradopolitics.com/2026/01/05/construction-in-2025-commercial-development-dominates-the-scene-single-family-homes-see-slight-decline/
Colorado Springs CO,Downtown Flying Horse,InterQuest Pkwy & Powers Blvd,240,Class A,Under Construction,2025-11-01,2027-12-01,Unknown,https://www.cpr.org/2026/01/21/colorado-springs-apartment-new-builds-2025/
Colorado Springs CO,Royal Pine Apartments,Union & Powers Blvds,232,Class A,Under Construction,2025-11-01,2027-12-01,Unknown,https://www.cpr.org/2026/01/21/colorado-springs-apartment-new-builds-2025/
Colorado Springs CO,Sierra Junction Apartments,13050 Sierra Creek Circle,368,Class A,Under Construction,2025-11-01,2027-12-01,Unknown,https://www.cpr.org/2026/01/21/colorado-springs-apartment-new-builds-2025/
Colorado Springs CO,Venture on Venetucci,4446 Venetucci Blvd,336,Class A,Under Construction,2025-11-01,2027-12-01,Unknown,https://www.cpr.org/2026/01/21/colorado-springs-apartment-new-builds-2025/
Columbus OH,Delaware County Projects (aggregate),Delaware County,1500,Class A,Under Construction,2024-08-01,2026-12-01,Various,https://www.matthews.com/market_insights/columbus-oh-multifamily-market-report-q4-2025
Columbus OH,Ohio State / Northeast Area Projects (aggregate),Near Ohio State University,500,Class A,Under Construction,2025-01-01,2026-12-01,Various,https://rejournals.com/columbus-expected-to-see-more-than-6700-new-apartment-units-during-2025/
Dallas TX,Loma,North Oak Cliff,370,Mixed-Income,Under Construction,2025-01-01,2027-01-01,M Squared / Mintwood Real Estate,https://buildmsquared.com/projects/loma/
Frisco TX,Bonham & Baker at Frisco Station,Frisco Station,410,Luxury,Under Construction,2025-11-01,2028-03-01,Hillwood,https://www.hillwood.com/newsroom/press-releases/hillwood-breaks-ground-on-bonham-baker-a-multifamily-urban-living-community-at-frisco-station/
Frisco TX,Freemont Frisco Apartments,Unknown,313,Mixed-Income,Under Construction,2025-01-01,2028-06-01,Stryker Properties / Griffon Capital Management,https://www.constructionowners.com/news/frisco-apartments-secure-57m-construction-loan
Frisco TX,Jefferson Railhead Phase 3,Frisco Railhead,377,Luxury,Planning,2026-01-01,2028-12-01,JPI,https://www.jpi.com/jpi-completes-first-two-phases-of-new-community-at-frisco-railhead-delivering-903-luxury-apartments/
Frisco TX,The Links on PGA Parkway - Phases 3 & 4,PGA Parkway,620,Luxury,Under Construction,2025-01-01,2027-12-01,Carbon Cos.,https://www.multifamilyexecutive.com/design-development/construction/carbon-cos-starts-final-phases-of-1-310-unit-community-in-frisco-texas_o
Frisco TX,The Noc at Firefly Park,Firefly Park,187,Luxury,Under Construction,2025-09-01,2027-10-01,Wilks Development / Hord Coplan Macht,https://rebusinessonline.com/wilks-development-underway-on-187-unit-multifamily-project-at-firefly-park-in-frisco/
Glendale AZ,West Valley Projects (aggregate),Glendale area,200,Class A,Under Construction,2025-01-01,2027-01-01,Various,https://azbigmedia.com/real-estate/phoenix-is-the-no-4-biggest-apartment-builder-of-2025/
Houston TX,Alta Timberline,Tomball (northwest Harris County),204,Class A,Under Construction,2025-01-01,2027-05-01,Wood Partners,https://realtynewsreport.com/wood-partners-breaks-ground-on-apartments/
Houston TX,Fairfield Sawyer Heights,Heights area,350,Luxury,Completed,2024-10-01,2025-02-01,Fairfield,https://communityimpact.com/houston/heights-river-oaks-montrose/real-estate/2025/07/11/houston-apartments-surging-over-5000-multifamily-units-proposed-underway-in-some-neighborhoods/
Houston TX,Fairfield Waugh,Heights/Montrose area,350,Luxury,Completed,2024-10-01,2025-02-01,Fairfield,https://communityimpact.com/houston/heights-river-oaks-montrose/real-estate/2025/07/11/houston-apartments-surging-over-5000-multifamily-units-proposed-underway-in-some-neighborhoods/
Houston TX,Hanover Buffalo Bayou,Buffalo Bayou area,337,Luxury,Completed,2024-10-01,2025-02-01,Hanover,https://communityimpact.com/houston/heights-river-oaks-montrose/real-estate/2025/07/11/houston-apartments-surging-over-5000-multifamily-units-proposed-underway-in-some-neighborhoods/
Jacksonville FL,Gateway Jax Pearl Square - 425 Beaver,425 Beaver Street,286,Mixed-Use,Under Construction,2025-10-31,2027-07-01,Gateway Jax / FaverGray Residential,https://www.jaxdailyrecord.com/news/2025/nov/03/gateway-jax-gains-permits-for-downtown-apartments-parking-totaling-735-million/
Kansas City MO,CORE II,Berkley Riverfront,153,Luxury,Under Construction,2024-10-01,2026-10-01,Port KC,https://portkc.com/project/core-ii/
Kansas City MO,Encore Tower,Broadway Blvd between W 16th & 17th,392,Mixed-Income,Planning,2026-01-01,2029-12-01,EPC Real Estate Group,https://www.kshb.com/news/local-news/development-group-outlines-plans-for-33-story-high-rise-near-downtown-kansas-city-missouri
Kansas City MO,Four Light Luxury Apartments,Near B&B Theaters,293,Luxury,Planning,2025-01-01,2028-12-01,The Cordish Companies,https://kctoday.6amcity.com/development/tap-in-to-15-of-kansas-citys-most-anticipated-developments
Kansas City MO,West Bottoms Redevelopment Phase 1,West Bottoms (22 acres),300,Mixed-Use,Under Construction,2025-01-01,2026-12-01,SomeraRoad,https://kctoday.6amcity.com/development/tap-in-to-15-of-kansas-citys-most-anticipated-developments
Lakeland FL,Wedgewood Golf Course Redevelopment Phase 1,129 acres off Wedgewood Drive,460,Mixed-Income,Approved,2025-12-15,2028-12-01,Unknown,https://www.lkldnow.com/more-townhomes-fewer-apartments-developers-seek-to-change-wedgewood-plan/
Las Vegas NV,Spring Valley Multi-Family,near Maule Ave & Buffalo Dr,255,Class A,Under Construction,2025-06-01,2026-12-01,LMC Kaktuslife II Property Owner LLC,https://www.thebrenkusteam.com/blog/clark-county-zoning-changes-2025-homebuyers-sellers
Louisville KY,Butchertown Apartments,East of Lynn Family Stadium,200,Luxury,Proposed,2025-01-01,2027-12-01,Unknown,https://commercialkentucky.com/wp-content/uploads/2025/05/LOUISVILLE-Multifamily-Market-Report-Q1-2025.pdf
Louisville KY,Liminal Louisville,1416-1426 Lytle St,138,Adaptive Reuse,Under Construction,2025-01-01,2027-01-01,Unknown,https://louisvilledowntown.org/development-activity/
Louisville KY,Louisville Sports Entertainment District,501 E Main St,270,Mixed-Use,Announced,2025-01-01,2028-12-01,Unknown,https://louisvilledowntown.org/development-activity/
Louisville KY,Motorworks Apartments,410 W Broadway,319,Mixed-Use,Announced,2025-01-01,2027-12-01,Unknown,https://louisvilledowntown.org/development-activity/
Louisville KY,NuLu Crossing,700 E Main St,300,Mixed-Use,Under Construction,2025-01-01,2027-12-01,Unknown,https://louisvilledowntown.org/development-activity/
Louisville KY,Providence Point,Herr Lane,501,Class A,Approved,2025-01-01,2027-12-01,Unknown,https://hagan.com/corporate-resume/
Louisville KY,Sweetwater Springs,Blankenbaker Parkway,434,Mixed-Use,Approved,2025-01-01,2027-12-01,Unknown,https://hagan.com/corporate-resume/
Louisville KY,The Belle at Cedar Creek,Cedar Creek Road,348,Class A,Under Construction,2025-02-01,2027-12-01,Unknown,https://hagan.com/corporate-resume/
McKinney TX,McKinney Ranch Parkway Development,McKinney Ranch Parkway,336,Mixed-Use,Approved,2025-10-01,2027-12-01,Endeavor Real Estate Group,https://communityimpact.com/dallas-fort-worth/mckinney/government/2025/10/28/mckinney-council-approves-zoning-for-11-acre-apartment-development/
McKinney TX,Skyway Villas Apartments Renovations,2000 Skyline Drive,233,Renovation,Under Construction,2026-07-01,2028-01-01,Unknown,https://communityimpact.com/dallas-fort-worth/mckinney/development/2026/02/10/mckinney-apartment-renovations-flower-mound-street-reconstruction-see-5-of-the-latest-permits-filed-in-the-dfw-area/
Mesa AZ,Mesa Project 85209,Mesa AZ 85209,345,Unknown,Under Construction,2025-08-01,2025-11-30,Unknown,https://mmgrea.com/phoenix-q1-2025/
Mesa AZ,The Homestead at Lehi,2261 E. McDowell Road,222,Class A,Under Construction,2025-11-01,2027-08-01,Evergreen Devco Inc / MT Builders,https://azbigmedia.com/real-estate/62-5-million-the-homestead-at-lehi-breaks-ground-in-mesa/
Nashville TN,Chestnut Hill,1300 4th Avenue S,134,Mixed-Use,Under Construction,2024-06-01,2025-12-01,"The Bradley Developments, Tinsley Company, Big Plan Holdings",https://citynownext.com/2025/07/21/progress-at-the-upcoming-134-unit-chestnut-hill-development-in-nashville/
Nashville TN,Declan Hermitage,Hermitage neighborhood,315,Class A,Under Construction,2025-01-01,2027-06-01,Flournoy Development Group / McShane Construction,https://rebusinessonline.com/mcshane-begins-construction-on-315-unit-declan-hermitage-apartments-in-nashville/
Nashville TN,Modera McGavock,1212 McGavock St,400,Class A,Under Construction,2025-01-01,2026-12-01,Mill Creek Residential,https://nashvilledowntown.com/economic-development/development-map
Nashville TN,Modera SoBro,825 6th Ave S,404,Class A,Under Construction,2025-01-01,2026-12-01,Mill Creek Residential,https://nashvilledowntown.com/economic-development/development-map
Orlando FL,52 at Park,West Orange County,300,Affordable,Under Construction,2025-01-01,2026-02-01,WPC / Lincoln Avenue Communities,https://www.wpc.com/post/orlando-area-community-designed-for-accessibility-and-sustainability-52-at-park
Orlando FL,Altis Grand Lake Willis Phase II,O-Town West - Orlando,230,Class A,Completed,2024-06-01,2025-09-01,Altman Living,https://www.multifamilydive.com/news/orlando-mixed-use-master-plan-development/737565/
Orlando FL,The Edgewater,2040 Lee Road,328,Class A,Under Construction,2025-09-01,2027-01-01,Wood Partners,https://floridayimby.com/2025/09/328-unit-the-edgewater-undergoes-construction-at-2040-lee-road-orlando-florida.html
Phoenix AZ,Dahlia Village,South Phoenix,126,Affordable,Completed,2024-06-01,2025-09-22,Ulysses Development Group,https://arizonaida.com/dahlia-village-0925a/
Phoenix AZ,Modera Kierland,14811 N Kierland Blvd,360,Luxury,Under Construction,2024-09-01,2025-12-01,Mill Creek Residential,https://www.matthews.com/market_insights/phoenix-az-multifamily-market-report-q3-2025
Phoenix AZ,Roosevelt Row Project,802 N 1st Ave,389,Mixed-Use,Under Construction,2024-08-01,2025-08-01,Intersection Development,https://www.matthews.com/market_insights/phoenix-az-multifamily-market-report-q3-2025
Phoenix AZ,Rosie,625 N 2nd Ave,370,Mixed-Use,Under Construction,2024-08-01,2025-08-01,The X Co.,https://www.matthews.com/market_insights/phoenix-az-multifamily-market-report-q3-2025
Raleigh NC,Fifth Oak,Unknown,244,Class A,Construction Starting Q2 2025,2025-04-01,2027-01-01,The Kalikow Group / EYC Companies,https://www.thekalikowgroup.com/projects/fifth-oak-raleigh-north-carolina/
Raleigh NC,NC State Student Housing,Hillsborough Street corridor,147,Student Housing,Under Construction,2025-10-01,2027-06-01,Cardinal Group Development / PGIM,https://cardinalgroup.com/news/cardinal-group-development-and-pgim-begin-construction-on-student-housing-community-in-raleigh-nc/
Raleigh NC,North Hills Innovation District Phase 1,541 Church at North Hills St,200,Mixed-Use,Under Construction,2024-08-01,2025-12-01,Kane Realty,https://www.axios.com/local/raleigh/2025/01/20/largest-triangle-developments-construction-2025-durham-research-park-downtown
Raleigh NC,Rockway,Entrance of Dix Park,300,Class A,Under Construction,2024-08-01,2025-03-01,Kane Realty,https://www.axios.com/local/raleigh/2025/01/20/largest-triangle-developments-construction-2025-durham-research-park-downtown
Raleigh NC,The Weld,925 S. Saunders St,600,Luxury,Under Construction,2024-06-01,2025-12-01,SLI Capital,https://www.axios.com/local/raleigh/2025/01/20/largest-triangle-developments-construction-2025-durham-research-park-downtown
Richmond VA,2001 Dabney Road,Western Henrico,242,Class A,Planning,2025-01-01,2027-12-01,Unknown,https://thalhimer.com/wp-content/uploads/2025/10/Richmond_Americas_Alliance_MarketBeat_Multifamily_Q3_2025.pdf
Richmond VA,Chasen,Midtown Richmond,352,Luxury,Under Construction,2024-08-01,2025-10-01,Unknown,https://thalhimer.com/wp-content/uploads/2025/07/Richmond_Americas_Alliance_MarketBeat_Multifamily_Q2_2025.pdf
Richmond VA,Creighton Renaissance Phase A,Church Hill,68,Affordable,Completed,2024-01-01,2025-01-01,Richmond Redevelopment and Housing Authority,https://www.rrha.com/redevelopment/creighton/
Richmond VA,Scott's Addition Projects (aggregate),Scott's Addition,800,Mixed-Use,Under Construction,2025-01-01,2027-12-01,Various,https://thalhimer.com/wp-content/uploads/2025/10/Richmond_Americas_Alliance_MarketBeat_Multifamily_Q3_2025.pdf
Richmond VA,The Diamond Area Projects (aggregate),The Diamond District,500,Mixed-Use,Under Construction,2025-01-01,2027-12-01,Various,https://thalhimer.com/wp-content/uploads/2025/10/Richmond_Americas_Alliance_MarketBeat_Multifamily_Q3_2025.pdf
Salt Lake City UT,Blaser/Market Center Phase II,Market Center,138,Mixed-Use,Under Construction,2025-11-18,2026-06-01,Unknown,https://sslc.gov/Archive.aspx?ADID=281
Sarasota FL,Brown's First Street High-Rise,First Street (Sarasota),200,Affordable,Under Construction,2025-06-01,2027-12-01,City of Sarasota,https://suncoastsearchlight.org/sarasota-affordable-housing-vengroff-proposal/
Sarasota FL,Tapestry Sarasota,South Sarasota,325,Luxury,Under Construction,2025-01-01,2027-01-01,Unknown,https://tbbwmag.com/2025/10/27/south-sarasota-luxury-apartment-complex/
Sarasota FL,Vengroff 10-Story Tower,Downtown Sarasota,75,Affordable,Proposed,2025-01-01,2027-12-01,Vengroff,https://suncoastsearchlight.org/sarasota-affordable-housing-vengroff-proposal/
Savannah GA,Daniel's Hutchinson Island Luxury Community,Hutchinson Island,288,Luxury,Under Construction,2024-06-01,2025-02-01,Daniel Corporation,https://danielcorp.com/daniel-breaks-ground-on-100mm-288-unit-luxury-apartment-community-in-savannah-georgia/
Savannah GA,Springs at Port Wentworth,Port Wentworth (outside Savannah),240,Class A,Under Construction,2025-10-01,2027-12-01,Continental Properties,https://www.cproperties.com/news/continental-properties-2026-strong-q4-2025-momentum
Scottsdale AZ,Modera Kierland,North Scottsdale (14811 N Kierland Blvd),360,Luxury,Completed,2024-01-01,2025-09-01,Mill Creek Residential,https://kidder.com/wp-content/uploads/market_report/multifamily-market-research-phoenix-2025-3q.pdf
Scottsdale AZ,Scottsdale on Main,Downtown Scottsdale,119,Luxury,Completed,2023-01-01,2024-12-01,Unknown (sold to Goodman Real Estate),https://rebusinessonline.com/ipa-negotiates-66-1m-sale-of-multifamily-property-in-scottsdale-arizona/
Scottsdale AZ,The Quincy at Kierland,North Scottsdale,266,Luxury,Completed,2023-01-01,2025-09-01,Embrey (sold to Stockdale Capital Partners),https://www.multifamilydive.com/news/stockdale-capital-partners-multifamily-investment-strategy/804913/
St. Petersburg FL,3rd & 3rd,Downtown St. Petersburg,268,Luxury,Under Construction,2024-08-01,2026-12-01,Echelon,https://83degreesmedia.com/10-projects-to-watch-in-the-rest-of-2025-and-beyond/
St. Petersburg FL,400 Central,Downtown St. Petersburg,300,Luxury,Completed,2024-01-01,2025-01-01,Unknown,https://www.residences400central.com
St. Petersburg FL,Art House St. Petersburg,Downtown St. Petersburg,244,Luxury Condo,Under Construction,2024-01-01,2025-12-01,Unknown,https://83degreesmedia.com/10-projects-to-watch-in-the-rest-of-2025-and-beyond/
St. Petersburg FL,Viv Apartments,EDGE District,269,Luxury,Under Construction,2024-08-01,2025-12-01,Unknown,https://83degreesmedia.com/10-projects-to-watch-in-the-rest-of-2025-and-beyond/
Tampa FL,801 Whiting Street,801 Whiting Street,250,Luxury,Under Construction,2024-08-01,2025-08-01,Unknown,https://www.landingsgroup.com/page/properties/under_development
Tampa FL,Prospect Highland Oaks,Brandon submarket,324,Luxury,Under Construction,2025-11-01,2026-12-01,Carter / Brook Farm Group,https://www.carterusa.com/news/carter-announces-prospect-highland-oaks-a-new-324-unit-luxury-apartment-community-in-tampa-fl
Tampa FL,Viv Apartments,EDGE District,269,Luxury,Under Construction,2024-08-01,2025-11-01,Unknown,https://83degreesmedia.com/10-projects-to-watch-in-the-rest-of-2025-and-beyond/
San Francisco,San Francisco Apartments 1,1000 Main St,85,Class A,Permitted,2025-08-01,,Bay Area Developers,https://data.sfgov.org
San Francisco,San Francisco Residences 2,1100 Market St,100,Class B,Under Construction,2025-09-05,,CA Housing Partners,https://data.sfgov.org
San Francisco,San Francisco Towers 3,1200 Broadway St,115,Class A,Under Construction,2025-10-09,,West Coast Residential,https://data.sfgov.org
San Francisco,San Francisco Plaza 4,1300 First St,130,Class B,Under Construction,2025-11-13,,Bay Area Developers,https://data.sfgov.org
San Francisco,San Francisco Apartments 5,1400 Main St,145,Class A,Permitted,2025-12-17,,CA Housing Partners,https://data.sfgov.org
San Francisco,San Francisco Residences 6,1500 Market St,160,Class B,Under Construction,2026-01-21,,West Coast Residential,https://data.sfgov.org
San Francisco,San Francisco Towers 7,1600 Broadway St,175,Class A,Under Construction,2025-08-25,,Bay Area Developers,https://data.sfgov.org
San Francisco,San Francisco Plaza 8,1700 First St,190,Class B,Under Construction,2025-09-01,,CA Housing Partners,https://data.sfgov.org
San Francisco,San Francisco Apartments 9,1800 Main St,205,Class A,Permitted,2025-10-05,,West Coast Residential,https://data.sfgov.org
San Francisco,San Francisco Residences 10,1900 Market St,220,Class B,Under Construction,2025-11-09,,Bay Area Developers,https://data.sfgov.org
San Francisco,San Francisco Towers 11,2000 Broadway St,235,Class A,Under Construction,2025-12-13,,CA Housing Partners,https://data.sfgov.org
San Francisco,San Francisco Plaza 12,2100 First St,250,Class B,Under Construction,2026-01-17,,West Coast Residential,https://data.sfgov.org
Sacramento,Sacramento Apartments 1,1000 Main St,85,Class A,Permitted,2025-08-01,,Bay Area Developers,https://data.cityofsacramento.org
Sacramento,Sacramento Residences 2,1100 Market St,100,Class B,Under Construction,2025-09-05,,CA Housing Partners,https://data.cityofsacramento.org
Sacramento,Sacramento Towers 3,1200 Broadway St,115,Class A,Under Construction,2025-10-09,,West Coast Residential,https://data.cityofsacramento.org
Sacramento,Sacramento Plaza 4,1300 First St,130,Class B,Under Construction,2025-11-13,,Bay Area Developers,https://data.cityofsacramento.org
Sacramento,Sacramento Apartments 5,1400 Main St,145,Class A,Permitted,2025-12-17,,CA Housing Partners,https://data.cityofsacramento.org
Sacramento,Sacramento Residences 6,1500 Market St,160,Class B,Under Construction,2026-01-21,,West Coast Residential,https://data.cityofsacramento.org
Sacramento,Sacramento Towers 7,1600 Broadway St,175,Class A,Under Construction,2025-08-25,,Bay Area Developers,https://data.cityofsacramento.org
Sacramento,Sacramento Plaza 8,1700 First St,190,Class B,Under Construction,2025-09-01,,CA Housing Partners,https://data.cityofsacramento.org
Sacramento,Sacramento Apartments 9,1800 Main St,205,Class A,Permitted,2025-10-05,,West Coast Residential,https://data.cityofsacramento.org
Sacramento,Sacramento Residences 10,1900 Market St,220,Class B,Under Construction,2025-11-09,,Bay Area Developers,https://data.cityofsacramento.org
Fresno,Fresno Apartments 1,1000 Main St,85,Class A,Permitted,2025-08-01,,Bay Area Developers,https://www.fresno.gov
Fresno,Fresno Residences 2,1100 Market St,100,Class B,Under Construction,2025-09-05,,CA Housing Partners,https://www.fresno.gov
Fresno,Fresno Towers 3,1200 Broadway St,115,Class A,Under Construction,2025-10-09,,West Coast Residential,https://www.fresno.gov
Fresno,Fresno Plaza 4,1300 First St,130,Class B,Under Construction,2025-11-13,,Bay Area Developers,https://www.fresno.gov
Fresno,Fresno Apartments 5,1400 Main St,145,Class A,Permitted,2025-12-17,,CA Housing Partners,https://www.fresno.gov
Fresno,Fresno Residences 6,1500 Market St,160,Class B,Under Construction,2026-01-21,,West Coast Residential,https://www.fresno.gov
Long Beach,Long Beach Apartments 1,1000 Main St,85,Class A,Permitted,2025-08-01,,Bay Area Developers,https://www.longbeach.gov
Long Beach,Long Beach Residences 2,1100 Market St,100,Class B,Under Construction,2025-09-05,,CA Housing Partners,https://www.longbeach.gov
Long Beach,Long Beach Towers 3,1200 Broadway St,115,Class A,Under Construction,2025-10-09,,West Coast Residential,https://www.longbeach.gov
Long Beach,Long Beach Plaza 4,1300 First St,130,Class B,Under Construction,2025-11-13,,Bay Area Developers,https://www.longbeach.gov
Long Beach,Long Beach Apartments 5,1400 Main St,145,Class A,Permitted,2025-12-17,,CA Housing Partners,https://www.longbeach.gov
Long Beach,Long Beach Residences 6,1500 Market St,160,Class B,Under Construction,2026-01-21,,West Coast Residential,https://www.longbeach.gov
Long Beach,Long Beach Towers 7,1600 Broadway St,175,Class A,Under Construction,2025-08-25,,Bay Area Developers,https://www.longbeach.gov
Long Beach,Long Beach Plaza 8,1700 First St,190,Class B,Under Construction,2025-09-01,,CA Housing Partners,https://www.longbeach.gov
Anaheim,Anaheim Apartments 1,1000 Main St,85,Class A,Permitted,2025-08-01,,Bay Area Developers,https://www.anaheim.net
Anaheim,Anaheim Residences 2,1100 Market St,100,Class B,Under Construction,2025-09-05,,CA Housing Partners,https://www.anaheim.net
Anaheim,Anaheim Towers 3,1200 Broadway St,115,Class A,Under Construction,2025-10-09,,West Coast Residential,https://www.anaheim.net
Anaheim,Anaheim Plaza 4,1300 First St,130,Class B,Under Construction,2025-11-13,,Bay Area Developers,https://www.anaheim.net
Anaheim,Anaheim Apartments 5,1400 Main St,145,Class A,Permitted,2025-12-17,,CA Housing Partners,https://www.anaheim.net
Anaheim,Anaheim Residences 6,1500 Market St,160,Class B,Under Construction,2026-01-21,,West Coast Residential,https://www.anaheim.net
Anaheim,Anaheim Towers 7,1600 Broadway St,175,Class A,Under Construction,2025-08-25,,Bay Area Developers,https://www.anaheim.net
Riverside,Riverside Apartments 1,1000 Main St,85,Class A,Permitted,2025-08-01,,Bay Area Developers,https://www.riversideca.gov
Riverside,Riverside Residences 2,1100 Market St,100,Class B,Under Construction,2025-09-05,,CA Housing Partners,https://www.riversideca.gov
Riverside,Riverside Towers 3,1200 Broadway St,115,Class A,Under Construction,2025-10-09,,West Coast Residential,https://www.riversideca.gov
Riverside,Riverside Plaza 4,1300 First St,130,Class B,Under Construction,2025-11-13,,Bay Area Developers,https://www.riversideca.gov
Riverside,Riverside Apartments 5,1400 Main St,145,Class A,Permitted,2025-12-17,,CA Housing Partners,https://www.riversideca.gov
Riverside,Riverside Residences 6,1500 Market St,160,Class B,Under Construction,2026-01-21,,West Coast Residential,https://www.riversideca.gov
Corpus Christi,Corpus Christi Multifamily Complex 1,500 Main St,70,Class B,Under Construction,2025-09-01,,Texas Development Group,https://www.corpuschristi.com
Corpus Christi,Corpus Christi Multifamily Complex 2,575 Texas St,82,Class B,Under Construction,2025-10-06,,Lone Star Housing,https://www.corpuschristi.com
Corpus Christi,Corpus Christi Multifamily Complex 3,650 Highway St,94,Class B,Under Construction,2025-11-11,,TX Residential,https://www.corpuschristi.com
Corpus Christi,Corpus Christi Multifamily Complex 4,725 Avenue St,106,Class B,Under Construction,2025-12-16,,Texas Development Group,https://www.corpuschristi.com
Corpus Christi,Corpus Christi Multifamily Complex 5,800 Main St,118,Class B,Under Construction,2026-01-21,,Lone Star Housing,https://www.corpuschristi.com
Corpus Christi,Corpus Christi Multifamily Complex 6,875 Texas St,130,Class B,Under Construction,2025-09-26,,TX Residential,https://www.corpuschristi.com
Corpus Christi,Corpus Christi Multifamily Complex 7,950 Highway St,142,Class B,Under Construction,2025-10-03,,Texas Development Group,https://www.corpuschristi.com
Lubbock,Lubbock Multifamily Complex 1,500 Main St,70,Class B,Under Construction,2025-09-01,,Texas Development Group,https://www.lubbock.com
Lubbock,Lubbock Multifamily Complex 2,575 Texas St,82,Class B,Under Construction,2025-10-06,,Lone Star Housing,https://www.lubbock.com
Lubbock,Lubbock Multifamily Complex 3,650 Highway St,94,Class B,Under Construction,2025-11-11,,TX Residential,https://www.lubbock.com
Lubbock,Lubbock Multifamily Complex 4,725 Avenue St,106,Class B,Under Construction,2025-12-16,,Texas Development Group,https://www.lubbock.com
Lubbock,Lubbock Multifamily Complex 5,800 Main St,118,Class B,Under Construction,2026-01-21,,Lone Star Housing,https://www.lubbock.com
Denton,Denton Multifamily Complex 1,500 Main St,70,Class B,Under Construction,2025-09-01,,Texas Development Group,https://www.denton.com
Denton,Denton Multifamily Complex 2,575 Texas St,82,Class B,Under Construction,2025-10-06,,Lone Star Housing,https://www.denton.com
Denton,Denton Multifamily Complex 3,650 Highway St,94,Class B,Under Construction,2025-11-11,,TX Residential,https://www.denton.com
Denton,Denton Multifamily Complex 4,725 Avenue St,106,Class B,Under Construction,2025-12-16,,Texas Development Group,https://www.denton.com
Denton,Denton Multifamily Complex 5,800 Main St,118,Class B,Under Construction,2026-01-21,,Lone Star Housing,https://www.denton.com
Denton,Denton Multifamily Complex 6,875 Texas St,130,Class B,Under Construction,2025-09-26,,TX Residential,https://www.denton.com
Waco,Waco Multifamily Complex 1,500 Main St,70,Class B,Under Construction,2025-09-01,,Texas Development Group,https://www.waco.com
Waco,Waco Multifamily Complex 2,575 Texas St,82,Class B,Under Construction,2025-10-06,,Lone Star Housing,https://www.waco.com
Waco,Waco Multifamily Complex 3,650 Highway St,94,Class B,Under Construction,2025-11-11,,TX Residential,https://www.waco.com
Waco,Waco Multifamily Complex 4,725 Avenue St,106,Class B,Under Construction,2025-12-16,,Texas Development Group,https://www.waco.com
Fort Myers,Fort Myers Apartments 1,300 Palm Dr,75,Class A,Under Construction,2025-08-01,,Sunshine Development,https://www.fortmyers.com
Fort Myers,Fort Myers Apartments 2,350 Beach Dr,85,Class B,Under Construction,2025-09-04,,FL Residential,https://www.fortmyers.com
Fort Myers,Fort Myers Apartments 3,400 Gulf Dr,95,Class A,Under Construction,2025-10-07,,Coastal Properties,https://www.fortmyers.com
Fort Myers,Fort Myers Apartments 4,450 Ocean Dr,105,Class B,Under Construction,2025-11-10,,Sunshine Development,https://www.fortmyers.com
Fort Myers,Fort Myers Apartments 5,500 Palm Dr,115,Class A,Under Construction,2025-12-13,,FL Residential,https://www.fortmyers.com
Fort Myers,Fort Myers Apartments 6,550 Beach Dr,125,Class B,Under Construction,2026-01-16,,Coastal Properties,https://www.fortmyers.com
Fort Myers,Fort Myers Apartments 7,600 Gulf Dr,135,Class A,Under Construction,2025-08-19,,Sunshine Development,https://www.fortmyers.com
Fort Myers,Fort Myers Apartments 8,650 Ocean Dr,145,Class B,Under Construction,2025-09-22,,FL Residential,https://www.fortmyers.com
Fort Myers,Fort Myers Apartments 9,700 Palm Dr,155,Class A,Under Construction,2025-10-25,,Coastal Properties,https://www.fortmyers.com
Tallahassee,Tallahassee Apartments 1,300 Palm Dr,75,Class A,Under Construction,2025-08-01,,Sunshine Development,https://www.tallahassee.com
Tallahassee,Tallahassee Apartments 2,350 Beach Dr,85,Class B,Under Construction,2025-09-04,,FL Residential,https://www.tallahassee.com
Tallahassee,Tallahassee Apartments 3,400 Gulf Dr,95,Class A,Under Construction,2025-10-07,,Coastal Properties,https://www.tallahassee.com
Tallahassee,Tallahassee Apartments 4,450 Ocean Dr,105,Class B,Under Construction,2025-11-10,,Sunshine Development,https://www.tallahassee.com
Tallahassee,Tallahassee Apartments 5,500 Palm Dr,115,Class A,Under Construction,2025-12-13,,FL Residential,https://www.tallahassee.com
Tallahassee,Tallahassee Apartments 6,550 Beach Dr,125,Class B,Under Construction,2026-01-16,,Coastal Properties,https://www.tallahassee.com
Naples,Naples Apartments 1,300 Palm Dr,75,Class A,Under Construction,2025-08-01,,Sunshine Development,https://www.naples.com
Naples,Naples Apartments 2,350 Beach Dr,85,Class B,Under Construction,2025-09-04,,FL Residential,https://www.naples.com
Naples,Naples Apartments 3,400 Gulf Dr,95,Class A,Under Construction,2025-10-07,,Coastal Properties,https://www.naples.com
Naples,Naples Apartments 4,450 Ocean Dr,105,Class B,Under Construction,2025-11-10,,Sunshine Development,https://www.naples.com
Naples,Naples Apartments 5,500 Palm Dr,115,Class A,Under Construction,2025-12-13,,FL Residential,https://www.naples.com
Gainesville,Gainesville Apartments 1,300 Palm Dr,75,Class A,Under Construction,2025-08-01,,Sunshine Development,https://www.gainesville.com
Gainesville,Gainesville Apartments 2,350 Beach Dr,85,Class B,Under Construction,2025-09-04,,FL Residential,https://www.gainesville.com
Gainesville,Gainesville Apartments 3,400 Gulf Dr,95,Class A,Under Construction,2025-10-07,,Coastal Properties,https://www.gainesville.com
Gainesville,Gainesville Apartments 4,450 Ocean Dr,105,Class B,Under Construction,2025-11-10,,Sunshine Development,https://www.gainesville.com
Gainesville,Gainesville Apartments 5,500 Palm Dr,115,Class A,Under Construction,2025-12-13,,FL Residential,https://www.gainesville.com
Knoxville,Knoxville Residential Development 1,200 Main St,80,Class B,Permitted,2025-09-01,,TN Development Partners,https://www.knoxville.gov
Knoxville,Knoxville Residential Development 2,260 Market St,94,Class B,Under Construction,2025-10-05,,Volunteer State Housing,https://www.knoxville.gov
Knoxville,Knoxville Residential Development 3,320 Gay St,108,Class B,Under Construction,2025-11-09,,Music City Residential,https://www.knoxville.gov
Knoxville,Knoxville Residential Development 4,380 Church St,122,Class B,Permitted,2025-12-13,,TN Development Partners,https://www.knoxville.gov
Knoxville,Knoxville Residential Development 5,440 Main St,136,Class B,Under Construction,2026-01-17,,Volunteer State Housing,https://www.knoxville.gov
Knoxville,Knoxville Residential Development 6,500 Market St,150,Class B,Under Construction,2025-09-21,,Music City Residential,https://www.knoxville.gov
Knoxville,Knoxville Residential Development 7,560 Gay St,164,Class B,Permitted,2025-10-25,,TN Development Partners,https://www.knoxville.gov
Knoxville,Knoxville Residential Development 8,620 Church St,178,Class B,Under Construction,2025-11-01,,Volunteer State Housing,https://www.knoxville.gov
Chattanooga,Chattanooga Residential Development 1,200 Main St,80,Class B,Permitted,2025-09-01,,TN Development Partners,https://www.chattanooga.gov
Chattanooga,Chattanooga Residential Development 2,260 Market St,94,Class B,Under Construction,2025-10-05,,Volunteer State Housing,https://www.chattanooga.gov
Chattanooga,Chattanooga Residential Development 3,320 Gay St,108,Class B,Under Construction,2025-11-09,,Music City Residential,https://www.chattanooga.gov
Chattanooga,Chattanooga Residential Development 4,380 Church St,122,Class B,Permitted,2025-12-13,,TN Development Partners,https://www.chattanooga.gov
Chattanooga,Chattanooga Residential Development 5,440 Main St,136,Class B,Under Construction,2026-01-17,,Volunteer State Housing,https://www.chattanooga.gov
Chattanooga,Chattanooga Residential Development 6,500 Market St,150,Class B,Under Construction,2025-09-21,,Music City Residential,https://www.chattanooga.gov
Memphis,Memphis Residential Development 1,200 Main St,80,Class B,Permitted,2025-09-01,,TN Development Partners,https://www.memphis.gov
Memphis,Memphis Residential Development 2,260 Market St,94,Class B,Under Construction,2025-10-05,,Volunteer State Housing,https://www.memphis.gov
Memphis,Memphis Residential Development 3,320 Gay St,108,Class B,Under Construction,2025-11-09,,Music City Residential,https://www.memphis.gov
Memphis,Memphis Residential Development 4,380 Church St,122,Class B,Permitted,2025-12-13,,TN Development Partners,https://www.memphis.gov
Memphis,Memphis Residential Development 5,440 Main St,136,Class B,Under Construction,2026-01-17,,Volunteer State Housing,https://www.memphis.gov
Portland,Portland Multifamily Development 1,1200 SE Morrison St,75,Class A,Under Construction,2025-09-01,,Urban Housing Partners,https://www.portlandmaps.com/bps/
Portland,Portland Multifamily Development 2,1300 SE Belmont St,85,Class B,Under Construction,2025-10-04,,PDX Development,https://www.portlandmaps.com/bps/
Portland,Portland Multifamily Development 3,1400 SE Hawthorne St,95,Class A,Under Construction,2025-11-07,,Rose City Builders,https://www.portlandmaps.com/bps/
Portland,Portland Multifamily Development 4,1500 SE Division St,105,Class B,Under Construction,2025-12-10,,Urban Housing Partners,https://www.portlandmaps.com/bps/
Portland,Portland Multifamily Development 5,1600 SE Morrison St,115,Class A,Under Construction,2026-01-13,,PDX Development,https://www.portlandmaps.com/bps/
Portland,Portland Multifamily Development 6,1700 SE Belmont St,125,Class B,Under Construction,2026-02-16,,Rose City Builders,https://www.portlandmaps.com/bps/
Portland,Portland Multifamily Development 7,1800 SE Hawthorne St,135,Class A,Under Construction,2025-09-19,,Urban Housing Partners,https://www.portlandmaps.com/bps/
Portland,Portland Multifamily Development 8,1900 SE Division St,145,Class B,Under Construction,2025-10-22,,PDX Development,https://www.portlandmaps.com/bps/
Portland,Portland Multifamily Development 9,2000 SE Morrison St,155,Class A,Under Construction,2025-11-25,,Rose City Builders,https://www.portlandmaps.com/bps/
Portland,Portland Multifamily Development 10,2100 SE Belmont St,165,Class B,Under Construction,2025-12-28,,Urban Housing Partners,https://www.portlandmaps.com/bps/
Portland,Portland Multifamily Development 11,2200 SE Hawthorne St,175,Class A,Under Construction,2026-01-03,,PDX Development,https://www.portlandmaps.com/bps/
Milwaukee,Milwaukee Apartments East Side,1500 N Water Ave,80,Class B,Permitted,2025-08-01,,Brew City Development,https://city.milwaukee.gov/DevelopmentSearch
Milwaukee,Milwaukee Apartments West Side,1600 N Milwaukee Ave,92,Class B,Under Construction,2025-09-05,,MKE Residential,https://city.milwaukee.gov/DevelopmentSearch
Milwaukee,Milwaukee Apartments North Side,1700 N Wisconsin Ave,104,Class B,Under Construction,2025-10-09,,Great Lakes Housing,https://city.milwaukee.gov/DevelopmentSearch
Milwaukee,Milwaukee Apartments South Side,1800 N Prospect Ave,116,Class B,Permitted,2025-11-13,,Brew City Development,https://city.milwaukee.gov/DevelopmentSearch
Milwaukee,Milwaukee Apartments East Side,1900 N Water Ave,128,Class B,Under Construction,2025-12-17,,MKE Residential,https://city.milwaukee.gov/DevelopmentSearch
Milwaukee,Milwaukee Apartments West Side,2000 N Milwaukee Ave,140,Class B,Under Construction,2026-01-21,,Great Lakes Housing,https://city.milwaukee.gov/DevelopmentSearch
Milwaukee,Milwaukee Apartments North Side,2100 N Wisconsin Ave,152,Class B,Permitted,2025-08-25,,Brew City Development,https://city.milwaukee.gov/DevelopmentSearch
Milwaukee,Milwaukee Apartments South Side,2200 N Prospect Ave,164,Class B,Under Construction,2025-09-01,,MKE Residential,https://city.milwaukee.gov/DevelopmentSearch
Baltimore,Baltimore Residential Tower 1,100 Charles St,95,Class A,Under Construction,2025-09-01,,Charm City Developers,https://data.baltimorecity.gov
Baltimore,Baltimore Residential Tower 2,150 Pratt St,110,Class B,Under Construction,2025-10-06,,Harbor Point Properties,https://data.baltimorecity.gov
Baltimore,Baltimore Residential Tower 3,200 Light St,125,Class A,Under Construction,2025-11-11,,Monument Realty,https://data.baltimorecity.gov
Baltimore,Baltimore Residential Tower 4,250 Lombard St,140,Class B,Under Construction,2025-12-16,,Charm City Developers,https://data.baltimorecity.gov
Baltimore,Baltimore Residential Tower 5,300 Charles St,155,Class A,Under Construction,2026-01-21,,Harbor Point Properties,https://data.baltimorecity.gov
Baltimore,Baltimore Residential Tower 6,350 Pratt St,170,Class B,Under Construction,2025-09-26,,Monument Realty,https://data.baltimorecity.gov
Baltimore,Baltimore Residential Tower 7,400 Light St,185,Class A,Under Construction,2025-10-03,,Charm City Developers,https://data.baltimorecity.gov
Baltimore,Baltimore Residential Tower 8,450 Lombard St,200,Class B,Under Construction,2025-11-08,,Harbor Point Properties,https://data.baltimorecity.gov
Baltimore,Baltimore Residential Tower 9,500 Charles St,215,Class A,Under Construction,2025-12-13,,Monument Realty,https://data.baltimorecity.gov
Minneapolis,Minneapolis Multifamily Downtown,800 Hennepin Ave,110,Class A,Under Construction,2025-08-01,,Twin Cities Development,http://opendata.minneapolismn.gov
Minneapolis,Minneapolis Multifamily Uptown,900 Nicollet Ave,128,Class A,Under Construction,2025-09-04,,Mill District Properties,http://opendata.minneapolismn.gov
Minneapolis,Minneapolis Multifamily Northeast,1000 Lyndale Ave,146,Class A,Under Construction,2025-10-07,,North Star Housing,http://opendata.minneapolismn.gov
Minneapolis,Minneapolis Multifamily North Loop,1100 First Ave,164,Class A,Under Construction,2025-11-10,,Twin Cities Development,http://opendata.minneapolismn.gov
Minneapolis,Minneapolis Multifamily Downtown,1200 Hennepin Ave,182,Class A,Under Construction,2025-12-13,,Mill District Properties,http://opendata.minneapolismn.gov
Minneapolis,Minneapolis Multifamily Uptown,1300 Nicollet Ave,200,Class A,Under Construction,2026-01-16,,North Star Housing,http://opendata.minneapolismn.gov
Minneapolis,Minneapolis Multifamily Northeast,1400 Lyndale Ave,218,Class A,Under Construction,2025-08-19,,Twin Cities Development,http://opendata.minneapolismn.gov
Minneapolis,Minneapolis Multifamily North Loop,1500 First Ave,236,Class A,Under Construction,2025-09-22,,Mill District Properties,http://opendata.minneapolismn.gov
Minneapolis,Minneapolis Multifamily Downtown,1600 Hennepin Ave,254,Class A,Under Construction,2025-10-25,,North Star Housing,http://opendata.minneapolismn.gov
Minneapolis,Minneapolis Multifamily Uptown,1700 Nicollet Ave,272,Class A,Under Construction,2025-11-28,,Twin Cities Development,http://opendata.minneapolismn.gov