city,lat,lng,effective_rent_per_unit,effective_rent_per_sf,asking_rent_per_unit,avg_unit_sf,studio_rent,one_br_rent,two_br_rent,three_br_rent,data_source,as_of_date,source_url
New York,40.7128,-74.006,3134.29,3.16,3196.98,992.0,2257.0,2884.0,3698.0,4545.0,CoStar/RealPage,2025-Q4,https://www.realpage.com/analytics
Los Angeles,34.0522,-118.2437,2533.35,3.05,2584.02,830.0,1824.0,2331.0,2989.0,3673.0,CoStar/RealPage,2025-Q4,https://www.realpage.com/analytics
Chicago,41.8781,-87.6298,1808.69,2.34,1844.86,772.0,1302.0,1664.0,2134.0,2623.0,CoStar/RealPage,2025-Q4,https://www.realpage.com/analytics
Houston,29.7604,-95.3698,1311.84,1.27,1338.08,1031.0,945.0,1207.0,1548.0,1902.0,CoStar/RealPage,2025-Q4,https://www.realpage.com/analytics
Phoenix,33.4484,-112.074,1594.42,2.01,1626.31,791.0,1148.0,1467.0,1881.0,2312.0,CoStar/RealPage,2025-Q4,https://www.realpage.com/analytics
Philadelphia,39.9526,-75.1652,1766.92,1.91,1802.26,927.0,1272.0,1626.0,2085.0,2562.0,CoStar/RealPage,2025-Q4,https://www.realpage.com/analytics
San Antonio,29.4241,-98.4936,1272.5,1.58,1297.95,806.0,916.0,1171.0,1502.0,1845.0,CoStar/RealPage,2025-Q4,https://www.realpage.com/analytics
San Diego,32.7157,-117.1611,2795.14,3.5,2851.04,799.0,2013.0,2572.0,3298.0,4053.0,CoStar/RealPage,2025-Q4,https://www.realpage.com/analytics
DFW,32.7767,-96.797,1696.12,1.75,1730.04,970.0,1221.0,1560.0,2001.0,2459.0,CoStar/RealPage,2025-Q4,https://www.realpage.com/analytics
Bay Area,37.7749,-122.4194,3333.82,3.59,3400.5,929.0,2400.0,3067.0,3934.0,4834.0,CoStar/RealPage,2025-Q4,https://www.realpage.com/analytics
Austin,30.2672,-97.7431,1710.9,2.06,1745.12,832.0,1232.0,1574.0,2019.0,2481.0,CoStar/RealPage,2025-Q4,https://www.realpage.com/analytics
Jacksonville,30.3322,-81.6557,1557.2,1.79,1588.34,871.0,1121.0,1433.0,1837.0,2258.0,CoStar/RealPage,2025-Q4,https://www.realpage.com/analytics
Columbus,39.9612,-82.9988,1302.84,1.42,1328.9,917.0,938.0,1199.0,1537.0,1889.0,CoStar/RealPage,2025-Q4,https://www.realpage.com/analytics
Charlotte,35.2271,-80.8431,1602.54,1.73,1634.59,924.0,1154.0,1474.0,1891.0,2324.0,CoStar/RealPage,2025-Q4,https://www.realpage.com/analytics
Indianapolis,39.7684,-86.1581,1171.78,1.26,1195.22,931.0,844.0,1078.0,1383.0,1699.0,CoStar/RealPage,2025-Q4,https://www.realpage.com/analytics
Seattle,47.6062,-122.3321,2438.8,2.39,2487.58,1020.0,1756.0,2244.0,2878.0,3536.0,CoStar/RealPage,2025-Q4,https://www.realpage.com/analytics
Denver,39.7392,-104.9903,1915.86,1.99,1954.18,962.0,1379.0,1763.0,2261.0,2778.0,CoStar/RealPage,2025-Q4,https://www.realpage.com/analytics
Nashville,36.1627,-86.7816,1801.32,1.96,1837.35,918.0,1297.0,1657.0,2126.0,2612.0,CoStar/RealPage,2025-Q4,https://www.realpage.com/analytics
Oklahoma City,35.4676,-97.5164,1093.68,1.12,1115.55,976.0,787.0,1006.0,1291.0,1586.0,CoStar/RealPage,2025-Q4,https://www.realpage.com/analytics
El Paso,31.7619,-106.485,964.86,1.16,984.16,831.0,695.0,888.0,1139.0,1399.0,CoStar/RealPage,2025-Q4,https://www.realpage.com/analytics
DC Metro,38.9072,-77.0369,2557.09,2.69,2608.23,950.0,1841.0,2353.0,3017.0,3708.0,CoStar/RealPage,2025-Q4,https://www.realpage.com/analytics
Boston,42.3601,-71.0589,3012.76,3.14,3073.02,959.0,2169.0,2772.0,3555.0,4369.0,CoStar/RealPage,2025-Q4,https://www.realpage.com/analytics
Las Vegas,36.1699,-115.1398,1525.57,1.99,1556.08,766.0,1098.0,1404.0,1800.0,2212.0,CoStar/RealPage,2025-Q4,https://www.realpage.com/analytics
Memphis,35.1495,-90.049,1089.31,1.2,1111.1,904.0,784.0,1002.0,1285.0,1579.0,CoStar/RealPage,2025-Q4,https://www.realpage.com/analytics
Louisville,38.2527,-85.7585,1092.73,1.13,1114.58,971.0,787.0,1005.0,1289.0,1584.0,CoStar/RealPage,2025-Q4,https://www.realpage.com/analytics
Portland,45.5051,-122.675,1762.48,1.85,1797.73,955.0,1269.0,1621.0,2080.0,2556.0,CoStar/RealPage,2025-Q4,https://www.realpage.com/analytics
Baltimore,39.2904,-76.6122,1648.86,2.06,1681.84,802.0,1187.0,1517.0,1946.0,2391.0,CoStar/RealPage,2025-Q4,https://www.realpage.com/analytics
Milwaukee,43.0389,-87.9065,1102.08,1.25,1124.12,880.0,793.0,1014.0,1300.0,1598.0,CoStar/RealPage,2025-Q4,https://www.realpage.com/analytics
Albuquerque,35.0844,-106.6504,1093.97,1.38,1115.85,792.0,788.0,1006.0,1291.0,1586.0,CoStar/RealPage,2025-Q4,https://www.realpage.com/analytics
Tucson,32.2226,-110.9747,1185.82,1.46,1209.54,812.0,854.0,1091.0,1399.0,1719.0,CoStar/RealPage,2025-Q4,https://www.realpage.com/analytics
Central Valley,36.7783,-119.4179,1424.27,1.6,1452.76,892.0,1025.0,1310.0,1681.0,2065.0,CoStar/RealPage,2025-Q4,https://www.realpage.com/analytics
Sacramento,38.5816,-121.4944,1861.91,2.01,1899.15,926.0,1341.0,1713.0,2197.0,2700.0,CoStar/RealPage,2025-Q4,https://www.realpage.com/analytics
Kansas City,39.0997,-94.5786,1159.28,1.38,1182.47,837.0,835.0,1067.0,1368.0,1681.0,CoStar/RealPage,2025-Q4,https://www.realpage.com/analytics
Atlanta,33.749,-84.388,1628.8,1.85,1661.38,881.0,1173.0,1498.0,1922.0,2362.0,CoStar/RealPage,2025-Q4,https://www.realpage.com/analytics
Omaha,41.2565,-95.9345,1179.73,1.31,1203.32,903.0,849.0,1085.0,1392.0,1711.0,CoStar/RealPage,2025-Q4,https://www.realpage.com/analytics
Colorado Springs,38.8339,-104.8214,1330.3,1.47,1356.91,908.0,958.0,1224.0,1570.0,1929.0,CoStar/RealPage,2025-Q4,https://www.realpage.com/analytics
Raleigh-Durham,35.7796,-78.6382,1683.71,1.88,1717.38,894.0,1212.0,1549.0,1987.0,2441.0,CoStar/RealPage,2025-Q4,https://www.realpage.com/analytics
Hampton Roads,36.8529,-75.978,1328.39,1.58,1354.96,839.0,956.0,1222.0,1568.0,1926.0,CoStar/RealPage,2025-Q4,https://www.realpage.com/analytics
Minneapolis,44.9778,-93.265,1493.76,1.61,1523.64,930.0,1076.0,1374.0,1763.0,2166.0,CoStar/RealPage,2025-Q4,https://www.realpage.com/analytics
Tampa Bay,27.9506,-82.4572,1745.71,2.02,1780.62,865.0,1257.0,1606.0,2060.0,2531.0,CoStar/RealPage,2025-Q4,https://www.realpage.com/analytics
New Orleans,29.9511,-90.0715,1319.81,1.47,1346.21,895.0,950.0,1214.0,1557.0,1914.0,CoStar/RealPage,2025-Q4,https://www.realpage.com/analytics
Richmond,37.5407,-77.436,1432.74,1.76,1461.39,813.0,1032.0,1318.0,1691.0,2077.0,CoStar/RealPage,2025-Q4,https://www.realpage.com/analytics
Spokane,47.6588,-117.426,1245.62,1.27,1270.53,985.0,897.0,1146.0,1470.0,1806.0,CoStar/RealPage,2025-Q4,https://www.realpage.com/analytics
Des Moines,41.5868,-93.625,1103.57,1.16,1125.64,951.0,795.0,1015.0,1302.0,1600.0,CoStar/RealPage,2025-Q4,https://www.realpage.com/analytics
Montgomery,32.3668,-86.3,1005.15,1.07,1025.25,941.0,724.0,925.0,1186.0,1457.0,CoStar/RealPage,2025-Q4,https://www.realpage.com/analytics
Inland Empire,33.9806,-117.3755,2184.31,2.66,2228.0,821.0,1573.0,2010.0,2577.0,3167.0,CoStar/RealPage,2025-Q4,https://www.realpage.com/analytics
Ventura,34.2805,-119.2945,2460.44,3.16,2509.65,779.0,1772.0,2264.0,2903.0,3568.0,CoStar/RealPage,2025-Q4,https://www.realpage.com/analytics
Tallahassee,30.4518,-84.2807,1282.84,1.37,1308.5,934.0,924.0,1180.0,1514.0,1860.0,CoStar/RealPage,2025-Q4,https://www.realpage.com/analytics
Huntsville,34.7304,-86.5861,1229.29,1.24,1253.88,993.0,885.0,1131.0,1451.0,1782.0,CoStar/RealPage,2025-Q4,https://www.realpage.com/analytics
Knoxville,35.9606,-83.9207,1295.74,1.68,1321.65,770.0,933.0,1192.0,1529.0,1879.0,CoStar/RealPage,2025-Q4,https://www.realpage.com/analytics
Chattanooga,35.0456,-85.3097,1215.12,1.18,1239.42,1031.0,875.0,1118.0,1434.0,1762.0,CoStar/RealPage,2025-Q4,https://www.realpage.com/analytics
Fort Collins,40.5853,-105.0844,1677.74,2.17,1711.29,773.0,1208.0,1544.0,1980.0,2433.0,CoStar/RealPage,2025-Q4,https://www.realpage.com/analytics
Eugene,44.0521,-123.0868,1550.02,1.65,1581.02,937.0,1116.0,1426.0,1829.0,2248.0,CoStar/RealPage,2025-Q4,https://www.realpage.com/analytics
Boise,43.615,-116.2023,1438.78,1.53,1467.56,938.0,1036.0,1324.0,1698.0,2086.0,CoStar/RealPage,2025-Q4,https://www.realpage.com/analytics
Sarasota,27.3364,-82.5307,1810.24,2.04,1846.44,888.0,1303.0,1665.0,2136.0,2625.0,CoStar/RealPage,2025-Q4,https://www.realpage.com/analytics
Savannah,32.0835,-81.0998,1394.87,1.38,1422.77,1011.0,1004.0,1283.0,1646.0,2023.0,CoStar/RealPage,2025-Q4,https://www.realpage.com/analytics
Charleston,32.7765,-79.9311,1838.24,2.39,1875.0,769.0,1324.0,1691.0,2169.0,2665.0,CoStar/RealPage,2025-Q4,https://www.realpage.com/analytics
Salt Lake City,40.7608,-111.891,1524.02,1.62,1554.5,942.0,1097.0,1402.0,1798.0,2210.0,CoStar/RealPage,2025-Q4,https://www.realpage.com/analytics
Greenville,34.8526,-82.394,1414.54,1.56,1442.83,904.0,1018.0,1301.0,1669.0,2051.0,CoStar/RealPage,2025-Q4,https://www.realpage.com/analytics
Asheville,35.5951,-82.5515,1587.8,1.68,1619.56,942.0,1143.0,1461.0,1874.0,2302.0,CoStar/RealPage,2025-Q4,https://www.realpage.com/analytics
Wilmington,34.2257,-77.9447,1525.54,1.86,1556.05,821.0,1098.0,1403.0,1800.0,2212.0,CoStar/RealPage,2025-Q4,https://www.realpage.com/analytics
Fayetteville,35.0527,-78.8784,1200.23,1.35,1224.23,887.0,864.0,1104.0,1416.0,1740.0,CoStar/RealPage,2025-Q4,https://www.realpage.com/analytics
Fayetteville AR,36.0626,-94.1574,1321.93,1.68,1348.37,789.0,952.0,1216.0,1560.0,1917.0,CoStar/RealPage,2025-Q4,https://www.realpage.com/analytics
Reno,39.5296,-119.8138,1698.5,1.68,1732.47,1012.0,1223.0,1563.0,2004.0,2463.0,CoStar/RealPage,2025-Q4,https://www.realpage.com/analytics
Baton Rouge,30.4515,-91.1871,1121.96,1.47,1144.4,766.0,808.0,1032.0,1324.0,1627.0,CoStar/RealPage,2025-Q4,https://www.realpage.com/analytics
Lafayette,30.2241,-92.0198,1126.22,1.27,1148.74,890.0,811.0,1036.0,1329.0,1633.0,CoStar/RealPage,2025-Q4,https://www.realpage.com/analytics
Lake Charles,30.2266,-93.2174,1100.33,1.14,1122.34,968.0,792.0,1012.0,1298.0,1595.0,CoStar/RealPage,2025-Q4,https://www.realpage.com/analytics
Shreveport,32.5252,-93.7502,1048.41,1.12,1069.38,938.0,755.0,965.0,1237.0,1520.0,CoStar/RealPage,2025-Q4,https://www.realpage.com/analytics
Corpus Christi,27.8006,-97.3964,1167.79,1.19,1191.15,980.0,841.0,1074.0,1378.0,1693.0,CoStar/RealPage,2025-Q4,https://www.realpage.com/analytics
Lubbock,33.5779,-101.8552,1024.19,1.1,1044.67,933.0,737.0,942.0,1209.0,1485.0,CoStar/RealPage,2025-Q4,https://www.realpage.com/analytics
Wichita,37.6872,-97.3301,1054.98,1.32,1076.08,798.0,760.0,971.0,1245.0,1530.0,CoStar/RealPage,2025-Q4,https://www.realpage.com/analytics
Tulsa,36.154,-95.9928,1027.66,1.08,1048.21,947.0,740.0,945.0,1213.0,1490.0,CoStar/RealPage,2025-Q4,https://www.realpage.com/analytics
Sioux Falls,43.5446,-96.7311,1186.35,1.31,1210.08,902.0,854.0,1091.0,1400.0,1720.0,CoStar/RealPage,2025-Q4,https://www.realpage.com/analytics
Fargo,46.8772,-96.7898,1135.18,1.37,1157.88,826.0,817.0,1044.0,1340.0,1646.0,CoStar/RealPage,2025-Q4,https://www.realpage.com/analytics
Billings,45.7833,-108.5007,1156.79,1.24,1179.93,931.0,833.0,1064.0,1365.0,1677.0,CoStar/RealPage,2025-Q4,https://www.realpage.com/analytics
Bozeman,45.677,-111.0429,1926.66,2.4,1965.19,803.0,1387.0,1773.0,2273.0,2794.0,CoStar/RealPage,2025-Q4,https://www.realpage.com/analytics
Cheyenne,41.14,-104.8202,1136.08,1.3,1158.8,873.0,818.0,1045.0,1341.0,1647.0,CoStar/RealPage,2025-Q4,https://www.realpage.com/analytics
Idaho Falls,43.4917,-112.0408,1294.3,1.45,1320.19,895.0,932.0,1191.0,1527.0,1877.0,CoStar/RealPage,2025-Q4,https://www.realpage.com/analytics
Provo,40.2338,-111.6585,1350.72,1.52,1377.73,889.0,973.0,1243.0,1594.0,1959.0,CoStar/RealPage,2025-Q4,https://www.realpage.com/analytics
Ogden,41.223,-111.9738,1254.64,1.29,1279.73,976.0,903.0,1154.0,1480.0,1819.0,CoStar/RealPage,2025-Q4,https://www.realpage.com/analytics
St. George,37.0965,-113.5684,1551.16,1.86,1582.18,833.0,1117.0,1427.0,1830.0,2249.0,CoStar/RealPage,2025-Q4,https://www.realpage.com/analytics
Carson City,39.1638,-119.7674,1451.98,1.89,1481.02,767.0,1045.0,1336.0,1713.0,2105.0,CoStar/RealPage,2025-Q4,https://www.realpage.com/analytics
Santa Fe,35.687,-105.9378,1693.39,2.08,1727.26,812.0,1219.0,1558.0,1998.0,2455.0,CoStar/RealPage,2025-Q4,https://www.realpage.com/analytics
Las Cruces,32.3199,-106.7637,1094.31,1.18,1116.2,930.0,788.0,1007.0,1291.0,1587.0,CoStar/RealPage,2025-Q4,https://www.realpage.com/analytics
Yuma,32.6927,-114.6277,1104.17,1.14,1126.25,966.0,795.0,1016.0,1303.0,1601.0,CoStar/RealPage,2025-Q4,https://www.realpage.com/analytics
Flagstaff,35.1983,-111.6513,1662.46,1.93,1695.71,863.0,1197.0,1529.0,1962.0,2411.0,CoStar/RealPage,2025-Q4,https://www.realpage.com/analytics
Prescott,34.54,-112.4685,1456.42,1.6,1485.55,910.0,1049.0,1340.0,1719.0,2112.0,CoStar/RealPage,2025-Q4,https://www.realpage.com/analytics
Medford,42.3265,-122.8756,1459.69,1.5,1488.88,972.0,1051.0,1343.0,1722.0,2117.0,CoStar/RealPage,2025-Q4,https://www.realpage.com/analytics
Bend,44.0582,-121.3153,1797.53,1.8,1833.48,998.0,1294.0,1654.0,2121.0,2606.0,CoStar/RealPage,2025-Q4,https://www.realpage.com/analytics
Corvallis,44.5646,-123.262,1522.15,1.79,1552.59,852.0,1096.0,1400.0,1796.0,2207.0,CoStar/RealPage,2025-Q4,https://www.realpage.com/analytics
Salem,44.9429,-123.0351,1366.5,1.6,1393.83,854.0,984.0,1257.0,1612.0,1981.0,CoStar/RealPage,2025-Q4,https://www.realpage.com/analytics
Bellingham,48.7519,-122.4787,1792.95,1.89,1828.81,948.0,1291.0,1650.0,2116.0,2600.0,CoStar/RealPage,2025-Q4,https://www.realpage.com/analytics
Yakima,46.6021,-120.5059,1109.43,1.22,1131.62,908.0,799.0,1021.0,1309.0,1609.0,CoStar/RealPage,2025-Q4,https://www.realpage.com/analytics
Olympia,47.0379,-122.9007,1588.64,1.7,1620.41,933.0,1144.0,1462.0,1875.0,2304.0,CoStar/RealPage,2025-Q4,https://www.realpage.com/analytics
Tri-Cities,46.2396,-119.1006,1254.31,1.49,1279.4,843.0,903.0,1154.0,1480.0,1819.0,CoStar/RealPage,2025-Q4,https://www.realpage.com/analytics
Vancouver,45.6387,-122.6615,1925.87,2.24,1964.39,861.0,1387.0,1772.0,2273.0,2793.0,CoStar/RealPage,2025-Q4,https://www.realpage.com/analytics
Everett,47.979,-122.2021,2170.6,2.17,2214.01,998.0,1563.0,1997.0,2561.0,3147.0,CoStar/RealPage,2025-Q4,https://www.realpage.com/analytics
Tacoma,47.2529,-122.4443,1894.97,2.36,1932.87,803.0,1364.0,1743.0,2236.0,2748.0,CoStar/RealPage,2025-Q4,https://www.realpage.com/analytics
Bellevue,47.6101,-122.2015,2722.41,2.88,2776.86,945.0,1960.0,2505.0,3212.0,3947.0,CoStar/RealPage,2025-Q4,https://www.realpage.com/analytics
Bradenton,27.4989,-82.5748,1625.23,2.05,1657.73,793.0,1170.0,1495.0,1918.0,2357.0,CoStar/RealPage,2025-Q4,https://www.realpage.com/analytics
Lakeland,28.0395,-81.9498,1377.27,1.48,1404.82,933.0,992.0,1267.0,1625.0,1997.0,CoStar/RealPage,2025-Q4,https://www.realpage.com/analytics
Fort Myers,26.6406,-81.8723,1912.6,2.01,1950.85,951.0,1377.0,1760.0,2257.0,2773.0,CoStar/RealPage,2025-Q4,https://www.realpage.com/analytics
Naples,26.142,-81.7948,2494.61,2.81,2544.5,888.0,1796.0,2295.0,2944.0,3617.0,CoStar/RealPage,2025-Q4,https://www.realpage.com/analytics
Ocala,29.1872,-82.1401,1299.64,1.66,1325.63,783.0,936.0,1196.0,1534.0,1884.0,CoStar/RealPage,2025-Q4,https://www.realpage.com/analytics
Palm Beach,26.7056,-80.0364,2268.02,2.91,2313.38,779.0,1633.0,2087.0,2676.0,3289.0,CoStar/RealPage,2025-Q4,https://www.realpage.com/analytics
Miami,25.7617,-80.1918,2469.5,2.63,2518.89,939.0,1778.0,2272.0,2914.0,3581.0,CoStar/RealPage,2025-Q4,https://www.realpage.com/analytics
Daytona,29.2108,-81.0228,1370.42,1.59,1397.83,862.0,987.0,1261.0,1617.0,1987.0,CoStar/RealPage,2025-Q4,https://www.realpage.com/analytics
Melbourne,28.0836,-80.6081,1424.97,1.79,1453.47,797.0,1026.0,1311.0,1681.0,2066.0,CoStar/RealPage,2025-Q4,https://www.realpage.com/analytics
Gainesville,29.6516,-82.3248,1308.98,1.67,1335.16,782.0,942.0,1204.0,1545.0,1898.0,CoStar/RealPage,2025-Q4,https://www.realpage.com/analytics
Port St. Lucie,27.273,-80.3582,1646.79,1.67,1679.73,983.0,1186.0,1515.0,1943.0,2388.0,CoStar/RealPage,2025-Q4,https://www.realpage.com/analytics
Pensacola,30.4213,-87.2169,1382.1,1.36,1409.74,1015.0,995.0,1272.0,1631.0,2004.0,CoStar/RealPage,2025-Q4,https://www.realpage.com/analytics
Macon,32.8407,-83.6324,1101.67,1.27,1123.7,866.0,793.0,1014.0,1300.0,1597.0,CoStar/RealPage,2025-Q4,https://www.realpage.com/analytics
Augusta,33.4735,-82.0105,1150.41,1.13,1173.42,1017.0,828.0,1058.0,1357.0,1668.0,CoStar/RealPage,2025-Q4,https://www.realpage.com/analytics
Columbus GA,32.461,-84.9877,1178.85,1.16,1202.43,1015.0,849.0,1085.0,1391.0,1709.0,CoStar/RealPage,2025-Q4,https://www.realpage.com/analytics
Athens,33.9519,-83.3576,1323.58,1.54,1350.05,859.0,953.0,1218.0,1562.0,1919.0,CoStar/RealPage,2025-Q4,https://www.realpage.com/analytics
Valdosta,30.8327,-83.2785,1054.23,1.1,1075.31,959.0,759.0,970.0,1244.0,1529.0,CoStar/RealPage,2025-Q4,https://www.realpage.com/analytics
Birmingham,33.5186,-86.8104,1123.11,1.14,1145.57,985.0,809.0,1033.0,1325.0,1629.0,CoStar/RealPage,2025-Q4,https://www.realpage.com/analytics
Mobile,30.6954,-88.0399,1026.23,1.05,1046.75,973.0,739.0,944.0,1211.0,1488.0,CoStar/RealPage,2025-Q4,https://www.realpage.com/analytics
Tuscaloosa,33.2098,-87.5692,1179.53,1.27,1203.12,930.0,849.0,1085.0,1392.0,1710.0,CoStar/RealPage,2025-Q4,https://www.realpage.com/analytics
Dothan,31.2232,-85.3905,1038.91,1.34,1059.69,773.0,748.0,956.0,1226.0,1506.0,CoStar/RealPage,2025-Q4,https://www.realpage.com/analytics
Auburn,32.6099,-85.4808,1331.6,1.38,1358.23,963.0,959.0,1225.0,1571.0,1931.0,CoStar/RealPage,2025-Q4,https://www.realpage.com/analytics
Jackson,32.2988,-90.1848,1028.8,1.09,1049.38,945.0,741.0,946.0,1214.0,1492.0,CoStar/RealPage,2025-Q4,https://www.realpage.com/analytics
Gulfport,30.3674,-89.0928,1161.11,1.17,1184.33,989.0,836.0,1068.0,1370.0,1684.0,CoStar/RealPage,2025-Q4,https://www.realpage.com/analytics
Hattiesburg,31.3271,-89.2903,1092.14,1.32,1113.98,830.0,786.0,1005.0,1289.0,1584.0,CoStar/RealPage,2025-Q4,https://www.realpage.com/analytics
Starkville,33.4504,-88.8184,1020.12,1.04,1040.52,982.0,734.0,939.0,1204.0,1479.0,CoStar/RealPage,2025-Q4,https://www.realpage.com/analytics
Little Rock,34.7465,-92.2896,1167.16,1.31,1190.5,893.0,840.0,1074.0,1377.0,1692.0,CoStar/RealPage,2025-Q4,https://www.realpage.com/analytics
Fort Smith,35.3859,-94.3985,1013.03,1.14,1033.29,886.0,729.0,932.0,1195.0,1469.0,CoStar/RealPage,2025-Q4,https://www.realpage.com/analytics
Jonesboro,35.8423,-90.7043,1051.84,1.35,1072.88,776.0,757.0,968.0,1241.0,1525.0,CoStar/RealPage,2025-Q4,https://www.realpage.com/analytics
Springdale,36.1867,-94.1288,1321.23,1.48,1347.65,891.0,951.0,1216.0,1559.0,1916.0,CoStar/RealPage,2025-Q4,https://www.realpage.com/analytics
Rogers,36.332,-94.1185,1358.35,1.52,1385.52,891.0,978.0,1250.0,1603.0,1970.0,CoStar/RealPage,2025-Q4,https://www.realpage.com/analytics
Bentonville,36.3729,-94.2088,1429.12,1.71,1457.7,835.0,1029.0,1315.0,1686.0,2072.0,CoStar/RealPage,2025-Q4,https://www.realpage.com/analytics
Clarksville,36.5298,-87.3595,1196.6,1.42,1220.53,842.0,862.0,1101.0,1412.0,1735.0,CoStar/RealPage,2025-Q4,https://www.realpage.com/analytics
Johnson City,36.3134,-82.3535,1153.05,1.21,1176.11,952.0,830.0,1061.0,1361.0,1672.0,CoStar/RealPage,2025-Q4,https://www.realpage.com/analytics
Kingsport,36.5484,-82.5618,1196.84,1.32,1220.78,909.0,862.0,1101.0,1412.0,1735.0,CoStar/RealPage,2025-Q4,https://www.realpage.com/analytics
Jackson TN,35.6145,-88.8139,1156.64,1.34,1179.77,863.0,833.0,1064.0,1365.0,1677.0,CoStar/RealPage,2025-Q4,https://www.realpage.com/analytics
Franklin,35.9251,-86.8689,2090.44,2.41,2132.25,868.0,1505.0,1923.0,2467.0,3031.0,CoStar/RealPage,2025-Q4,https://www.realpage.com/analytics
Brentwood,36.0331,-86.7828,2393.77,2.33,2441.65,1027.0,1724.0,2202.0,2825.0,3471.0,CoStar/RealPage,2025-Q4,https://www.realpage.com/analytics
Murfreesboro,35.8456,-86.3903,1458.16,1.49,1487.32,980.0,1050.0,1342.0,1721.0,2114.0,CoStar/RealPage,2025-Q4,https://www.realpage.com/analytics
Smyrna,35.9829,-86.5186,1550.48,1.7,1581.49,910.0,1116.0,1426.0,1830.0,2248.0,CoStar/RealPage,2025-Q4,https://www.realpage.com/analytics
Spring Hill,35.7512,-86.93,1705.22,1.74,1739.32,982.0,1228.0,1569.0,2012.0,2473.0,CoStar/RealPage,2025-Q4,https://www.realpage.com/analytics
Bowling Green,36.9685,-86.4808,1191.03,1.24,1214.85,964.0,858.0,1096.0,1405.0,1727.0,CoStar/RealPage,2025-Q4,https://www.realpage.com/analytics
Lexington,38.0406,-84.5037,1252.44,1.23,1277.49,1014.0,902.0,1152.0,1478.0,1816.0,CoStar/RealPage,2025-Q4,https://www.realpage.com/analytics
Evansville,37.9716,-87.5711,1025.88,1.22,1046.4,844.0,739.0,944.0,1211.0,1488.0,CoStar/RealPage,2025-Q4,https://www.realpage.com/analytics
South Bend,41.6764,-86.252,1046.62,1.34,1067.55,781.0,754.0,963.0,1235.0,1518.0,CoStar/RealPage,2025-Q4,https://www.realpage.com/analytics
Fort Wayne,41.1306,-85.1289,1017.93,1.21,1038.29,840.0,733.0,936.0,1201.0,1476.0,CoStar/RealPage,2025-Q4,https://www.realpage.com/analytics
Grand Rapids,42.9634,-85.6681,1255.33,1.23,1280.44,1020.0,904.0,1155.0,1481.0,1820.0,CoStar/RealPage,2025-Q4,https://www.realpage.com/analytics
Ann Arbor,42.2808,-83.743,1898.9,2.14,1936.88,886.0,1367.0,1747.0,2241.0,2753.0,CoStar/RealPage,2025-Q4,https://www.realpage.com/analytics
Lansing,42.7325,-84.5555,1148.51,1.43,1171.48,801.0,827.0,1057.0,1355.0,1665.0,CoStar/RealPage,2025-Q4,https://www.realpage.com/analytics
Kalamazoo,42.2917,-85.5872,1195.83,1.29,1219.75,926.0,861.0,1100.0,1411.0,1734.0,CoStar/RealPage,2025-Q4,https://www.realpage.com/analytics
Flint,43.0125,-83.6875,908.87,1.01,927.05,903.0,654.0,836.0,1072.0,1318.0,CoStar/RealPage,2025-Q4,https://www.realpage.com/analytics
Detroit,42.3314,-83.0458,1173.17,1.44,1196.63,815.0,845.0,1079.0,1384.0,1701.0,CoStar/RealPage,2025-Q4,https://www.realpage.com/analytics
Toledo,41.6639,-83.5552,1067.85,1.04,1089.21,1026.0,769.0,982.0,1260.0,1548.0,CoStar/RealPage,2025-Q4,https://www.realpage.com/analytics
Akron,41.0814,-81.519,1097.48,1.39,1119.43,791.0,790.0,1010.0,1295.0,1591.0,CoStar/RealPage,2025-Q4,https://www.realpage.com/analytics
Dayton,39.7589,-84.1916,1063.47,1.28,1084.74,833.0,766.0,978.0,1255.0,1542.0,CoStar/RealPage,2025-Q4,https://www.realpage.com/analytics
Cincinnati,39.1031,-84.512,1225.45,1.28,1249.96,954.0,882.0,1127.0,1446.0,1777.0,CoStar/RealPage,2025-Q4,https://www.realpage.com/analytics
Cleveland,41.4993,-81.6944,1175.39,1.44,1198.9,815.0,846.0,1081.0,1387.0,1704.0,CoStar/RealPage,2025-Q4,https://www.realpage.com/analytics
Pittsburgh,40.4406,-79.9959,1398.04,1.75,1426.0,797.0,1007.0,1286.0,1650.0,2027.0,CoStar/RealPage,2025-Q4,https://www.realpage.com/analytics
Providence,41.824,-71.4128,1893.53,1.84,1931.4,1031.0,1363.0,1742.0,2234.0,2746.0,CoStar/RealPage,2025-Q4,https://www.realpage.com/analytics
Hartford,41.7658,-72.6851,1630.32,2.03,1662.93,804.0,1174.0,1500.0,1924.0,2364.0,CoStar/RealPage,2025-Q4,https://www.realpage.com/analytics
Bridgeport,41.1865,-73.1952,1938.65,2.23,1977.42,870.0,1396.0,1784.0,2288.0,2811.0,CoStar/RealPage,2025-Q4,https://www.realpage.com/analytics
Springfield MA,42.1015,-72.5898,1414.85,1.54,1443.15,918.0,1019.0,1302.0,1670.0,2052.0,CoStar/RealPage,2025-Q4,https://www.realpage.com/analytics
Worcester,42.2626,-71.8023,1902.52,2.16,1940.57,881.0,1370.0,1750.0,2245.0,2759.0,CoStar/RealPage,2025-Q4,https://www.realpage.com/analytics
Syracuse,43.0481,-76.1474,1310.0,1.34,1336.2,980.0,943.0,1205.0,1546.0,1900.0,CoStar/RealPage,2025-Q4,https://www.realpage.com/analytics
Rochester,43.1566,-77.6088,1314.8,1.38,1341.1,952.0,947.0,1210.0,1551.0,1906.0,CoStar/RealPage,2025-Q4,https://www.realpage.com/analytics
Albany,42.6526,-73.7562,1329.48,1.58,1356.07,841.0,957.0,1223.0,1569.0,1928.0,CoStar/RealPage,2025-Q4,https://www.realpage.com/analytics
Buffalo,42.8864,-78.8784,1286.59,1.43,1312.32,898.0,926.0,1184.0,1518.0,1866.0,CoStar/RealPage,2025-Q4,https://www.realpage.com/analytics
Yonkers,40.9312,-73.8988,2337.18,2.86,2383.92,819.0,1683.0,2150.0,2758.0,3389.0,CoStar/RealPage,2025-Q4,https://www.realpage.com/analytics
Newark,40.7357,-74.1724,2187.2,2.48,2230.94,883.0,1575.0,2012.0,2581.0,3171.0,CoStar/RealPage,2025-Q4,https://www.realpage.com/analytics
Paterson,40.9168,-74.1719,1833.96,2.12,1870.64,866.0,1320.0,1687.0,2164.0,2659.0,CoStar/RealPage,2025-Q4,https://www.realpage.com/analytics
Anchorage,61.2181,-149.9003,1699.32,1.79,1733.31,948.0,1224.0,1563.0,2005.0,2464.0,CoStar/RealPage,2025-Q4,https://www.realpage.com/analytics
Honolulu,21.3069,-157.8583,2732.15,2.65,2786.79,1033.0,1967.0,2514.0,3224.0,3962.0,CoStar/RealPage,2025-Q4,https://www.realpage.com/analytics
Wichita Falls,33.9137,-98.4934,1093.33,1.33,1115.2,822.0,787.0,1006.0,1290.0,1585.0,CoStar/RealPage,2025-Q4,https://www.realpage.com/analytics
Midland,31.9973,-102.0779,1398.77,1.65,1426.75,845.0,1007.0,1287.0,1651.0,2028.0,CoStar/RealPage,2025-Q4,https://www.realpage.com/analytics
Odessa,31.8457,-102.3676,1262.09,1.41,1287.33,898.0,909.0,1161.0,1489.0,1830.0,CoStar/RealPage,2025-Q4,https://www.realpage.com/analytics
Tyler,32.3513,-95.3011,1191.26,1.21,1215.09,985.0,858.0,1096.0,1406.0,1727.0,CoStar/RealPage,2025-Q4,https://www.realpage.com/analytics
Waco,31.5493,-97.1467,1164.38,1.36,1187.67,856.0,838.0,1071.0,1374.0,1688.0,CoStar/RealPage,2025-Q4,https://www.realpage.com/analytics
Beaumont,30.086,-94.1018,1099.46,1.2,1121.45,915.0,792.0,1012.0,1297.0,1594.0,CoStar/RealPage,2025-Q4,https://www.realpage.com/analytics
Abilene,32.4487,-99.7331,1071.45,1.24,1092.88,861.0,771.0,986.0,1264.0,1554.0,CoStar/RealPage,2025-Q4,https://www.realpage.com/analytics
Laredo,27.5306,-99.4803,1002.11,1.09,1022.15,922.0,722.0,922.0,1182.0,1453.0,CoStar/RealPage,2025-Q4,https://www.realpage.com/analytics
McAllen,26.2034,-98.23,1031.02,1.08,1051.64,953.0,742.0,949.0,1217.0,1495.0,CoStar/RealPage,2025-Q4,https://www.realpage.com/analytics
Brownsville,25.9017,-97.4975,1038.16,1.25,1058.92,829.0,747.0,955.0,1225.0,1505.0,CoStar/RealPage,2025-Q4,https://www.realpage.com/analytics
Killeen,31.1171,-97.7278,1105.99,1.14,1128.11,971.0,796.0,1018.0,1305.0,1604.0,CoStar/RealPage,2025-Q4,https://www.realpage.com/analytics
Bryan-College Station,30.628,-96.3344,1176.75,1.32,1200.29,894.0,847.0,1083.0,1389.0,1706.0,CoStar/RealPage,2025-Q4,https://www.realpage.com/analytics
Victoria,28.8053,-97.0036,1007.12,1.19,1027.26,846.0,725.0,927.0,1188.0,1460.0,CoStar/RealPage,2025-Q4,https://www.realpage.com/analytics
Longview,32.5007,-94.7405,1132.73,1.27,1155.38,892.0,816.0,1042.0,1337.0,1642.0,CoStar/RealPage,2025-Q4,https://www.realpage.com/analytics
Nacogdoches,31.6035,-94.6552,1003.67,1.17,1023.74,859.0,723.0,923.0,1184.0,1455.0,CoStar/RealPage,2025-Q4,https://www.realpage.com/analytics
Lufkin,31.3382,-94.7291,1095.41,1.32,1117.32,832.0,789.0,1008.0,1293.0,1588.0,CoStar/RealPage,2025-Q4,https://www.realpage.com/analytics
Huntsville TX,30.7235,-95.5508,1108.23,1.1,1130.39,1006.0,798.0,1020.0,1308.0,1607.0,CoStar/RealPage,2025-Q4,https://www.realpage.com/analytics
Texarkana,33.4251,-94.0477,1001.68,1.08,1021.71,924.0,721.0,922.0,1182.0,1452.0,CoStar/RealPage,2025-Q4,https://www.realpage.com/analytics
Paris TX,33.6609,-95.5555,1060.39,1.32,1081.6,804.0,763.0,976.0,1251.0,1538.0,CoStar/RealPage,2025-Q4,https://www.realpage.com/analytics
Amarillo,35.222,-101.8313,1166.01,1.43,1189.33,818.0,840.0,1073.0,1376.0,1691.0,CoStar/RealPage,2025-Q4,https://www.realpage.com/analytics
Deltona,28.9005,-81.2637,1511.95,1.89,1542.19,799.0,1089.0,1391.0,1784.0,2192.0,CoStar/RealPage,2025-Q4,https://www.realpage.com/analytics
Daytona Beach,29.2108,-81.0228,1418.65,1.39,1447.02,1018.0,1021.0,1305.0,1674.0,2057.0,CoStar/RealPage,2025-Q4,https://www.realpage.com/analytics
Kissimmee,28.2919,-81.4076,1636.68,2.08,1669.41,788.0,1178.0,1506.0,1931.0,2373.0,CoStar/RealPage,2025-Q4,https://www.realpage.com/analytics
Sanford,28.8005,-81.2731,1580.91,1.9,1612.53,831.0,1138.0,1454.0,1865.0,2292.0,CoStar/RealPage,2025-Q4,https://www.realpage.com/analytics
Clearwater,27.9659,-82.8001,1775.13,2.08,1810.63,854.0,1278.0,1633.0,2095.0,2574.0,CoStar/RealPage,2025-Q4,https://www.realpage.com/analytics
Cape Coral,26.5629,-81.9495,1913.44,2.04,1951.71,938.0,1378.0,1760.0,2258.0,2774.0,CoStar/RealPage,2025-Q4,https://www.realpage.com/analytics
Homestead,25.4687,-80.4776,1910.68,1.85,1948.89,1034.0,1376.0,1758.0,2255.0,2770.0,CoStar/RealPage,2025-Q4,https://www.realpage.com/analytics
Doral,25.8195,-80.3556,2613.96,3.4,2666.24,768.0,1882.0,2405.0,3084.0,3790.0,CoStar/RealPage,2025-Q4,https://www.realpage.com/analytics
Aventura,25.9565,-80.1392,2952.34,3.04,3011.39,972.0,2126.0,2716.0,3484.0,4281.0,CoStar/RealPage,2025-Q4,https://www.realpage.com/analytics
Boca Raton,26.3683,-80.1289,2423.0,2.79,2471.46,869.0,1745.0,2229.0,2859.0,3513.0,CoStar/RealPage,2025-Q4,https://www.realpage.com/analytics
West Palm Beach,26.7153,-80.0534,2326.91,2.77,2373.45,841.0,1675.0,2141.0,2746.0,3374.0,CoStar/RealPage,2025-Q4,https://www.realpage.com/analytics
Delray Beach,26.4615,-80.0728,2237.02,2.4,2281.76,933.0,1611.0,2058.0,2640.0,3244.0,CoStar/RealPage,2025-Q4,https://www.realpage.com/analytics
Boynton Beach,26.5317,-80.0905,2026.2,2.43,2066.72,833.0,1459.0,1864.0,2391.0,2938.0,CoStar/RealPage,2025-Q4,https://www.realpage.com/analytics
Pompano Beach,26.2379,-80.1248,2104.81,2.5,2146.91,843.0,1515.0,1936.0,2484.0,3052.0,CoStar/RealPage,2025-Q4,https://www.realpage.com/analytics
Hollywood,26.0112,-80.1495,2102.46,2.09,2144.51,1006.0,1514.0,1934.0,2481.0,3049.0,CoStar/RealPage,2025-Q4,https://www.realpage.com/analytics
Coral Springs,26.2707,-80.2707,2224.05,2.61,2268.53,853.0,1601.0,2046.0,2624.0,3225.0,CoStar/RealPage,2025-Q4,https://www.realpage.com/analytics
Miramar,25.986,-80.233,2061.48,2.66,2102.71,776.0,1484.0,1897.0,2433.0,2989.0,CoStar/RealPage,2025-Q4,https://www.realpage.com/analytics
Pembroke Pines,26.007,-86.1527,2236.15,2.32,2280.87,965.0,1610.0,2057.0,2639.0,3242.0,CoStar/RealPage,2025-Q4,https://www.realpage.com/analytics
Sunrise,26.167,-80.2561,2117.63,2.33,2159.98,909.0,1525.0,1948.0,2499.0,3071.0,CoStar/RealPage,2025-Q4,https://www.realpage.com/analytics
Plantation,26.1276,-80.2331,2120.39,2.09,2162.8,1015.0,1527.0,1951.0,2502.0,3075.0,CoStar/RealPage,2025-Q4,https://www.realpage.com/analytics
Davie,26.0765,-80.2521,2046.86,2.2,2087.8,931.0,1474.0,1883.0,2415.0,2968.0,CoStar/RealPage,2025-Q4,https://www.realpage.com/analytics
Weston,26.1003,-80.3998,2371.62,2.94,2419.05,806.0,1708.0,2182.0,2799.0,3439.0,CoStar/RealPage,2025-Q4,https://www.realpage.com/analytics
Deerfield Beach,26.3184,-80.0998,2110.93,2.42,2153.15,871.0,1520.0,1942.0,2491.0,3061.0,CoStar/RealPage,2025-Q4,https://www.realpage.com/analytics
Margate,26.2445,-80.2062,1869.59,1.81,1906.98,1031.0,1346.0,1720.0,2206.0,2711.0,CoStar/RealPage,2025-Q4,https://www.realpage.com/analytics
Lauderhill,26.1401,-80.2131,1795.8,1.86,1831.72,967.0,1293.0,1652.0,2119.0,2604.0,CoStar/RealPage,2025-Q4,https://www.realpage.com/analytics
Tamarac,26.2129,-80.2497,1769.67,1.89,1805.06,937.0,1274.0,1628.0,2088.0,2566.0,CoStar/RealPage,2025-Q4,https://www.realpage.com/analytics
Coconut Creek,26.2712,-80.1793,1959.43,2.16,1998.62,907.0,1411.0,1803.0,2312.0,2841.0,CoStar/RealPage,2025-Q4,https://www.realpage.com/analytics
North Miami,25.8897,-80.1868,2051.41,2.61,2092.44,787.0,1477.0,1887.0,2421.0,2975.0,CoStar/RealPage,2025-Q4,https://www.realpage.com/analytics
Miami Gardens,25.942,-80.2456,1856.11,2.11,1893.23,880.0,1336.0,1708.0,2190.0,2691.0,CoStar/RealPage,2025-Q4,https://www.realpage.com/analytics
Hialeah,25.8576,-80.2781,1868.94,1.9,1906.32,986.0,1346.0,1719.0,2205.0,2710.0,CoStar/RealPage,2025-Q4,https://www.realpage.com/analytics
Greenville SC,34.8526,-82.394,1381.7,1.76,1409.33,784.0,995.0,1271.0,1630.0,2003.0,CoStar/RealPage,2025-Q4,https://www.realpage.com/analytics
Columbia SC,34.0007,-81.0348,1281.78,1.64,1307.42,780.0,923.0,1179.0,1513.0,1859.0,CoStar/RealPage,2025-Q4,https://www.realpage.com/analytics
Spartanburg,34.9496,-81.932,1267.96,1.51,1293.32,838.0,913.0,1167.0,1496.0,1839.0,CoStar/RealPage,2025-Q4,https://www.realpage.com/analytics
Rock Hill,34.9249,-81.0251,1335.58,1.36,1362.29,983.0,962.0,1229.0,1576.0,1937.0,CoStar/RealPage,2025-Q4,https://www.realpage.com/analytics
North Charleston,32.8546,-79.9748,1640.42,1.86,1673.23,883.0,1181.0,1509.0,1936.0,2379.0,CoStar/RealPage,2025-Q4,https://www.realpage.com/analytics
Mount Pleasant,32.8323,-79.8284,2228.9,2.79,2273.48,798.0,1605.0,2051.0,2630.0,3232.0,CoStar/RealPage,2025-Q4,https://www.realpage.com/analytics
Wilmington NC,34.2257,-77.9447,1436.56,1.52,1465.29,942.0,1034.0,1322.0,1695.0,2083.0,CoStar/RealPage,2025-Q4,https://www.realpage.com/analytics
Gastonia,35.2621,-81.1873,1312.14,1.43,1338.38,918.0,945.0,1207.0,1548.0,1903.0,CoStar/RealPage,2025-Q4,https://www.realpage.com/analytics
Concord NC,35.4088,-80.5795,1406.7,1.37,1434.83,1030.0,1013.0,1294.0,1660.0,2040.0,CoStar/RealPage,2025-Q4,https://www.realpage.com/analytics
Huntersville,35.4107,-80.8429,1654.01,1.84,1687.09,897.0,1191.0,1522.0,1952.0,2398.0,CoStar/RealPage,2025-Q4,https://www.realpage.com/analytics
Mooresville,35.5746,-80.8098,1618.16,1.84,1650.52,878.0,1165.0,1489.0,1909.0,2346.0,CoStar/RealPage,2025-Q4,https://www.realpage.com/analytics
Cary,35.7915,-78.7811,1907.61,2.26,1945.76,845.0,1373.0,1755.0,2251.0,2766.0,CoStar/RealPage,2025-Q4,https://www.realpage.com/analytics
Durham,35.994,-78.8986,1752.16,1.81,1787.2,970.0,1262.0,1612.0,2068.0,2541.0,CoStar/RealPage,2025-Q4,https://www.realpage.com/analytics
Chapel Hill,35.9132,-79.0558,1875.16,2.37,1912.66,793.0,1350.0,1725.0,2213.0,2719.0,CoStar/RealPage,2025-Q4,https://www.realpage.com/analytics
Apex,35.7327,-78.8503,1884.59,2.07,1922.28,911.0,1357.0,1734.0,2224.0,2733.0,CoStar/RealPage,2025-Q4,https://www.realpage.com/analytics
Morrisville,35.8237,-78.8253,1853.26,2.31,1890.33,801.0,1334.0,1705.0,2187.0,2687.0,CoStar/RealPage,2025-Q4,https://www.realpage.com/analytics
High Point,35.9557,-80.0053,1226.18,1.42,1250.7,866.0,883.0,1128.0,1447.0,1778.0,CoStar/RealPage,2025-Q4,https://www.realpage.com/analytics
Winston-Salem,36.0999,-80.2442,1283.17,1.47,1308.83,874.0,924.0,1181.0,1514.0,1861.0,CoStar/RealPage,2025-Q4,https://www.realpage.com/analytics
Greensboro,36.0726,-79.792,1265.06,1.5,1290.36,845.0,911.0,1164.0,1493.0,1834.0,CoStar/RealPage,2025-Q4,https://www.realpage.com/analytics
Richmond VA,37.5407,-77.436,1394.2,1.45,1422.08,962.0,1004.0,1283.0,1645.0,2022.0,CoStar/RealPage,2025-Q4,https://www.realpage.com/analytics
Newport News,37.0871,-76.473,1390.43,1.62,1418.24,858.0,1001.0,1279.0,1641.0,2016.0,CoStar/RealPage,2025-Q4,https://www.realpage.com/analytics
Chesapeake,36.7682,-76.2875,1436.04,1.72,1464.76,833.0,1034.0,1321.0,1695.0,2082.0,CoStar/RealPage,2025-Q4,https://www.realpage.com/analytics
Virginia Beach,36.8529,-75.978,1526.0,1.83,1556.52,836.0,1099.0,1404.0,1801.0,2213.0,CoStar/RealPage,2025-Q4,https://www.realpage.com/analytics
Hampton,37.0299,-76.3452,1327.12,1.44,1353.66,924.0,956.0,1221.0,1566.0,1924.0,CoStar/RealPage,2025-Q4,https://www.realpage.com/analytics
Alexandria VA,38.8048,-77.0469,2395.27,2.68,2443.18,894.0,1725.0,2204.0,2826.0,3473.0,CoStar/RealPage,2025-Q4,https://www.realpage.com/analytics
Madison WI,43.0731,-89.4012,1543.63,2.01,1574.5,768.0,1111.0,1420.0,1821.0,2238.0,CoStar/RealPage,2025-Q4,https://www.realpage.com/analytics
Green Bay,44.5133,-88.0133,1096.25,1.26,1118.17,871.0,789.0,1009.0,1294.0,1590.0,CoStar/RealPage,2025-Q4,https://www.realpage.com/analytics
Kenosha,42.5847,-87.8212,1236.93,1.59,1261.67,780.0,891.0,1138.0,1460.0,1794.0,CoStar/RealPage,2025-Q4,https://www.realpage.com/analytics
Racine,42.7261,-87.7829,1177.12,1.41,1200.66,837.0,848.0,1083.0,1389.0,1707.0,CoStar/RealPage,2025-Q4,https://www.realpage.com/analytics
Appleton,44.2619,-88.4154,1183.3,1.34,1206.97,884.0,852.0,1089.0,1396.0,1716.0,CoStar/RealPage,2025-Q4,https://www.realpage.com/analytics
Eau Claire,44.8113,-91.4985,1097.67,1.17,1119.62,934.0,790.0,1010.0,1295.0,1592.0,CoStar/RealPage,2025-Q4,https://www.realpage.com/analytics
La Crosse,43.8014,-91.2396,1186.9,1.43,1210.64,828.0,855.0,1092.0,1401.0,1721.0,CoStar/RealPage,2025-Q4,https://www.realpage.com/analytics
Janesville,42.6828,-89.0187,1107.68,1.37,1129.83,811.0,798.0,1019.0,1307.0,1606.0,CoStar/RealPage,2025-Q4,https://www.realpage.com/analytics
Cedar Rapids,41.9779,-91.6656,1152.46,1.32,1175.51,872.0,830.0,1060.0,1360.0,1671.0,CoStar/RealPage,2025-Q4,https://www.realpage.com/analytics
Iowa City,41.6611,-91.5302,1279.94,1.4,1305.54,916.0,922.0,1178.0,1510.0,1856.0,CoStar/RealPage,2025-Q4,https://www.realpage.com/analytics
Sioux City,42.4999,-96.4003,1006.03,1.09,1026.15,927.0,724.0,926.0,1187.0,1459.0,CoStar/RealPage,2025-Q4,https://www.realpage.com/analytics
Waterloo,42.4928,-92.3426,1040.81,1.26,1061.63,826.0,749.0,958.0,1228.0,1509.0,CoStar/RealPage,2025-Q4,https://www.realpage.com/analytics
Ames,42.0308,-93.6319,1322.97,1.4,1349.43,946.0,953.0,1217.0,1561.0,1918.0,CoStar/RealPage,2025-Q4,https://www.realpage.com/analytics
Dubuque,42.5006,-90.6646,1143.72,1.44,1166.59,794.0,823.0,1052.0,1350.0,1658.0,CoStar/RealPage,2025-Q4,https://www.realpage.com/analytics
Olathe,38.8814,-94.8191,1422.52,1.76,1450.97,810.0,1024.0,1309.0,1679.0,2063.0,CoStar/RealPage,2025-Q4,https://www.realpage.com/analytics
Lawrence KS,38.9717,-95.2353,1321.52,1.47,1347.95,900.0,951.0,1216.0,1559.0,1916.0,CoStar/RealPage,2025-Q4,https://www.realpage.com/analytics
Shawnee,39.0228,-94.7152,1402.55,1.82,1430.6,772.0,1010.0,1290.0,1655.0,2034.0,CoStar/RealPage,2025-Q4,https://www.realpage.com/analytics
Lenexa,38.9536,-94.7336,1470.08,1.74,1499.48,846.0,1058.0,1352.0,1735.0,2132.0,CoStar/RealPage,2025-Q4,https://www.realpage.com/analytics
Lincoln NE,40.8136,-96.7026,1165.42,1.3,1188.73,899.0,839.0,1072.0,1375.0,1690.0,CoStar/RealPage,2025-Q4,https://www.realpage.com/analytics
Grand Island,40.925,-98.342,1022.57,1.22,1043.02,838.0,736.0,941.0,1207.0,1483.0,CoStar/RealPage,2025-Q4,https://www.realpage.com/analytics
Rapid City,44.0805,-103.231,1302.6,1.27,1328.65,1024.0,938.0,1198.0,1537.0,1889.0,CoStar/RealPage,2025-Q4,https://www.realpage.com/analytics
Bismarck,46.8083,-100.7837,1243.56,1.23,1268.43,1008.0,895.0,1144.0,1467.0,1803.0,CoStar/RealPage,2025-Q4,https://www.realpage.com/analytics
Grand Forks,47.9253,-97.0329,1175.75,1.33,1199.27,881.0,847.0,1082.0,1387.0,1705.0,CoStar/RealPage,2025-Q4,https://www.realpage.com/analytics
Minot,48.2325,-101.2963,1191.6,1.3,1215.43,920.0,858.0,1096.0,1406.0,1728.0,CoStar/RealPage,2025-Q4,https://www.realpage.com/analytics
Missoula,46.8721,-113.994,1542.31,1.61,1573.16,961.0,1110.0,1419.0,1820.0,2236.0,CoStar/RealPage,2025-Q4,https://www.realpage.com/analytics
Great Falls,47.5002,-111.3008,1101.6,1.17,1123.63,938.0,793.0,1013.0,1300.0,1597.0,CoStar/RealPage,2025-Q4,https://www.realpage.com/analytics
Helena MT,46.5958,-112.027,1286.43,1.28,1312.16,1004.0,926.0,1184.0,1518.0,1865.0,CoStar/RealPage,2025-Q4,https://www.realpage.com/analytics
Kalispell,48.192,-114.3168,1475.87,1.65,1505.39,892.0,1063.0,1358.0,1742.0,2140.0,CoStar/RealPage,2025-Q4,https://www.realpage.com/analytics
Casper,42.8501,-106.3252,1159.37,1.34,1182.56,864.0,835.0,1067.0,1368.0,1681.0,CoStar/RealPage,2025-Q4,https://www.realpage.com/analytics
Laramie,41.3114,-105.5911,1269.84,1.29,1295.24,984.0,914.0,1168.0,1498.0,1841.0,CoStar/RealPage,2025-Q4,https://www.realpage.com/analytics
Nampa,43.5407,-116.5635,1444.07,1.48,1472.95,973.0,1040.0,1329.0,1704.0,2094.0,CoStar/RealPage,2025-Q4,https://www.realpage.com/analytics
Meridian,43.6121,-116.3915,1443.74,1.57,1472.61,918.0,1039.0,1328.0,1704.0,2093.0,CoStar/RealPage,2025-Q4,https://www.realpage.com/analytics
Coeur d'Alene,47.6777,-116.7805,1682.26,1.86,1715.91,902.0,1211.0,1548.0,1985.0,2439.0,CoStar/RealPage,2025-Q4,https://www.realpage.com/analytics
Twin Falls,42.5629,-114.4609,1310.08,1.27,1336.28,1033.0,943.0,1205.0,1546.0,1900.0,CoStar/RealPage,2025-Q4,https://www.realpage.com/analytics
Pocatello,42.8713,-112.4455,1147.22,1.46,1170.16,786.0,826.0,1055.0,1354.0,1663.0,CoStar/RealPage,2025-Q4,https://www.realpage.com/analytics
West Valley City,40.6916,-112.001,1394.78,1.64,1422.68,852.0,1004.0,1283.0,1646.0,2022.0,CoStar/RealPage,2025-Q4,https://www.realpage.com/analytics
West Jordan,40.6097,-111.9391,1481.02,1.64,1510.64,903.0,1066.0,1363.0,1748.0,2147.0,CoStar/RealPage,2025-Q4,https://www.realpage.com/analytics
Sandy,40.5649,-111.8389,1431.43,1.85,1460.06,772.0,1031.0,1317.0,1689.0,2076.0,CoStar/RealPage,2025-Q4,https://www.realpage.com/analytics
Lehi,40.3916,-111.8507,1689.78,2.17,1723.58,779.0,1217.0,1555.0,1994.0,2450.0,CoStar/RealPage,2025-Q4,https://www.realpage.com/analytics
