city,lat,lng,mf_permits_12mo,mf_permits_prior_12mo,permit_growth_yoy_pct,single_family_permits_12mo,total_permits_12mo,data_source,as_of_date,source_url
New York,40.7128,-74.006,26056,28574,-9.0,21967,47836,US Census Bureau Building Permits Survey,2025-Q4,https://www.census.gov/construction/bps/
Los Angeles,34.0522,-118.2437,17343,16527,-6.12,16186,31625,US Census Bureau Building Permits Survey,2025-Q4,https://www.census.gov/construction/bps/
Chicago,41.8781,-87.6298,5934,5710,-7.46,5540,11085,US Census Bureau Building Permits Survey,2025-Q4,https://www.census.gov/construction/bps/
Houston,29.7604,-95.3698,12379,12393,-7.87,9920,21302,US Census Bureau Building Permits Survey,2025-Q4,https://www.census.gov/construction/bps/
Phoenix,33.4484,-112.074,19709,23739,-7.96,15214,32843,US Census Bureau Building Permits Survey,2025-Q4,https://www.census.gov/construction/bps/
Philadelphia,39.9526,-75.1652,4466,4373,-6.62,3523,8866,US Census Bureau Building Permits Survey,2025-Q4,https://www.census.gov/construction/bps/
San Antonio,29.4241,-98.4936,4622,5396,-7.46,3823,8912,US Census Bureau Building Permits Survey,2025-Q4,https://www.census.gov/construction/bps/
San Diego,32.7157,-117.1611,4467,4457,-8.07,3909,8621,US Census Bureau Building Permits Survey,2025-Q4,https://www.census.gov/construction/bps/
DFW,32.7767,-96.797,16732,16774,-4.28,13060,30896,US Census Bureau Building Permits Survey,2025-Q4,https://www.census.gov/construction/bps/
Bay Area,37.7749,-122.4194,4378,5107,-8.39,3958,8608,US Census Bureau Building Permits Survey,2025-Q4,https://www.census.gov/construction/bps/
Austin,30.2672,-97.7431,9736,10667,-7.42,7396,17238,US Census Bureau Building Permits Survey,2025-Q4,https://www.census.gov/construction/bps/
Jacksonville,30.3322,-81.6557,3821,3889,-5.66,3450,6231,US Census Bureau Building Permits Survey,2025-Q4,https://www.census.gov/construction/bps/
Columbus,39.9612,-82.9988,4271,5049,-6.0,3828,7303,US Census Bureau Building Permits Survey,2025-Q4,https://www.census.gov/construction/bps/
Charlotte,35.2271,-80.8431,8803,8479,-8.63,6701,16327,US Census Bureau Building Permits Survey,2025-Q4,https://www.census.gov/construction/bps/
Indianapolis,39.7684,-86.1581,3016,3139,-6.21,2345,5246,US Census Bureau Building Permits Survey,2025-Q4,https://www.census.gov/construction/bps/
Seattle,47.6062,-122.3321,7131,7190,-5.06,6724,13057,US Census Bureau Building Permits Survey,2025-Q4,https://www.census.gov/construction/bps/
Denver,39.7392,-104.9903,4620,5270,-7.5,4382,8416,US Census Bureau Building Permits Survey,2025-Q4,https://www.census.gov/construction/bps/
Nashville,36.1627,-86.7816,7346,7443,-4.19,6355,13830,US Census Bureau Building Permits Survey,2025-Q4,https://www.census.gov/construction/bps/
Oklahoma City,35.4676,-97.5164,2002,2208,-4.69,1535,3861,US Census Bureau Building Permits Survey,2025-Q4,https://www.census.gov/construction/bps/
El Paso,31.7619,-106.485,1138,1228,-5.8,1047,2130,US Census Bureau Building Permits Survey,2025-Q4,https://www.census.gov/construction/bps/
DC Metro,38.9072,-77.0369,7175,7913,-6.52,6197,12105,US Census Bureau Building Permits Survey,2025-Q4,https://www.census.gov/construction/bps/
Boston,42.3601,-71.0589,4719,5703,-8.08,3992,7858,US Census Bureau Building Permits Survey,2025-Q4,https://www.census.gov/construction/bps/
Las Vegas,36.1699,-115.1398,4924,5492,-4.27,4512,8038,US Census Bureau Building Permits Survey,2025-Q4,https://www.census.gov/construction/bps/
Memphis,35.1495,-90.049,1794,1796,-8.87,1365,3332,US Census Bureau Building Permits Survey,2025-Q4,https://www.census.gov/construction/bps/
Louisville,38.2527,-85.7585,1716,1967,-4.52,1436,3136,US Census Bureau Building Permits Survey,2025-Q4,https://www.census.gov/construction/bps/
Portland,45.5051,-122.675,3153,3677,-4.68,2525,5603,US Census Bureau Building Permits Survey,2025-Q4,https://www.census.gov/construction/bps/
Baltimore,39.2904,-76.6122,2774,3309,-4.42,2163,4777,US Census Bureau Building Permits Survey,2025-Q4,https://www.census.gov/construction/bps/
Milwaukee,43.0389,-87.9065,1426,1712,-6.43,1247,2581,US Census Bureau Building Permits Survey,2025-Q4,https://www.census.gov/construction/bps/
Albuquerque,35.0844,-106.6504,1343,1344,-5.95,1090,2653,US Census Bureau Building Permits Survey,2025-Q4,https://www.census.gov/construction/bps/
Tucson,32.2226,-110.9747,1453,1552,-8.68,1317,2977,US Census Bureau Building Permits Survey,2025-Q4,https://www.census.gov/construction/bps/
Central Valley,36.7783,-119.4179,1154,1311,-6.73,961,2148,US Census Bureau Building Permits Survey,2025-Q4,https://www.census.gov/construction/bps/
Sacramento,38.5816,-121.4944,2715,2767,-5.52,2249,5333,US Census Bureau Building Permits Survey,2025-Q4,https://www.census.gov/construction/bps/
Kansas City,39.0997,-94.5786,2441,2913,-3.98,2215,4626,US Census Bureau Building Permits Survey,2025-Q4,https://www.census.gov/construction/bps/
Atlanta,33.749,-84.388,9579,10778,-6.15,8349,15900,US Census Bureau Building Permits Survey,2025-Q4,https://www.census.gov/construction/bps/
Omaha,41.2565,-95.9345,1704,1767,-6.53,1579,2907,US Census Bureau Building Permits Survey,2025-Q4,https://www.census.gov/construction/bps/
Colorado Springs,38.8339,-104.8214,1915,2013,-8.98,1598,3562,US Census Bureau Building Permits Survey,2025-Q4,https://www.census.gov/construction/bps/
Raleigh-Durham,35.7796,-78.6382,5715,6185,-4.6,4583,11418,US Census Bureau Building Permits Survey,2025-Q4,https://www.census.gov/construction/bps/
Hampton Roads,36.8529,-75.978,2239,2625,-6.62,2118,4257,US Census Bureau Building Permits Survey,2025-Q4,https://www.census.gov/construction/bps/
Minneapolis,44.9778,-93.265,3551,3543,-5.24,2716,5905,US Census Bureau Building Permits Survey,2025-Q4,https://www.census.gov/construction/bps/
Tampa Bay,27.9506,-82.4572,7394,8625,-5.07,6436,13847,US Census Bureau Building Permits Survey,2025-Q4,https://www.census.gov/construction/bps/
New Orleans,29.9511,-90.0715,1917,2025,-6.97,1638,3411,US Census Bureau Building Permits Survey,2025-Q4,https://www.census.gov/construction/bps/
Richmond,37.5407,-77.436,2128,2312,-6.4,1980,3835,US Census Bureau Building Permits Survey,2025-Q4,https://www.census.gov/construction/bps/
Spokane,47.6588,-117.426,1312,1314,-6.78,1168,2622,US Census Bureau Building Permits Survey,2025-Q4,https://www.census.gov/construction/bps/
Des Moines,41.5868,-93.625,1615,1936,-4.81,1496,3083,US Census Bureau Building Permits Survey,2025-Q4,https://www.census.gov/construction/bps/
Montgomery,32.3668,-86.3,948,1006,-6.58,866,1870,US Census Bureau Building Permits Survey,2025-Q4,https://www.census.gov/construction/bps/
Inland Empire,33.9806,-117.3755,4661,5440,-8.23,4359,8675,US Census Bureau Building Permits Survey,2025-Q4,https://www.census.gov/construction/bps/
Ventura,34.2805,-119.2945,2024,2268,-4.43,1655,3854,US Census Bureau Building Permits Survey,2025-Q4,https://www.census.gov/construction/bps/
Tallahassee,30.4518,-84.2807,1139,1160,-5.71,1048,2243,US Census Bureau Building Permits Survey,2025-Q4,https://www.census.gov/construction/bps/
Huntsville,34.7304,-86.5861,1872,2055,-8.25,1696,3093,US Census Bureau Building Permits Survey,2025-Q4,https://www.census.gov/construction/bps/
Knoxville,35.9606,-83.9207,1937,2125,-4.65,1475,3693,US Census Bureau Building Permits Survey,2025-Q4,https://www.census.gov/construction/bps/
Chattanooga,35.0456,-85.3097,1490,1691,-7.08,1134,2885,US Census Bureau Building Permits Survey,2025-Q4,https://www.census.gov/construction/bps/
Fort Collins,40.5853,-105.0844,1578,1639,-6.19,1199,2904,US Census Bureau Building Permits Survey,2025-Q4,https://www.census.gov/construction/bps/
Eugene,44.0521,-123.0868,1195,1380,-4.08,1054,2366,US Census Bureau Building Permits Survey,2025-Q4,https://www.census.gov/construction/bps/
Boise,43.615,-116.2023,1401,1514,-8.22,1105,2719,US Census Bureau Building Permits Survey,2025-Q4,https://www.census.gov/construction/bps/
Sarasota,27.3364,-82.5307,1837,2027,-3.91,1641,3116,US Census Bureau Building Permits Survey,2025-Q4,https://www.census.gov/construction/bps/
Savannah,32.0835,-81.0998,1114,1136,-6.05,879,1817,US Census Bureau Building Permits Survey,2025-Q4,https://www.census.gov/construction/bps/
Charleston,32.7765,-79.9311,3027,3474,-8.31,2538,5591,US Census Bureau Building Permits Survey,2025-Q4,https://www.census.gov/construction/bps/
Salt Lake City,40.7608,-111.891,3462,3496,-4.68,2707,6491,US Census Bureau Building Permits Survey,2025-Q4,https://www.census.gov/construction/bps/
Greenville,34.8526,-82.394,1713,1982,-5.96,1528,2850,US Census Bureau Building Permits Survey,2025-Q4,https://www.census.gov/construction/bps/
Asheville,35.5951,-82.5515,1262,1448,-6.14,1151,2172,US Census Bureau Building Permits Survey,2025-Q4,https://www.census.gov/construction/bps/
Wilmington,34.2257,-77.9447,1364,1506,-5.26,1106,2541,US Census Bureau Building Permits Survey,2025-Q4,https://www.census.gov/construction/bps/
Fayetteville,35.0527,-78.8784,1347,1549,-7.53,1056,2463,US Census Bureau Building Permits Survey,2025-Q4,https://www.census.gov/construction/bps/
Fayetteville AR,36.0626,-94.1574,1695,2005,-4.88,1488,3097,US Census Bureau Building Permits Survey,2025-Q4,https://www.census.gov/construction/bps/
Reno,39.5296,-119.8138,1929,2314,-6.62,1726,3388,US Census Bureau Building Permits Survey,2025-Q4,https://www.census.gov/construction/bps/
Baton Rouge,30.4515,-91.1871,1622,1883,-8.58,1308,3138,US Census Bureau Building Permits Survey,2025-Q4,https://www.census.gov/construction/bps/
Lafayette,30.2241,-92.0198,1186,1418,-8.0,940,2436,US Census Bureau Building Permits Survey,2025-Q4,https://www.census.gov/construction/bps/
Lake Charles,30.2266,-93.2174,951,1130,-6.58,786,1951,US Census Bureau Building Permits Survey,2025-Q4,https://www.census.gov/construction/bps/
Shreveport,32.5252,-93.7502,1065,1217,-6.55,890,1827,US Census Bureau Building Permits Survey,2025-Q4,https://www.census.gov/construction/bps/
Corpus Christi,27.8006,-97.3964,1099,1144,-7.28,1023,1843,US Census Bureau Building Permits Survey,2025-Q4,https://www.census.gov/construction/bps/
Lubbock,33.5779,-101.8552,1088,1278,-7.16,840,1996,US Census Bureau Building Permits Survey,2025-Q4,https://www.census.gov/construction/bps/
Wichita,37.6872,-97.3301,1133,1099,-7.27,1025,2144,US Census Bureau Building Permits Survey,2025-Q4,https://www.census.gov/construction/bps/
Tulsa,36.154,-95.9928,1306,1429,-8.96,1154,2639,US Census Bureau Building Permits Survey,2025-Q4,https://www.census.gov/construction/bps/
Sioux Falls,43.5446,-96.7311,1073,1296,-7.0,934,2034,US Census Bureau Building Permits Survey,2025-Q4,https://www.census.gov/construction/bps/
Fargo,46.8772,-96.7898,1215,1422,-4.89,1069,2364,US Census Bureau Building Permits Survey,2025-Q4,https://www.census.gov/construction/bps/
Billings,45.7833,-108.5007,992,1110,-4.11,744,1946,US Census Bureau Building Permits Survey,2025-Q4,https://www.census.gov/construction/bps/
Bozeman,45.677,-111.0429,1331,1483,-5.24,1242,2231,US Census Bureau Building Permits Survey,2025-Q4,https://www.census.gov/construction/bps/
Cheyenne,41.14,-104.8202,903,889,-8.48,772,1849,US Census Bureau Building Permits Survey,2025-Q4,https://www.census.gov/construction/bps/
Idaho Falls,43.4917,-112.0408,1030,1065,-7.08,798,1854,US Census Bureau Building Permits Survey,2025-Q4,https://www.census.gov/construction/bps/
Provo,40.2338,-111.6585,2067,2122,-4.79,1601,3508,US Census Bureau Building Permits Survey,2025-Q4,https://www.census.gov/construction/bps/
Ogden,41.223,-111.9738,1419,1663,-5.75,1195,2460,US Census Bureau Building Permits Survey,2025-Q4,https://www.census.gov/construction/bps/
St. George,37.0965,-113.5684,1544,1804,-4.01,1422,2602,US Census Bureau Building Permits Survey,2025-Q4,https://www.census.gov/construction/bps/
Carson City,39.1638,-119.7674,1016,1009,-5.7,820,1707,US Census Bureau Building Permits Survey,2025-Q4,https://www.census.gov/construction/bps/
Santa Fe,35.687,-105.9378,1017,1148,-6.87,898,1750,US Census Bureau Building Permits Survey,2025-Q4,https://www.census.gov/construction/bps/
Las Cruces,32.3199,-106.7637,829,837,-5.67,633,1369,US Census Bureau Building Permits Survey,2025-Q4,https://www.census.gov/construction/bps/
Yuma,32.6927,-114.6277,787,894,-7.89,649,1342,US Census Bureau Building Permits Survey,2025-Q4,https://www.census.gov/construction/bps/
Flagstaff,35.1983,-111.6513,1337,1435,-6.46,1231,2283,US Census Bureau Building Permits Survey,2025-Q4,https://www.census.gov/construction/bps/
Prescott,34.54,-112.4685,1190,1201,-6.43,968,2046,US Census Bureau Building Permits Survey,2025-Q4,https://www.census.gov/construction/bps/
Medford,42.3265,-122.8756,894,1050,-7.87,716,1701,US Census Bureau Building Permits Survey,2025-Q4,https://www.census.gov/construction/bps/
Bend,44.0582,-121.3153,1327,1509,-5.2,1026,2349,US Census Bureau Building Permits Survey,2025-Q4,https://www.census.gov/construction/bps/
Corvallis,44.5646,-123.262,932,1109,-4.77,703,1522,US Census Bureau Building Permits Survey,2025-Q4,https://www.census.gov/construction/bps/
Salem,44.9429,-123.0351,1160,1195,-5.64,875,2071,US Census Bureau Building Permits Survey,2025-Q4,https://www.census.gov/construction/bps/
Bellingham,48.7519,-122.4787,1217,1216,-8.51,1062,2513,US Census Bureau Building Permits Survey,2025-Q4,https://www.census.gov/construction/bps/
Yakima,46.6021,-120.5059,776,898,-4.33,730,1289,US Census Bureau Building Permits Survey,2025-Q4,https://www.census.gov/construction/bps/
Olympia,47.0379,-122.9007,1087,1151,-4.55,966,2043,US Census Bureau Building Permits Survey,2025-Q4,https://www.census.gov/construction/bps/
Tri-Cities,46.2396,-119.1006,1300,1450,-7.24,1057,2119,US Census Bureau Building Permits Survey,2025-Q4,https://www.census.gov/construction/bps/
Vancouver,45.6387,-122.6615,1865,2184,-8.32,1669,3052,US Census Bureau Building Permits Survey,2025-Q4,https://www.census.gov/construction/bps/
Everett,47.979,-122.2021,2108,2125,-6.34,1871,3835,US Census Bureau Building Permits Survey,2025-Q4,https://www.census.gov/construction/bps/
Tacoma,47.2529,-122.4443,2556,3050,-4.83,2226,4194,US Census Bureau Building Permits Survey,2025-Q4,https://www.census.gov/construction/bps/
Bellevue,47.6101,-122.2015,3137,3303,-5.33,2371,5792,US Census Bureau Building Permits Survey,2025-Q4,https://www.census.gov/construction/bps/
Bradenton,27.4989,-82.5748,1173,1143,-4.06,961,2036,US Census Bureau Building Permits Survey,2025-Q4,https://www.census.gov/construction/bps/
Lakeland,28.0395,-81.9498,997,1126,-9.02,810,1848,US Census Bureau Building Permits Survey,2025-Q4,https://www.census.gov/construction/bps/
Fort Myers,26.6406,-81.8723,2055,2358,-7.29,1798,3876,US Census Bureau Building Permits Survey,2025-Q4,https://www.census.gov/construction/bps/
Naples,26.142,-81.7948,1361,1516,-5.23,1169,2574,US Census Bureau Building Permits Survey,2025-Q4,https://www.census.gov/construction/bps/
Ocala,29.1872,-82.1401,872,850,-5.41,802,1616,US Census Bureau Building Permits Survey,2025-Q4,https://www.census.gov/construction/bps/
Palm Beach,26.7056,-80.0364,3309,3975,-4.41,2654,6062,US Census Bureau Building Permits Survey,2025-Q4,https://www.census.gov/construction/bps/
Miami,25.7617,-80.1918,9283,9910,-7.96,8528,17869,US Census Bureau Building Permits Survey,2025-Q4,https://www.census.gov/construction/bps/
Daytona,29.2108,-81.0228,1078,1182,-7.62,823,1927,US Census Bureau Building Permits Survey,2025-Q4,https://www.census.gov/construction/bps/
Melbourne,28.0836,-80.6081,1297,1328,-6.51,1035,2386,US Census Bureau Building Permits Survey,2025-Q4,https://www.census.gov/construction/bps/
Gainesville,29.6516,-82.3248,1146,1204,-7.71,974,1990,US Census Bureau Building Permits Survey,2025-Q4,https://www.census.gov/construction/bps/
Port St. Lucie,27.273,-80.3582,2102,2046,-6.28,1690,4162,US Census Bureau Building Permits Survey,2025-Q4,https://www.census.gov/construction/bps/
Pensacola,30.4213,-87.2169,1170,1382,-6.08,1059,2317,US Census Bureau Building Permits Survey,2025-Q4,https://www.census.gov/construction/bps/
Macon,32.8407,-83.6324,825,938,-6.28,722,1405,US Census Bureau Building Permits Survey,2025-Q4,https://www.census.gov/construction/bps/
Augusta,33.4735,-82.0105,1255,1326,-8.81,1063,2412,US Census Bureau Building Permits Survey,2025-Q4,https://www.census.gov/construction/bps/
Columbus GA,32.461,-84.9877,970,1143,-6.22,789,1814,US Census Bureau Building Permits Survey,2025-Q4,https://www.census.gov/construction/bps/
Athens,33.9519,-83.3576,1074,1041,-7.95,843,1799,US Census Bureau Building Permits Survey,2025-Q4,https://www.census.gov/construction/bps/
Valdosta,30.8327,-83.2785,884,918,-5.22,751,1773,US Census Bureau Building Permits Survey,2025-Q4,https://www.census.gov/construction/bps/
Birmingham,33.5186,-86.8104,1298,1355,-6.96,1087,2249,US Census Bureau Building Permits Survey,2025-Q4,https://www.census.gov/construction/bps/
Mobile,30.6954,-88.0399,1081,1191,-7.36,825,1842,US Census Bureau Building Permits Survey,2025-Q4,https://www.census.gov/construction/bps/
Tuscaloosa,33.2098,-87.5692,1271,1301,-8.4,1204,2379,US Census Bureau Building Permits Survey,2025-Q4,https://www.census.gov/construction/bps/
Dothan,31.2232,-85.3905,848,827,-4.33,682,1606,US Census Bureau Building Permits Survey,2025-Q4,https://www.census.gov/construction/bps/
Auburn,32.6099,-85.4808,1290,1249,-4.79,968,2591,US Census Bureau Building Permits Survey,2025-Q4,https://www.census.gov/construction/bps/
Jackson,32.2988,-90.1848,915,909,-8.93,708,1678,US Census Bureau Building Permits Survey,2025-Q4,https://www.census.gov/construction/bps/
Gulfport,30.3674,-89.0928,889,962,-4.66,815,1491,US Census Bureau Building Permits Survey,2025-Q4,https://www.census.gov/construction/bps/
Hattiesburg,31.3271,-89.2903,918,1011,-6.82,859,1688,US Census Bureau Building Permits Survey,2025-Q4,https://www.census.gov/construction/bps/
Starkville,33.4504,-88.8184,913,1019,-5.75,842,1558,US Census Bureau Building Permits Survey,2025-Q4,https://www.census.gov/construction/bps/
Little Rock,34.7465,-92.2896,1193,1414,-8.87,964,2190,US Census Bureau Building Permits Survey,2025-Q4,https://www.census.gov/construction/bps/
Fort Smith,35.3859,-94.3985,849,893,-5.18,645,1420,US Census Bureau Building Permits Survey,2025-Q4,https://www.census.gov/construction/bps/
Jonesboro,35.8423,-90.7043,855,970,-7.46,811,1608,US Census Bureau Building Permits Survey,2025-Q4,https://www.census.gov/construction/bps/
Springdale,36.1867,-94.1288,1367,1408,-6.3,1167,2809,US Census Bureau Building Permits Survey,2025-Q4,https://www.census.gov/construction/bps/
Rogers,36.332,-94.1185,1942,1945,-5.64,1693,3303,US Census Bureau Building Permits Survey,2025-Q4,https://www.census.gov/construction/bps/
Bentonville,36.3729,-94.2088,2125,2156,-8.88,1863,3743,US Census Bureau Building Permits Survey,2025-Q4,https://www.census.gov/construction/bps/
Clarksville,36.5298,-87.3595,1339,1539,-8.46,1170,2760,US Census Bureau Building Permits Survey,2025-Q4,https://www.census.gov/construction/bps/
Johnson City,36.3134,-82.3535,1013,1188,-5.43,830,2002,US Census Bureau Building Permits Survey,2025-Q4,https://www.census.gov/construction/bps/
Kingsport,36.5484,-82.5618,1053,1027,-7.04,854,2129,US Census Bureau Building Permits Survey,2025-Q4,https://www.census.gov/construction/bps/
Jackson TN,35.6145,-88.8139,1092,1212,-4.92,969,2239,US Census Bureau Building Permits Survey,2025-Q4,https://www.census.gov/construction/bps/
Franklin,35.9251,-86.8689,1701,1630,-6.4,1608,3436,US Census Bureau Building Permits Survey,2025-Q4,https://www.census.gov/construction/bps/
Brentwood,36.0331,-86.7828,1271,1271,-8.41,976,2548,US Census Bureau Building Permits Survey,2025-Q4,https://www.census.gov/construction/bps/
Murfreesboro,35.8456,-86.3903,1992,2005,-7.37,1855,4042,US Census Bureau Building Permits Survey,2025-Q4,https://www.census.gov/construction/bps/
Smyrna,35.9829,-86.5186,1378,1353,-5.69,1211,2716,US Census Bureau Building Permits Survey,2025-Q4,https://www.census.gov/construction/bps/
Spring Hill,35.7512,-86.93,2081,2084,-6.72,1882,4126,US Census Bureau Building Permits Survey,2025-Q4,https://www.census.gov/construction/bps/
Bowling Green,36.9685,-86.4808,1279,1318,-4.94,1069,2122,US Census Bureau Building Permits Survey,2025-Q4,https://www.census.gov/construction/bps/
Lexington,38.0406,-84.5037,1758,2065,-4.8,1635,2924,US Census Bureau Building Permits Survey,2025-Q4,https://www.census.gov/construction/bps/
Evansville,37.9716,-87.5711,1032,998,-4.82,870,1901,US Census Bureau Building Permits Survey,2025-Q4,https://www.census.gov/construction/bps/
South Bend,41.6764,-86.252,977,1165,-7.26,850,1921,US Census Bureau Building Permits Survey,2025-Q4,https://www.census.gov/construction/bps/
Fort Wayne,41.1306,-85.1289,1302,1539,-4.13,1138,2389,US Census Bureau Building Permits Survey,2025-Q4,https://www.census.gov/construction/bps/
Grand Rapids,42.9634,-85.6681,1858,2215,-8.43,1596,3116,US Census Bureau Building Permits Survey,2025-Q4,https://www.census.gov/construction/bps/
Ann Arbor,42.2808,-83.743,1355,1580,-9.02,1173,2492,US Census Bureau Building Permits Survey,2025-Q4,https://www.census.gov/construction/bps/
Lansing,42.7325,-84.5555,1215,1246,-7.61,978,2445,US Census Bureau Building Permits Survey,2025-Q4,https://www.census.gov/construction/bps/
Kalamazoo,42.2917,-85.5872,1146,1146,-6.22,1090,1960,US Census Bureau Building Permits Survey,2025-Q4,https://www.census.gov/construction/bps/
Flint,43.0125,-83.6875,594,686,-5.99,534,1091,US Census Bureau Building Permits Survey,2025-Q4,https://www.census.gov/construction/bps/
Detroit,42.3314,-83.0458,2457,2695,-6.75,2063,4315,US Census Bureau Building Permits Survey,2025-Q4,https://www.census.gov/construction/bps/
Toledo,41.6639,-83.5552,881,922,-8.76,709,1619,US Census Bureau Building Permits Survey,2025-Q4,https://www.census.gov/construction/bps/
Akron,41.0814,-81.519,994,1189,-5.63,823,2056,US Census Bureau Building Permits Survey,2025-Q4,https://www.census.gov/construction/bps/
Dayton,39.7589,-84.1916,990,943,-5.08,829,1620,US Census Bureau Building Permits Survey,2025-Q4,https://www.census.gov/construction/bps/
Cincinnati,39.1031,-84.512,2744,3268,-6.22,2087,4486,US Census Bureau Building Permits Survey,2025-Q4,https://www.census.gov/construction/bps/
Cleveland,41.4993,-81.6944,2037,2380,-8.06,1886,3372,US Census Bureau Building Permits Survey,2025-Q4,https://www.census.gov/construction/bps/
Pittsburgh,40.4406,-79.9959,2216,2618,-9.05,1988,3931,US Census Bureau Building Permits Survey,2025-Q4,https://www.census.gov/construction/bps/
Providence,41.824,-71.4128,2080,2246,-4.24,1957,4303,US Census Bureau Building Permits Survey,2025-Q4,https://www.census.gov/construction/bps/
Hartford,41.7658,-72.6851,1531,1680,-6.81,1303,2507,US Census Bureau Building Permits Survey,2025-Q4,https://www.census.gov/construction/bps/
Bridgeport,41.1865,-73.1952,1268,1323,-5.99,1053,2079,US Census Bureau Building Permits Survey,2025-Q4,https://www.census.gov/construction/bps/
Springfield MA,42.1015,-72.5898,1137,1294,-8.34,871,2037,US Census Bureau Building Permits Survey,2025-Q4,https://www.census.gov/construction/bps/
Worcester,42.2626,-71.8023,1730,2030,-5.83,1376,3261,US Census Bureau Building Permits Survey,2025-Q4,https://www.census.gov/construction/bps/
Syracuse,43.0481,-76.1474,1248,1303,-6.94,1186,2333,US Census Bureau Building Permits Survey,2025-Q4,https://www.census.gov/construction/bps/
Rochester,43.1566,-77.6088,1305,1573,-6.27,1242,2522,US Census Bureau Building Permits Survey,2025-Q4,https://www.census.gov/construction/bps/
Albany,42.6526,-73.7562,1522,1487,-8.93,1330,2633,US Census Bureau Building Permits Survey,2025-Q4,https://www.census.gov/construction/bps/
Buffalo,42.8864,-78.8784,1259,1233,-8.03,1122,2324,US Census Bureau Building Permits Survey,2025-Q4,https://www.census.gov/construction/bps/
Yonkers,40.9312,-73.8988,2023,1935,-5.74,1869,3599,US Census Bureau Building Permits Survey,2025-Q4,https://www.census.gov/construction/bps/
Newark,40.7357,-74.1724,2322,2508,-8.87,1973,4109,US Census Bureau Building Permits Survey,2025-Q4,https://www.census.gov/construction/bps/
Paterson,40.9168,-74.1719,1524,1538,-6.77,1214,2891,US Census Bureau Building Permits Survey,2025-Q4,https://www.census.gov/construction/bps/
Anchorage,61.2181,-149.9003,1251,1222,-7.84,1183,2277,US Census Bureau Building Permits Survey,2025-Q4,https://www.census.gov/construction/bps/
Honolulu,21.3069,-157.8583,1703,1846,-4.58,1312,3248,US Census Bureau Building Permits Survey,2025-Q4,https://www.census.gov/construction/bps/
Wichita Falls,33.9137,-98.4934,799,811,-8.62,618,1487,US Census Bureau Building Permits Survey,2025-Q4,https://www.census.gov/construction/bps/
Midland,31.9973,-102.0779,1278,1363,-9.1,1183,2481,US Census Bureau Building Permits Survey,2025-Q4,https://www.census.gov/construction/bps/
Odessa,31.8457,-102.3676,914,926,-5.5,759,1856,US Census Bureau Building Permits Survey,2025-Q4,https://www.census.gov/construction/bps/
Tyler,32.3513,-95.3011,900,891,-5.53,684,1653,US Census Bureau Building Permits Survey,2025-Q4,https://www.census.gov/construction/bps/
Waco,31.5493,-97.1467,1334,1384,-7.83,1111,2188,US Census Bureau Building Permits Survey,2025-Q4,https://www.census.gov/construction/bps/
Beaumont,30.086,-94.1018,990,1007,-4.34,832,1898,US Census Bureau Building Permits Survey,2025-Q4,https://www.census.gov/construction/bps/
Abilene,32.4487,-99.7331,749,720,-5.66,630,1467,US Census Bureau Building Permits Survey,2025-Q4,https://www.census.gov/construction/bps/
Laredo,27.5306,-99.4803,822,828,-5.42,730,1634,US Census Bureau Building Permits Survey,2025-Q4,https://www.census.gov/construction/bps/
McAllen,26.2034,-98.23,1094,1310,-9.05,849,2107,US Census Bureau Building Permits Survey,2025-Q4,https://www.census.gov/construction/bps/
Brownsville,25.9017,-97.4975,908,997,-8.56,813,1608,US Census Bureau Building Permits Survey,2025-Q4,https://www.census.gov/construction/bps/
Killeen,31.1171,-97.7278,1184,1314,-8.04,932,2020,US Census Bureau Building Permits Survey,2025-Q4,https://www.census.gov/construction/bps/
Bryan-College Station,30.628,-96.3344,1257,1291,-7.67,996,2551,US Census Bureau Building Permits Survey,2025-Q4,https://www.census.gov/construction/bps/
Victoria,28.8053,-97.0036,775,903,-9.05,698,1345,US Census Bureau Building Permits Survey,2025-Q4,https://www.census.gov/construction/bps/
Longview,32.5007,-94.7405,950,949,-7.09,778,1936,US Census Bureau Building Permits Survey,2025-Q4,https://www.census.gov/construction/bps/
Nacogdoches,31.6035,-94.6552,869,851,-7.97,661,1603,US Census Bureau Building Permits Survey,2025-Q4,https://www.census.gov/construction/bps/
Lufkin,31.3382,-94.7291,920,1030,-7.27,830,1875,US Census Bureau Building Permits Survey,2025-Q4,https://www.census.gov/construction/bps/
Huntsville TX,30.7235,-95.5508,944,1121,-7.47,735,1866,US Census Bureau Building Permits Survey,2025-Q4,https://www.census.gov/construction/bps/
Texarkana,33.4251,-94.0477,887,920,-7.01,728,1465,US Census Bureau Building Permits Survey,2025-Q4,https://www.census.gov/construction/bps/
Paris TX,33.6609,-95.5555,865,832,-8.68,787,1533,US Census Bureau Building Permits Survey,2025-Q4,https://www.census.gov/construction/bps/
Amarillo,35.222,-101.8313,1094,1210,-4.48,929,2050,US Census Bureau Building Permits Survey,2025-Q4,https://www.census.gov/construction/bps/
Deltona,28.9005,-81.2637,1382,1627,-8.56,1049,2621,US Census Bureau Building Permits Survey,2025-Q4,https://www.census.gov/construction/bps/
Daytona Beach,29.2108,-81.0228,1306,1505,-5.5,1094,2244,US Census Bureau Building Permits Survey,2025-Q4,https://www.census.gov/construction/bps/
Kissimmee,28.2919,-81.4076,1990,2086,-7.71,1655,3406,US Census Bureau Building Permits Survey,2025-Q4,https://www.census.gov/construction/bps/
Sanford,28.8005,-81.2731,1398,1380,-4.53,1104,2629,US Census Bureau Building Permits Survey,2025-Q4,https://www.census.gov/construction/bps/
Clearwater,27.9659,-82.8001,1752,1981,-4.92,1340,2965,US Census Bureau Building Permits Survey,2025-Q4,https://www.census.gov/construction/bps/
Cape Coral,26.5629,-81.9495,1968,1993,-7.5,1639,3427,US Census Bureau Building Permits Survey,2025-Q4,https://www.census.gov/construction/bps/
Homestead,25.4687,-80.4776,1328,1336,-7.2,1231,2561,US Census Bureau Building Permits Survey,2025-Q4,https://www.census.gov/construction/bps/
Doral,25.8195,-80.3556,2489,2506,-7.38,1952,4066,US Census Bureau Building Permits Survey,2025-Q4,https://www.census.gov/construction/bps/
Aventura,25.9565,-80.1392,1970,2189,-8.12,1601,3423,US Census Bureau Building Permits Survey,2025-Q4,https://www.census.gov/construction/bps/
Boca Raton,26.3683,-80.1289,2436,2410,-7.79,1830,4811,US Census Bureau Building Permits Survey,2025-Q4,https://www.census.gov/construction/bps/
West Palm Beach,26.7153,-80.0534,2980,3448,-4.7,2781,6117,US Census Bureau Building Permits Survey,2025-Q4,https://www.census.gov/construction/bps/
Delray Beach,26.4615,-80.0728,2079,2035,-7.66,1840,3677,US Census Bureau Building Permits Survey,2025-Q4,https://www.census.gov/construction/bps/
Boynton Beach,26.5317,-80.0905,1837,1770,-6.33,1652,3421,US Census Bureau Building Permits Survey,2025-Q4,https://www.census.gov/construction/bps/
Pompano Beach,26.2379,-80.1248,2015,2328,-8.71,1762,3510,US Census Bureau Building Permits Survey,2025-Q4,https://www.census.gov/construction/bps/
Hollywood,26.0112,-80.1495,1995,1953,-6.25,1569,3594,US Census Bureau Building Permits Survey,2025-Q4,https://www.census.gov/construction/bps/
Coral Springs,26.2707,-80.2707,1959,1906,-4.34,1643,3633,US Census Bureau Building Permits Survey,2025-Q4,https://www.census.gov/construction/bps/
Miramar,25.986,-80.233,1907,2016,-4.64,1790,3402,US Census Bureau Building Permits Survey,2025-Q4,https://www.census.gov/construction/bps/
Pembroke Pines,26.007,-86.1527,1890,2122,-7.84,1789,3746,US Census Bureau Building Permits Survey,2025-Q4,https://www.census.gov/construction/bps/
Sunrise,26.167,-80.2561,1918,1892,-4.82,1719,3815,US Census Bureau Building Permits Survey,2025-Q4,https://www.census.gov/construction/bps/
Plantation,26.1276,-80.2331,2050,2170,-7.03,1693,3449,US Census Bureau Building Permits Survey,2025-Q4,https://www.census.gov/construction/bps/
Davie,26.0765,-80.2521,1817,1863,-6.09,1403,3586,US Census Bureau Building Permits Survey,2025-Q4,https://www.census.gov/construction/bps/
Weston,26.1003,-80.3998,1483,1563,-5.89,1329,2581,US Census Bureau Building Permits Survey,2025-Q4,https://www.census.gov/construction/bps/
Deerfield Beach,26.3184,-80.0998,1989,1955,-6.56,1602,3631,US Census Bureau Building Permits Survey,2025-Q4,https://www.census.gov/construction/bps/
Margate,26.2445,-80.2062,1488,1741,-5.94,1296,3012,US Census Bureau Building Permits Survey,2025-Q4,https://www.census.gov/construction/bps/
Lauderhill,26.1401,-80.2131,1277,1530,-6.4,1026,2595,US Census Bureau Building Permits Survey,2025-Q4,https://www.census.gov/construction/bps/
Tamarac,26.2129,-80.2497,1355,1581,-4.92,1253,2372,US Census Bureau Building Permits Survey,2025-Q4,https://www.census.gov/construction/bps/
Coconut Creek,26.2712,-80.1793,1352,1589,-4.93,1269,2586,US Census Bureau Building Permits Survey,2025-Q4,https://www.census.gov/construction/bps/
North Miami,25.8897,-80.1868,2100,2520,-6.52,1647,3707,US Census Bureau Building Permits Survey,2025-Q4,https://www.census.gov/construction/bps/
Miami Gardens,25.942,-80.2456,1371,1595,-8.1,1126,2685,US Census Bureau Building Permits Survey,2025-Q4,https://www.census.gov/construction/bps/
Hialeah,25.8576,-80.2781,1257,1472,-6.78,1097,2212,US Census Bureau Building Permits Survey,2025-Q4,https://www.census.gov/construction/bps/
Greenville SC,34.8526,-82.394,2067,2186,-7.02,1941,4258,US Census Bureau Building Permits Survey,2025-Q4,https://www.census.gov/construction/bps/
Columbia SC,34.0007,-81.0348,1830,2004,-4.66,1589,3749,US Census Bureau Building Permits Survey,2025-Q4,https://www.census.gov/construction/bps/
Spartanburg,34.9496,-81.932,1440,1478,-3.97,1174,2875,US Census Bureau Building Permits Survey,2025-Q4,https://www.census.gov/construction/bps/
Rock Hill,34.9249,-81.0251,1632,1794,-5.69,1388,3374,US Census Bureau Building Permits Survey,2025-Q4,https://www.census.gov/construction/bps/
North Charleston,32.8546,-79.9748,1980,2066,-5.45,1633,4060,US Census Bureau Building Permits Survey,2025-Q4,https://www.census.gov/construction/bps/
Mount Pleasant,32.8323,-79.8284,1751,2035,-8.79,1590,3084,US Census Bureau Building Permits Survey,2025-Q4,https://www.census.gov/construction/bps/
Wilmington NC,34.2257,-77.9447,1249,1352,-4.83,1046,2424,US Census Bureau Building Permits Survey,2025-Q4,https://www.census.gov/construction/bps/
Gastonia,35.2621,-81.1873,1228,1227,-5.62,1151,2238,US Census Bureau Building Permits Survey,2025-Q4,https://www.census.gov/construction/bps/
Concord NC,35.4088,-80.5795,1454,1426,-4.09,1323,2598,US Census Bureau Building Permits Survey,2025-Q4,https://www.census.gov/construction/bps/
Huntersville,35.4107,-80.8429,2100,2268,-7.37,1574,3601,US Census Bureau Building Permits Survey,2025-Q4,https://www.census.gov/construction/bps/
Mooresville,35.5746,-80.8098,1906,1887,-7.45,1625,3839,US Census Bureau Building Permits Survey,2025-Q4,https://www.census.gov/construction/bps/
Cary,35.7915,-78.7811,1781,1988,-5.82,1352,3347,US Census Bureau Building Permits Survey,2025-Q4,https://www.census.gov/construction/bps/
Durham,35.994,-78.8986,2554,2629,-7.5,2042,4366,US Census Bureau Building Permits Survey,2025-Q4,https://www.census.gov/construction/bps/
Chapel Hill,35.9132,-79.0558,1479,1735,-6.15,1354,2626,US Census Bureau Building Permits Survey,2025-Q4,https://www.census.gov/construction/bps/
Apex,35.7327,-78.8503,2137,2175,-9.05,1686,4269,US Census Bureau Building Permits Survey,2025-Q4,https://www.census.gov/construction/bps/
Morrisville,35.8237,-78.8253,2029,2111,-6.67,1660,3894,US Census Bureau Building Permits Survey,2025-Q4,https://www.census.gov/construction/bps/
High Point,35.9557,-80.0053,1347,1572,-8.01,1257,2474,US Census Bureau Building Permits Survey,2025-Q4,https://www.census.gov/construction/bps/
Winston-Salem,36.0999,-80.2442,1458,1722,-7.8,1358,2732,US Census Bureau Building Permits Survey,2025-Q4,https://www.census.gov/construction/bps/
Greensboro,36.0726,-79.792,1809,2005,-6.03,1382,2993,US Census Bureau Building Permits Survey,2025-Q4,https://www.census.gov/construction/bps/
Richmond VA,37.5407,-77.436,2498,2505,-5.62,1949,4875,US Census Bureau Building Permits Survey,2025-Q4,https://www.census.gov/construction/bps/
Newport News,37.0871,-76.473,1367,1461,-6.59,1114,2260,US Census Bureau Building Permits Survey,2025-Q4,https://www.census.gov/construction/bps/
Chesapeake,36.7682,-76.2875,2138,2299,-8.67,1801,3771,US Census Bureau Building Permits Survey,2025-Q4,https://www.census.gov/construction/bps/
Virginia Beach,36.8529,-75.978,2064,1998,-8.72,1688,3717,US Census Bureau Building Permits Survey,2025-Q4,https://www.census.gov/construction/bps/
Hampton,37.0299,-76.3452,1307,1555,-4.0,1090,2256,US Census Bureau Building Permits Survey,2025-Q4,https://www.census.gov/construction/bps/
Alexandria VA,38.8048,-77.0469,2219,2347,-7.99,2056,4516,US Census Bureau Building Permits Survey,2025-Q4,https://www.census.gov/construction/bps/
Madison WI,43.0731,-89.4012,2021,2304,-5.71,1915,4071,US Census Bureau Building Permits Survey,2025-Q4,https://www.census.gov/construction/bps/
Green Bay,44.5133,-88.0133,1335,1482,-7.99,1009,2546,US Census Bureau Building Permits Survey,2025-Q4,https://www.census.gov/construction/bps/
Kenosha,42.5847,-87.8212,1102,1320,-4.51,947,2009,US Census Bureau Building Permits Survey,2025-Q4,https://www.census.gov/construction/bps/
Racine,42.7261,-87.7829,945,979,-6.26,756,1667,US Census Bureau Building Permits Survey,2025-Q4,https://www.census.gov/construction/bps/
Appleton,44.2619,-88.4154,1320,1509,-7.09,1141,2597,US Census Bureau Building Permits Survey,2025-Q4,https://www.census.gov/construction/bps/
Eau Claire,44.8113,-91.4985,1091,1227,-6.68,938,1781,US Census Bureau Building Permits Survey,2025-Q4,https://www.census.gov/construction/bps/
La Crosse,43.8014,-91.2396,886,903,-4.78,755,1633,US Census Bureau Building Permits Survey,2025-Q4,https://www.census.gov/construction/bps/
Janesville,42.6828,-89.0187,895,981,-6.14,756,1809,US Census Bureau Building Permits Survey,2025-Q4,https://www.census.gov/construction/bps/
Cedar Rapids,41.9779,-91.6656,1094,1206,-4.28,926,2162,US Census Bureau Building Permits Survey,2025-Q4,https://www.census.gov/construction/bps/
Iowa City,41.6611,-91.5302,1226,1343,-8.74,937,2479,US Census Bureau Building Permits Survey,2025-Q4,https://www.census.gov/construction/bps/
Sioux City,42.4999,-96.4003,1069,1204,-7.03,979,1788,US Census Bureau Building Permits Survey,2025-Q4,https://www.census.gov/construction/bps/
Waterloo,42.4928,-92.3426,747,870,-4.39,569,1435,US Census Bureau Building Permits Survey,2025-Q4,https://www.census.gov/construction/bps/
Ames,42.0308,-93.6319,1113,1246,-4.93,911,2166,US Census Bureau Building Permits Survey,2025-Q4,https://www.census.gov/construction/bps/
Dubuque,42.5006,-90.6646,990,1019,-7.08,801,1701,US Census Bureau Building Permits Survey,2025-Q4,https://www.census.gov/construction/bps/
Olathe,38.8814,-94.8191,1912,2257,-8.8,1757,3442,US Census Bureau Building Permits Survey,2025-Q4,https://www.census.gov/construction/bps/
Lawrence KS,38.9717,-95.2353,1092,1283,-7.62,1034,2083,US Census Bureau Building Permits Survey,2025-Q4,https://www.census.gov/construction/bps/
Shawnee,39.0228,-94.7152,1946,1947,-5.73,1843,3850,US Census Bureau Building Permits Survey,2025-Q4,https://www.census.gov/construction/bps/
Lenexa,38.9536,-94.7336,1833,2029,-4.33,1537,3180,US Census Bureau Building Permits Survey,2025-Q4,https://www.census.gov/construction/bps/
Lincoln NE,40.8136,-96.7026,1652,1934,-4.1,1489,3059,US Census Bureau Building Permits Survey,2025-Q4,https://www.census.gov/construction/bps/
Grand Island,40.925,-98.342,861,996,-7.14,681,1729,US Census Bureau Building Permits Survey,2025-Q4,https://www.census.gov/construction/bps/
Rapid City,44.0805,-103.231,1152,1387,-6.43,954,1912,US Census Bureau Building Permits Survey,2025-Q4,https://www.census.gov/construction/bps/
Bismarck,46.8083,-100.7837,1088,1184,-7.98,889,1980,US Census Bureau Building Permits Survey,2025-Q4,https://www.census.gov/construction/bps/
Grand Forks,47.9253,-97.0329,1089,1267,-6.68,925,2192,US Census Bureau Building Permits Survey,2025-Q4,https://www.census.gov/construction/bps/
Minot,48.2325,-101.2963,991,983,-5.48,861,1833,US Census Bureau Building Permits Survey,2025-Q4,https://www.census.gov/construction/bps/
Missoula,46.8721,-113.994,1208,1307,-4.02,970,2482,US Census Bureau Building Permits Survey,2025-Q4,https://www.census.gov/construction/bps/
Great Falls,47.5002,-111.3008,825,811,-6.8,657,1686,US Census Bureau Building Permits Survey,2025-Q4,https://www.census.gov/construction/bps/
Helena MT,46.5958,-112.027,936,991,-6.3,819,1908,US Census Bureau Building Permits Survey,2025-Q4,https://www.census.gov/construction/bps/
Kalispell,48.192,-114.3168,1191,1411,-8.49,1066,2195,US Census Bureau Building Permits Survey,2025-Q4,https://www.census.gov/construction/bps/
Casper,42.8501,-106.3252,844,923,-7.89,665,1528,US Census Bureau Building Permits Survey,2025-Q4,https://www.census.gov/construction/bps/
Laramie,41.3114,-105.5911,886,917,-7.63,774,1582,US Census Bureau Building Permits Survey,2025-Q4,https://www.census.gov/construction/bps/
Nampa,43.5407,-116.5635,1519,1452,-8.12,1411,2729,US Census Bureau Building Permits Survey,2025-Q4,https://www.census.gov/construction/bps/
Meridian,43.6121,-116.3915,1732,1892,-4.14,1454,3586,US Census Bureau Building Permits Survey,2025-Q4,https://www.census.gov/construction/bps/
Coeur d'Alene,47.6777,-116.7805,1304,1270,-5.29,975,2699,US Census Bureau Building Permits Survey,2025-Q4,https://www.census.gov/construction/bps/
Twin Falls,42.5629,-114.4609,1092,1148,-8.24,1021,2055,US Census Bureau Building Permits Survey,2025-Q4,https://www.census.gov/construction/bps/
Pocatello,42.8713,-112.4455,1098,1318,-8.46,825,2029,US Census Bureau Building Permits Survey,2025-Q4,https://www.census.gov/construction/bps/
West Valley City,40.6916,-112.001,2051,2372,-6.84,1655,4220,US Census Bureau Building Permits Survey,2025-Q4,https://www.census.gov/construction/bps/
West Jordan,40.6097,-111.9391,1723,1895,-8.36,1306,3143,US Census Bureau Building Permits Survey,2025-Q4,https://www.census.gov/construction/bps/
Sandy,40.5649,-111.8389,1797,1958,-7.13,1650,3126,US Census Bureau Building Permits Survey,2025-Q4,https://www.census.gov/construction/bps/
Lehi,40.3916,-111.8507,2479,2660,-6.44,2332,4324,US Census Bureau Building Permits Survey,2025-Q4,https://www.census.gov/construction/bps/
