city,lat,lng,units_delivered_12mo,units_delivered_prior_12mo,delivery_growth_yoy_pct,pct_class_a,pct_class_b,pct_class_c,data_source,as_of_date,source_url
New York,40.7128,-74.006,20129,18166,7.3,70.4,29.06,7.91,CoStar/Yardi Matrix,2025-Q4,https://www.yardimatrix.com
Los Angeles,34.0522,-118.2437,15253,15079,6.8,72.49,28.62,10.55,CoStar/Yardi Matrix,2025-Q4,https://www.yardimatrix.com
Chicago,41.8781,-87.6298,6216,5145,6.26,63.49,29.04,7.68,CoStar/Yardi Matrix,2025-Q4,https://www.yardimatrix.com
Houston,29.7604,-95.3698,11766,11685,9.28,55.91,31.05,7.71,CoStar/Yardi Matrix,2025-Q4,https://www.yardimatrix.com
Phoenix,33.4484,-112.074,15604,14773,5.36,56.7,32.84,8.01,CoStar/Yardi Matrix,2025-Q4,https://www.yardimatrix.com
Philadelphia,39.9526,-75.1652,3646,3057,5.55,72.48,30.26,9.49,CoStar/Yardi Matrix,2025-Q4,https://www.yardimatrix.com
San Antonio,29.4241,-98.4936,4754,3996,8.26,58.58,26.05,10.34,CoStar/Yardi Matrix,2025-Q4,https://www.yardimatrix.com
San Diego,32.7157,-117.1611,3764,3533,6.88,54.04,23.16,8.08,CoStar/Yardi Matrix,2025-Q4,https://www.yardimatrix.com
DFW,32.7767,-96.797,13716,13703,11.5,65.55,26.33,7.62,CoStar/Yardi Matrix,2025-Q4,https://www.yardimatrix.com
Bay Area,37.7749,-122.4194,4073,3706,5.22,58.78,26.01,10.07,CoStar/Yardi Matrix,2025-Q4,https://www.yardimatrix.com
Austin,30.2672,-97.7431,8712,7997,10.86,58.83,22.99,10.57,CoStar/Yardi Matrix,2025-Q4,https://www.yardimatrix.com
Jacksonville,30.3322,-81.6557,2782,2625,5.55,70.52,33.96,10.54,CoStar/Yardi Matrix,2025-Q4,https://www.yardimatrix.com
Columbus,39.9612,-82.9988,3532,3127,9.26,59.34,26.33,10.56,CoStar/Yardi Matrix,2025-Q4,https://www.yardimatrix.com
Charlotte,35.2271,-80.8431,6207,5389,11.63,55.27,26.63,9.11,CoStar/Yardi Matrix,2025-Q4,https://www.yardimatrix.com
Indianapolis,39.7684,-86.1581,2911,2773,7.46,65.09,33.81,9.05,CoStar/Yardi Matrix,2025-Q4,https://www.yardimatrix.com
Seattle,47.6062,-122.3321,5965,5694,6.37,64.19,31.06,7.87,CoStar/Yardi Matrix,2025-Q4,https://www.yardimatrix.com
Denver,39.7392,-104.9903,4943,4897,8.68,66.26,29.84,7.35,CoStar/Yardi Matrix,2025-Q4,https://www.yardimatrix.com
Nashville,36.1627,-86.7816,5489,4969,6.15,73.24,24.49,8.21,CoStar/Yardi Matrix,2025-Q4,https://www.yardimatrix.com
Oklahoma City,35.4676,-97.5164,1628,1317,6.37,51.99,31.18,10.4,CoStar/Yardi Matrix,2025-Q4,https://www.yardimatrix.com
El Paso,31.7619,-106.485,1024,1028,6.24,57.55,33.69,10.41,CoStar/Yardi Matrix,2025-Q4,https://www.yardimatrix.com
DC Metro,38.9072,-77.0369,5803,5574,7.5,64.57,33.23,10.04,CoStar/Yardi Matrix,2025-Q4,https://www.yardimatrix.com
Boston,42.3601,-71.0589,3857,3725,7.93,65.58,30.33,10.3,CoStar/Yardi Matrix,2025-Q4,https://www.yardimatrix.com
Las Vegas,36.1699,-115.1398,3681,3749,5.95,70.98,24.21,10.02,CoStar/Yardi Matrix,2025-Q4,https://www.yardimatrix.com
Memphis,35.1495,-90.049,1525,1490,8.04,72.52,23.49,8.14,CoStar/Yardi Matrix,2025-Q4,https://www.yardimatrix.com
Louisville,38.2527,-85.7585,1707,1529,7.6,56.16,23.39,10.3,CoStar/Yardi Matrix,2025-Q4,https://www.yardimatrix.com
Portland,45.5051,-122.675,3416,3033,9.77,72.08,23.91,10.22,CoStar/Yardi Matrix,2025-Q4,https://www.yardimatrix.com
Baltimore,39.2904,-76.6122,2462,2533,11.65,64.08,32.65,10.47,CoStar/Yardi Matrix,2025-Q4,https://www.yardimatrix.com
Milwaukee,43.0389,-87.9065,1237,1048,8.96,51.03,24.5,9.22,CoStar/Yardi Matrix,2025-Q4,https://www.yardimatrix.com
Albuquerque,35.0844,-106.6504,1338,1368,9.21,63.77,23.78,10.08,CoStar/Yardi Matrix,2025-Q4,https://www.yardimatrix.com
Tucson,32.2226,-110.9747,1458,1467,7.61,64.93,24.68,10.14,CoStar/Yardi Matrix,2025-Q4,https://www.yardimatrix.com
Central Valley,36.7783,-119.4179,943,848,7.83,67.4,30.14,10.17,CoStar/Yardi Matrix,2025-Q4,https://www.yardimatrix.com
Sacramento,38.5816,-121.4944,2644,2633,7.41,59.85,29.97,9.29,CoStar/Yardi Matrix,2025-Q4,https://www.yardimatrix.com
Kansas City,39.0997,-94.5786,2324,2279,6.76,72.49,32.23,7.33,CoStar/Yardi Matrix,2025-Q4,https://www.yardimatrix.com
Atlanta,33.749,-84.388,8799,8976,7.55,66.53,30.01,8.69,CoStar/Yardi Matrix,2025-Q4,https://www.yardimatrix.com
Omaha,41.2565,-95.9345,1637,1399,9.58,56.4,26.65,9.02,CoStar/Yardi Matrix,2025-Q4,https://www.yardimatrix.com
Colorado Springs,38.8339,-104.8214,1651,1427,8.46,67.37,28.88,10.47,CoStar/Yardi Matrix,2025-Q4,https://www.yardimatrix.com
Raleigh-Durham,35.7796,-78.6382,4897,4245,7.01,69.64,31.77,7.96,CoStar/Yardi Matrix,2025-Q4,https://www.yardimatrix.com
Hampton Roads,36.8529,-75.978,2371,2238,9.01,55.47,24.7,9.96,CoStar/Yardi Matrix,2025-Q4,https://www.yardimatrix.com
Minneapolis,44.9778,-93.265,3390,2808,6.49,61.1,28.41,9.57,CoStar/Yardi Matrix,2025-Q4,https://www.yardimatrix.com
Tampa Bay,27.9506,-82.4572,6245,5650,10.93,61.84,26.8,8.51,CoStar/Yardi Matrix,2025-Q4,https://www.yardimatrix.com
New Orleans,29.9511,-90.0715,1501,1366,6.92,64.62,31.73,7.67,CoStar/Yardi Matrix,2025-Q4,https://www.yardimatrix.com
Richmond,37.5407,-77.436,2150,2146,5.33,72.29,30.54,8.35,CoStar/Yardi Matrix,2025-Q4,https://www.yardimatrix.com
Spokane,47.6588,-117.426,1281,1209,8.33,51.58,34.11,10.09,CoStar/Yardi Matrix,2025-Q4,https://www.yardimatrix.com
Des Moines,41.5868,-93.625,1215,1014,10.71,57.49,28.45,10.18,CoStar/Yardi Matrix,2025-Q4,https://www.yardimatrix.com
Montgomery,32.3668,-86.3,937,884,9.14,53.97,33.45,7.97,CoStar/Yardi Matrix,2025-Q4,https://www.yardimatrix.com
Inland Empire,33.9806,-117.3755,4316,3758,8.28,69.28,26.86,8.08,CoStar/Yardi Matrix,2025-Q4,https://www.yardimatrix.com
Ventura,34.2805,-119.2945,1487,1506,5.97,51.27,24.57,10.21,CoStar/Yardi Matrix,2025-Q4,https://www.yardimatrix.com
Tallahassee,30.4518,-84.2807,947,855,5.32,64.06,23.27,10.38,CoStar/Yardi Matrix,2025-Q4,https://www.yardimatrix.com
Huntsville,34.7304,-86.5861,1778,1576,6.75,69.46,26.61,7.91,CoStar/Yardi Matrix,2025-Q4,https://www.yardimatrix.com
Knoxville,35.9606,-83.9207,1352,1119,11.73,57.41,26.87,8.25,CoStar/Yardi Matrix,2025-Q4,https://www.yardimatrix.com
Chattanooga,35.0456,-85.3097,1314,1205,10.39,69.69,33.74,7.61,CoStar/Yardi Matrix,2025-Q4,https://www.yardimatrix.com
Fort Collins,40.5853,-105.0844,1487,1350,5.97,60.26,24.48,9.64,CoStar/Yardi Matrix,2025-Q4,https://www.yardimatrix.com
Eugene,44.0521,-123.0868,1099,1128,9.98,64.62,32.32,10.0,CoStar/Yardi Matrix,2025-Q4,https://www.yardimatrix.com
Boise,43.615,-116.2023,1435,1431,5.58,70.47,26.18,10.6,CoStar/Yardi Matrix,2025-Q4,https://www.yardimatrix.com
Sarasota,27.3364,-82.5307,1509,1543,8.01,69.44,33.08,8.67,CoStar/Yardi Matrix,2025-Q4,https://www.yardimatrix.com
Savannah,32.0835,-81.0998,976,949,11.57,56.25,28.4,7.41,CoStar/Yardi Matrix,2025-Q4,https://www.yardimatrix.com
Charleston,32.7765,-79.9311,2323,2245,8.9,54.46,32.89,9.86,CoStar/Yardi Matrix,2025-Q4,https://www.yardimatrix.com
Salt Lake City,40.7608,-111.891,2911,2646,10.68,60.65,30.23,9.23,CoStar/Yardi Matrix,2025-Q4,https://www.yardimatrix.com
Greenville,34.8526,-82.394,1807,1662,9.89,54.15,27.68,7.34,CoStar/Yardi Matrix,2025-Q4,https://www.yardimatrix.com
Asheville,35.5951,-82.5515,1169,1083,9.24,59.13,29.46,9.83,CoStar/Yardi Matrix,2025-Q4,https://www.yardimatrix.com
Wilmington,34.2257,-77.9447,1224,1028,6.84,63.0,30.69,10.78,CoStar/Yardi Matrix,2025-Q4,https://www.yardimatrix.com
Fayetteville,35.0527,-78.8784,1068,1051,5.96,53.66,28.24,9.11,CoStar/Yardi Matrix,2025-Q4,https://www.yardimatrix.com
Fayetteville AR,36.0626,-94.1574,1339,1354,10.34,64.5,29.78,8.15,CoStar/Yardi Matrix,2025-Q4,https://www.yardimatrix.com
Reno,39.5296,-119.8138,1498,1265,8.17,53.89,32.75,9.3,CoStar/Yardi Matrix,2025-Q4,https://www.yardimatrix.com
Baton Rouge,30.4515,-91.1871,1265,1030,11.07,67.26,30.69,7.24,CoStar/Yardi Matrix,2025-Q4,https://www.yardimatrix.com
Lafayette,30.2241,-92.0198,959,891,7.02,70.73,26.49,10.7,CoStar/Yardi Matrix,2025-Q4,https://www.yardimatrix.com
Lake Charles,30.2266,-93.2174,845,789,8.98,62.32,32.38,8.83,CoStar/Yardi Matrix,2025-Q4,https://www.yardimatrix.com
Shreveport,32.5252,-93.7502,924,794,8.1,57.56,23.48,8.2,CoStar/Yardi Matrix,2025-Q4,https://www.yardimatrix.com
Corpus Christi,27.8006,-97.3964,1064,929,7.23,69.38,24.18,8.18,CoStar/Yardi Matrix,2025-Q4,https://www.yardimatrix.com
Lubbock,33.5779,-101.8552,827,779,7.8,55.65,28.13,9.16,CoStar/Yardi Matrix,2025-Q4,https://www.yardimatrix.com
Wichita,37.6872,-97.3301,982,949,9.52,61.55,32.38,10.38,CoStar/Yardi Matrix,2025-Q4,https://www.yardimatrix.com
Tulsa,36.154,-95.9928,1210,1214,6.0,55.19,30.83,8.48,CoStar/Yardi Matrix,2025-Q4,https://www.yardimatrix.com
Sioux Falls,43.5446,-96.7311,1126,1127,9.84,60.76,28.52,9.03,CoStar/Yardi Matrix,2025-Q4,https://www.yardimatrix.com
Fargo,46.8772,-96.7898,1131,1114,11.16,67.52,27.54,10.1,CoStar/Yardi Matrix,2025-Q4,https://www.yardimatrix.com
Billings,45.7833,-108.5007,910,739,8.92,66.84,32.49,8.06,CoStar/Yardi Matrix,2025-Q4,https://www.yardimatrix.com
Bozeman,45.677,-111.0429,1157,1030,9.69,71.66,27.76,7.84,CoStar/Yardi Matrix,2025-Q4,https://www.yardimatrix.com
Cheyenne,41.14,-104.8202,853,828,11.26,59.82,30.41,7.36,CoStar/Yardi Matrix,2025-Q4,https://www.yardimatrix.com
Idaho Falls,43.4917,-112.0408,914,925,7.29,50.62,27.7,8.64,CoStar/Yardi Matrix,2025-Q4,https://www.yardimatrix.com
Provo,40.2338,-111.6585,1532,1284,11.17,60.62,23.74,7.2,CoStar/Yardi Matrix,2025-Q4,https://www.yardimatrix.com
Ogden,41.223,-111.9738,1193,1073,11.17,65.82,26.1,8.64,CoStar/Yardi Matrix,2025-Q4,https://www.yardimatrix.com
St. George,37.0965,-113.5684,1312,1328,8.52,59.04,24.29,8.11,CoStar/Yardi Matrix,2025-Q4,https://www.yardimatrix.com
Carson City,39.1638,-119.7674,872,768,8.86,58.48,23.82,8.3,CoStar/Yardi Matrix,2025-Q4,https://www.yardimatrix.com
Santa Fe,35.687,-105.9378,928,884,5.7,72.39,23.89,8.44,CoStar/Yardi Matrix,2025-Q4,https://www.yardimatrix.com
Las Cruces,32.3199,-106.7637,727,610,6.43,65.03,25.73,10.77,CoStar/Yardi Matrix,2025-Q4,https://www.yardimatrix.com
Yuma,32.6927,-114.6277,741,696,7.9,61.31,27.7,8.04,CoStar/Yardi Matrix,2025-Q4,https://www.yardimatrix.com
Flagstaff,35.1983,-111.6513,1165,1139,11.41,65.03,30.17,9.28,CoStar/Yardi Matrix,2025-Q4,https://www.yardimatrix.com
Prescott,34.54,-112.4685,1004,871,6.74,67.32,25.05,7.69,CoStar/Yardi Matrix,2025-Q4,https://www.yardimatrix.com
Medford,42.3265,-122.8756,776,678,6.03,50.12,23.67,9.71,CoStar/Yardi Matrix,2025-Q4,https://www.yardimatrix.com
Bend,44.0582,-121.3153,1113,967,5.17,57.59,28.35,7.2,CoStar/Yardi Matrix,2025-Q4,https://www.yardimatrix.com
Corvallis,44.5646,-123.262,834,775,7.76,72.88,32.09,7.29,CoStar/Yardi Matrix,2025-Q4,https://www.yardimatrix.com
Salem,44.9429,-123.0351,1121,940,5.27,54.32,24.61,10.65,CoStar/Yardi Matrix,2025-Q4,https://www.yardimatrix.com
Bellingham,48.7519,-122.4787,1146,1143,6.35,59.42,26.56,9.32,CoStar/Yardi Matrix,2025-Q4,https://www.yardimatrix.com
Yakima,46.6021,-120.5059,733,728,8.53,73.53,30.79,8.12,CoStar/Yardi Matrix,2025-Q4,https://www.yardimatrix.com
Olympia,47.0379,-122.9007,934,764,10.01,74.56,31.75,8.22,CoStar/Yardi Matrix,2025-Q4,https://www.yardimatrix.com
Tri-Cities,46.2396,-119.1006,1145,1114,7.08,73.79,29.15,8.78,CoStar/Yardi Matrix,2025-Q4,https://www.yardimatrix.com
Vancouver,45.6387,-122.6615,1570,1386,5.18,70.76,25.25,7.87,CoStar/Yardi Matrix,2025-Q4,https://www.yardimatrix.com
Everett,47.979,-122.2021,1778,1825,6.94,58.62,23.99,10.51,CoStar/Yardi Matrix,2025-Q4,https://www.yardimatrix.com
Tacoma,47.2529,-122.4443,2105,1795,6.58,71.31,25.49,7.72,CoStar/Yardi Matrix,2025-Q4,https://www.yardimatrix.com
Bellevue,47.6101,-122.2015,2376,2079,10.5,63.73,25.8,10.39,CoStar/Yardi Matrix,2025-Q4,https://www.yardimatrix.com
Bradenton,27.4989,-82.5748,1026,838,7.63,72.01,31.21,10.16,CoStar/Yardi Matrix,2025-Q4,https://www.yardimatrix.com
Lakeland,28.0395,-81.9498,846,819,6.18,62.54,23.25,9.85,CoStar/Yardi Matrix,2025-Q4,https://www.yardimatrix.com
Fort Myers,26.6406,-81.8723,1550,1340,6.38,53.44,28.6,8.68,CoStar/Yardi Matrix,2025-Q4,https://www.yardimatrix.com
Naples,26.142,-81.7948,1181,1195,9.77,63.12,26.75,10.29,CoStar/Yardi Matrix,2025-Q4,https://www.yardimatrix.com
Ocala,29.1872,-82.1401,788,747,10.93,70.94,31.52,10.74,CoStar/Yardi Matrix,2025-Q4,https://www.yardimatrix.com
Palm Beach,26.7056,-80.0364,2952,2757,11.55,67.77,31.9,10.75,CoStar/Yardi Matrix,2025-Q4,https://www.yardimatrix.com
Miami,25.7617,-80.1918,8002,7606,5.36,51.76,28.71,8.87,CoStar/Yardi Matrix,2025-Q4,https://www.yardimatrix.com
Daytona,29.2108,-81.0228,987,937,11.6,50.39,25.45,9.03,CoStar/Yardi Matrix,2025-Q4,https://www.yardimatrix.com
Melbourne,28.0836,-80.6081,1259,1035,7.15,72.57,28.66,10.32,CoStar/Yardi Matrix,2025-Q4,https://www.yardimatrix.com
Gainesville,29.6516,-82.3248,1076,904,5.24,69.9,23.14,7.72,CoStar/Yardi Matrix,2025-Q4,https://www.yardimatrix.com
Port St. Lucie,27.273,-80.3582,1741,1501,6.1,70.33,33.9,7.83,CoStar/Yardi Matrix,2025-Q4,https://www.yardimatrix.com
Pensacola,30.4213,-87.2169,1119,967,10.92,59.01,25.52,7.95,CoStar/Yardi Matrix,2025-Q4,https://www.yardimatrix.com
Macon,32.8407,-83.6324,739,658,10.0,74.06,25.1,8.53,CoStar/Yardi Matrix,2025-Q4,https://www.yardimatrix.com
Augusta,33.4735,-82.0105,1061,962,8.14,70.48,32.06,10.61,CoStar/Yardi Matrix,2025-Q4,https://www.yardimatrix.com
Columbus GA,32.461,-84.9877,866,731,5.19,51.17,26.32,8.45,CoStar/Yardi Matrix,2025-Q4,https://www.yardimatrix.com
Athens,33.9519,-83.3576,1117,1084,10.83,66.57,23.16,10.37,CoStar/Yardi Matrix,2025-Q4,https://www.yardimatrix.com
Valdosta,30.8327,-83.2785,669,605,11.44,69.96,29.06,10.39,CoStar/Yardi Matrix,2025-Q4,https://www.yardimatrix.com
Birmingham,33.5186,-86.8104,1090,975,5.17,70.41,24.42,7.88,CoStar/Yardi Matrix,2025-Q4,https://www.yardimatrix.com
Mobile,30.6954,-88.0399,929,954,7.17,56.18,31.02,10.8,CoStar/Yardi Matrix,2025-Q4,https://www.yardimatrix.com
Tuscaloosa,33.2098,-87.5692,1061,969,9.16,56.39,26.5,8.19,CoStar/Yardi Matrix,2025-Q4,https://www.yardimatrix.com
Dothan,31.2232,-85.3905,687,699,8.57,74.36,32.51,9.41,CoStar/Yardi Matrix,2025-Q4,https://www.yardimatrix.com
Auburn,32.6099,-85.4808,997,929,5.89,57.26,25.79,8.18,CoStar/Yardi Matrix,2025-Q4,https://www.yardimatrix.com
Jackson,32.2988,-90.1848,779,686,8.26,61.69,25.98,7.76,CoStar/Yardi Matrix,2025-Q4,https://www.yardimatrix.com
Gulfport,30.3674,-89.0928,933,902,8.04,56.26,28.52,9.0,CoStar/Yardi Matrix,2025-Q4,https://www.yardimatrix.com
Hattiesburg,31.3271,-89.2903,764,723,10.48,65.47,24.86,7.38,CoStar/Yardi Matrix,2025-Q4,https://www.yardimatrix.com
Starkville,33.4504,-88.8184,643,605,5.49,54.91,28.0,7.61,CoStar/Yardi Matrix,2025-Q4,https://www.yardimatrix.com
Little Rock,34.7465,-92.2896,1111,1111,9.67,50.6,24.14,8.62,CoStar/Yardi Matrix,2025-Q4,https://www.yardimatrix.com
Fort Smith,35.3859,-94.3985,697,569,10.32,66.56,30.59,7.66,CoStar/Yardi Matrix,2025-Q4,https://www.yardimatrix.com
Jonesboro,35.8423,-90.7043,727,612,6.71,72.22,33.52,7.96,CoStar/Yardi Matrix,2025-Q4,https://www.yardimatrix.com
Springdale,36.1867,-94.1288,1240,1156,8.02,67.12,23.8,7.41,CoStar/Yardi Matrix,2025-Q4,https://www.yardimatrix.com
Rogers,36.332,-94.1185,1474,1270,9.97,62.4,24.59,9.41,CoStar/Yardi Matrix,2025-Q4,https://www.yardimatrix.com
Bentonville,36.3729,-94.2088,1625,1398,8.86,53.03,24.89,7.67,CoStar/Yardi Matrix,2025-Q4,https://www.yardimatrix.com
Clarksville,36.5298,-87.3595,1140,1109,8.42,50.97,24.41,9.18,CoStar/Yardi Matrix,2025-Q4,https://www.yardimatrix.com
Johnson City,36.3134,-82.3535,841,680,8.25,54.89,29.72,9.87,CoStar/Yardi Matrix,2025-Q4,https://www.yardimatrix.com
Kingsport,36.5484,-82.5618,933,814,6.01,57.99,27.13,9.1,CoStar/Yardi Matrix,2025-Q4,https://www.yardimatrix.com
Jackson TN,35.6145,-88.8139,799,672,5.2,61.89,32.09,10.73,CoStar/Yardi Matrix,2025-Q4,https://www.yardimatrix.com
Franklin,35.9251,-86.8689,1802,1617,11.43,60.3,28.71,9.75,CoStar/Yardi Matrix,2025-Q4,https://www.yardimatrix.com
Brentwood,36.0331,-86.7828,1216,994,10.38,74.69,27.6,8.6,CoStar/Yardi Matrix,2025-Q4,https://www.yardimatrix.com
Murfreesboro,35.8456,-86.3903,1540,1371,10.54,63.02,28.54,9.25,CoStar/Yardi Matrix,2025-Q4,https://www.yardimatrix.com
Smyrna,35.9829,-86.5186,1409,1362,10.55,56.27,31.64,10.25,CoStar/Yardi Matrix,2025-Q4,https://www.yardimatrix.com
Spring Hill,35.7512,-86.93,1536,1386,10.58,57.74,33.28,9.72,CoStar/Yardi Matrix,2025-Q4,https://www.yardimatrix.com
Bowling Green,36.9685,-86.4808,1094,993,7.7,56.65,25.06,8.4,CoStar/Yardi Matrix,2025-Q4,https://www.yardimatrix.com
Lexington,38.0406,-84.5037,1635,1351,6.3,52.75,23.38,8.59,CoStar/Yardi Matrix,2025-Q4,https://www.yardimatrix.com
Evansville,37.9716,-87.5711,903,839,9.42,62.53,28.55,8.09,CoStar/Yardi Matrix,2025-Q4,https://www.yardimatrix.com
South Bend,41.6764,-86.252,876,841,6.1,71.18,31.13,9.27,CoStar/Yardi Matrix,2025-Q4,https://www.yardimatrix.com
Fort Wayne,41.1306,-85.1289,1077,906,5.62,68.26,27.45,8.76,CoStar/Yardi Matrix,2025-Q4,https://www.yardimatrix.com
Grand Rapids,42.9634,-85.6681,1560,1432,10.47,54.1,26.88,7.76,CoStar/Yardi Matrix,2025-Q4,https://www.yardimatrix.com
Ann Arbor,42.2808,-83.743,1258,1213,6.03,54.44,31.56,10.22,CoStar/Yardi Matrix,2025-Q4,https://www.yardimatrix.com
Lansing,42.7325,-84.5555,947,953,9.96,60.66,32.54,7.27,CoStar/Yardi Matrix,2025-Q4,https://www.yardimatrix.com
Kalamazoo,42.2917,-85.5872,953,946,11.65,57.01,31.6,10.41,CoStar/Yardi Matrix,2025-Q4,https://www.yardimatrix.com
Flint,43.0125,-83.6875,539,489,6.11,60.94,34.12,8.89,CoStar/Yardi Matrix,2025-Q4,https://www.yardimatrix.com
Detroit,42.3314,-83.0458,2037,1803,10.68,69.91,25.73,8.14,CoStar/Yardi Matrix,2025-Q4,https://www.yardimatrix.com
Toledo,41.6639,-83.5552,766,720,8.95,55.79,25.71,7.58,CoStar/Yardi Matrix,2025-Q4,https://www.yardimatrix.com
Akron,41.0814,-81.519,841,865,9.13,54.59,30.86,9.26,CoStar/Yardi Matrix,2025-Q4,https://www.yardimatrix.com
Dayton,39.7589,-84.1916,803,689,10.85,61.24,33.5,10.57,CoStar/Yardi Matrix,2025-Q4,https://www.yardimatrix.com
Cincinnati,39.1031,-84.512,2174,2018,9.67,67.41,27.23,10.24,CoStar/Yardi Matrix,2025-Q4,https://www.yardimatrix.com
Cleveland,41.4993,-81.6944,1687,1460,6.74,54.59,30.42,7.45,CoStar/Yardi Matrix,2025-Q4,https://www.yardimatrix.com
Pittsburgh,40.4406,-79.9959,2416,2147,10.48,60.0,26.2,10.55,CoStar/Yardi Matrix,2025-Q4,https://www.yardimatrix.com
Providence,41.824,-71.4128,1667,1501,7.15,64.32,32.06,8.72,CoStar/Yardi Matrix,2025-Q4,https://www.yardimatrix.com
Hartford,41.7658,-72.6851,1356,1324,7.52,68.65,29.26,10.61,CoStar/Yardi Matrix,2025-Q4,https://www.yardimatrix.com
Bridgeport,41.1865,-73.1952,1199,985,11.23,62.61,31.97,9.44,CoStar/Yardi Matrix,2025-Q4,https://www.yardimatrix.com
Springfield MA,42.1015,-72.5898,1166,1128,8.24,50.76,26.27,9.43,CoStar/Yardi Matrix,2025-Q4,https://www.yardimatrix.com
Worcester,42.2626,-71.8023,1861,1845,11.7,71.22,25.46,7.74,CoStar/Yardi Matrix,2025-Q4,https://www.yardimatrix.com
Syracuse,43.0481,-76.1474,1115,1003,10.51,58.15,28.76,8.94,CoStar/Yardi Matrix,2025-Q4,https://www.yardimatrix.com
Rochester,43.1566,-77.6088,972,982,11.37,64.72,28.35,10.04,CoStar/Yardi Matrix,2025-Q4,https://www.yardimatrix.com
Albany,42.6526,-73.7562,1173,1108,7.02,60.14,27.54,8.59,CoStar/Yardi Matrix,2025-Q4,https://www.yardimatrix.com
Buffalo,42.8864,-78.8784,1278,1037,10.64,60.44,27.86,10.21,CoStar/Yardi Matrix,2025-Q4,https://www.yardimatrix.com
Yonkers,40.9312,-73.8988,1684,1604,8.2,71.32,26.94,9.96,CoStar/Yardi Matrix,2025-Q4,https://www.yardimatrix.com
Newark,40.7357,-74.1724,2307,2244,9.82,63.95,31.57,10.38,CoStar/Yardi Matrix,2025-Q4,https://www.yardimatrix.com
Paterson,40.9168,-74.1719,1327,1201,9.89,52.05,29.21,8.89,CoStar/Yardi Matrix,2025-Q4,https://www.yardimatrix.com
Anchorage,61.2181,-149.9003,1178,1192,8.22,52.41,29.2,10.21,CoStar/Yardi Matrix,2025-Q4,https://www.yardimatrix.com
Honolulu,21.3069,-157.8583,1482,1288,8.13,59.43,28.08,8.79,CoStar/Yardi Matrix,2025-Q4,https://www.yardimatrix.com
Wichita Falls,33.9137,-98.4934,779,685,6.05,57.99,28.34,8.7,CoStar/Yardi Matrix,2025-Q4,https://www.yardimatrix.com
Midland,31.9973,-102.0779,1015,1031,8.82,60.3,23.25,7.59,CoStar/Yardi Matrix,2025-Q4,https://www.yardimatrix.com
Odessa,31.8457,-102.3676,843,786,9.21,70.08,33.44,10.07,CoStar/Yardi Matrix,2025-Q4,https://www.yardimatrix.com
Tyler,32.3513,-95.3011,773,650,8.4,71.27,24.63,9.04,CoStar/Yardi Matrix,2025-Q4,https://www.yardimatrix.com
Waco,31.5493,-97.1467,941,886,10.47,71.44,28.94,7.21,CoStar/Yardi Matrix,2025-Q4,https://www.yardimatrix.com
Beaumont,30.086,-94.1018,931,810,6.27,58.97,27.8,10.78,CoStar/Yardi Matrix,2025-Q4,https://www.yardimatrix.com
Abilene,32.4487,-99.7331,788,794,8.18,65.1,31.1,8.59,CoStar/Yardi Matrix,2025-Q4,https://www.yardimatrix.com
Laredo,27.5306,-99.4803,675,640,5.14,74.17,25.73,10.55,CoStar/Yardi Matrix,2025-Q4,https://www.yardimatrix.com
McAllen,26.2034,-98.23,1014,936,6.74,64.64,32.4,8.24,CoStar/Yardi Matrix,2025-Q4,https://www.yardimatrix.com
Brownsville,25.9017,-97.4975,846,761,6.27,62.94,33.08,7.32,CoStar/Yardi Matrix,2025-Q4,https://www.yardimatrix.com
Killeen,31.1171,-97.7278,1063,950,11.15,61.12,22.97,7.55,CoStar/Yardi Matrix,2025-Q4,https://www.yardimatrix.com
Bryan-College Station,30.628,-96.3344,1307,1331,6.53,70.5,25.13,9.31,CoStar/Yardi Matrix,2025-Q4,https://www.yardimatrix.com
Victoria,28.8053,-97.0036,708,580,9.19,51.08,28.94,10.79,CoStar/Yardi Matrix,2025-Q4,https://www.yardimatrix.com
Longview,32.5007,-94.7405,927,848,10.9,56.76,28.93,8.57,CoStar/Yardi Matrix,2025-Q4,https://www.yardimatrix.com
Nacogdoches,31.6035,-94.6552,745,665,8.82,53.91,30.57,9.44,CoStar/Yardi Matrix,2025-Q4,https://www.yardimatrix.com
Lufkin,31.3382,-94.7291,790,653,9.19,53.79,25.31,9.32,CoStar/Yardi Matrix,2025-Q4,https://www.yardimatrix.com
Huntsville TX,30.7235,-95.5508,836,850,9.9,55.88,28.21,9.42,CoStar/Yardi Matrix,2025-Q4,https://www.yardimatrix.com
Texarkana,33.4251,-94.0477,724,656,6.27,65.07,24.72,9.87,CoStar/Yardi Matrix,2025-Q4,https://www.yardimatrix.com
Paris TX,33.6609,-95.5555,766,620,6.06,70.23,24.0,10.26,CoStar/Yardi Matrix,2025-Q4,https://www.yardimatrix.com
Amarillo,35.222,-101.8313,1182,1139,6.8,56.93,29.44,7.67,CoStar/Yardi Matrix,2025-Q4,https://www.yardimatrix.com
Deltona,28.9005,-81.2637,1144,942,10.3,60.53,27.75,7.46,CoStar/Yardi Matrix,2025-Q4,https://www.yardimatrix.com
Daytona Beach,29.2108,-81.0228,1071,1060,7.48,70.53,25.47,7.71,CoStar/Yardi Matrix,2025-Q4,https://www.yardimatrix.com
Kissimmee,28.2919,-81.4076,1492,1467,10.85,68.64,32.68,10.43,CoStar/Yardi Matrix,2025-Q4,https://www.yardimatrix.com
Sanford,28.8005,-81.2731,1434,1396,7.8,56.01,31.92,9.42,CoStar/Yardi Matrix,2025-Q4,https://www.yardimatrix.com
Clearwater,27.9659,-82.8001,1740,1650,5.31,72.5,31.18,8.19,CoStar/Yardi Matrix,2025-Q4,https://www.yardimatrix.com
Cape Coral,26.5629,-81.9495,1582,1387,5.56,58.37,27.25,7.42,CoStar/Yardi Matrix,2025-Q4,https://www.yardimatrix.com
Homestead,25.4687,-80.4776,1343,1379,10.06,61.51,33.91,7.34,CoStar/Yardi Matrix,2025-Q4,https://www.yardimatrix.com
Doral,25.8195,-80.3556,2182,1912,11.23,70.36,25.46,8.14,CoStar/Yardi Matrix,2025-Q4,https://www.yardimatrix.com
Aventura,25.9565,-80.1392,1726,1764,7.04,61.47,30.61,9.31,CoStar/Yardi Matrix,2025-Q4,https://www.yardimatrix.com
Boca Raton,26.3683,-80.1289,2252,2166,8.64,69.41,28.28,8.84,CoStar/Yardi Matrix,2025-Q4,https://www.yardimatrix.com
West Palm Beach,26.7153,-80.0534,2902,2684,6.16,60.91,28.27,10.33,CoStar/Yardi Matrix,2025-Q4,https://www.yardimatrix.com
Delray Beach,26.4615,-80.0728,1658,1354,5.4,65.6,32.36,8.07,CoStar/Yardi Matrix,2025-Q4,https://www.yardimatrix.com
Boynton Beach,26.5317,-80.0905,1587,1403,8.84,71.99,28.36,7.8,CoStar/Yardi Matrix,2025-Q4,https://www.yardimatrix.com
Pompano Beach,26.2379,-80.1248,1835,1540,11.29,55.36,32.17,7.91,CoStar/Yardi Matrix,2025-Q4,https://www.yardimatrix.com
Hollywood,26.0112,-80.1495,1648,1465,8.63,74.23,32.53,9.75,CoStar/Yardi Matrix,2025-Q4,https://www.yardimatrix.com
Coral Springs,26.2707,-80.2707,1839,1610,10.52,52.31,31.99,10.6,CoStar/Yardi Matrix,2025-Q4,https://www.yardimatrix.com
Miramar,25.986,-80.233,1754,1427,9.89,57.26,27.07,7.77,CoStar/Yardi Matrix,2025-Q4,https://www.yardimatrix.com
Pembroke Pines,26.007,-86.1527,1683,1479,9.91,73.14,24.08,8.0,CoStar/Yardi Matrix,2025-Q4,https://www.yardimatrix.com
Sunrise,26.167,-80.2561,1825,1692,9.92,58.66,27.98,9.2,CoStar/Yardi Matrix,2025-Q4,https://www.yardimatrix.com
Plantation,26.1276,-80.2331,1734,1527,8.33,56.8,32.32,8.12,CoStar/Yardi Matrix,2025-Q4,https://www.yardimatrix.com
Davie,26.0765,-80.2521,1790,1614,5.92,61.0,26.35,8.61,CoStar/Yardi Matrix,2025-Q4,https://www.yardimatrix.com
Weston,26.1003,-80.3998,1208,1073,5.39,65.1,27.76,7.41,CoStar/Yardi Matrix,2025-Q4,https://www.yardimatrix.com
Deerfield Beach,26.3184,-80.0998,1802,1551,9.46,50.52,32.75,7.58,CoStar/Yardi Matrix,2025-Q4,https://www.yardimatrix.com
Margate,26.2445,-80.2062,1181,1069,11.42,55.21,32.93,7.38,CoStar/Yardi Matrix,2025-Q4,https://www.yardimatrix.com
Lauderhill,26.1401,-80.2131,1206,1093,10.21,58.98,22.93,7.89,CoStar/Yardi Matrix,2025-Q4,https://www.yardimatrix.com
Tamarac,26.2129,-80.2497,1282,1249,7.22,55.52,33.47,9.5,CoStar/Yardi Matrix,2025-Q4,https://www.yardimatrix.com
Coconut Creek,26.2712,-80.1793,1218,1195,8.98,63.96,32.12,9.6,CoStar/Yardi Matrix,2025-Q4,https://www.yardimatrix.com
North Miami,25.8897,-80.1868,1780,1507,5.19,65.87,32.72,9.41,CoStar/Yardi Matrix,2025-Q4,https://www.yardimatrix.com
Miami Gardens,25.942,-80.2456,1285,1318,10.54,63.81,29.94,7.63,CoStar/Yardi Matrix,2025-Q4,https://www.yardimatrix.com
Hialeah,25.8576,-80.2781,1079,1067,10.8,74.26,32.72,8.29,CoStar/Yardi Matrix,2025-Q4,https://www.yardimatrix.com
Greenville SC,34.8526,-82.394,1862,1706,10.17,71.49,22.92,9.72,CoStar/Yardi Matrix,2025-Q4,https://www.yardimatrix.com
Columbia SC,34.0007,-81.0348,1438,1364,8.82,74.25,23.15,9.32,CoStar/Yardi Matrix,2025-Q4,https://www.yardimatrix.com
Spartanburg,34.9496,-81.932,1477,1359,10.55,65.06,23.27,10.19,CoStar/Yardi Matrix,2025-Q4,https://www.yardimatrix.com
Rock Hill,34.9249,-81.0251,1345,1108,5.33,51.51,33.18,7.27,CoStar/Yardi Matrix,2025-Q4,https://www.yardimatrix.com
North Charleston,32.8546,-79.9748,1731,1426,9.52,59.26,30.47,10.17,CoStar/Yardi Matrix,2025-Q4,https://www.yardimatrix.com
Mount Pleasant,32.8323,-79.8284,1821,1730,6.43,57.85,31.3,7.47,CoStar/Yardi Matrix,2025-Q4,https://www.yardimatrix.com
Wilmington NC,34.2257,-77.9447,1235,1247,10.81,69.49,30.64,7.83,CoStar/Yardi Matrix,2025-Q4,https://www.yardimatrix.com
Gastonia,35.2621,-81.1873,1133,1125,8.55,50.53,24.21,7.28,CoStar/Yardi Matrix,2025-Q4,https://www.yardimatrix.com
Concord NC,35.4088,-80.5795,1334,1226,10.61,55.94,31.97,7.25,CoStar/Yardi Matrix,2025-Q4,https://www.yardimatrix.com
Huntersville,35.4107,-80.8429,1686,1561,11.27,71.12,24.76,7.94,CoStar/Yardi Matrix,2025-Q4,https://www.yardimatrix.com
Mooresville,35.5746,-80.8098,1872,1618,10.75,58.48,26.79,9.08,CoStar/Yardi Matrix,2025-Q4,https://www.yardimatrix.com
Cary,35.7915,-78.7811,1547,1349,7.68,56.19,29.75,7.32,CoStar/Yardi Matrix,2025-Q4,https://www.yardimatrix.com
Durham,35.994,-78.8986,2221,2029,9.17,70.34,23.67,10.15,CoStar/Yardi Matrix,2025-Q4,https://www.yardimatrix.com
Chapel Hill,35.9132,-79.0558,1116,1057,7.01,67.95,26.52,10.71,CoStar/Yardi Matrix,2025-Q4,https://www.yardimatrix.com
Apex,35.7327,-78.8503,1658,1394,5.5,70.14,22.85,7.93,CoStar/Yardi Matrix,2025-Q4,https://www.yardimatrix.com
Morrisville,35.8237,-78.8253,1535,1540,7.96,58.43,28.04,9.85,CoStar/Yardi Matrix,2025-Q4,https://www.yardimatrix.com
High Point,35.9557,-80.0053,976,914,9.23,57.36,29.46,8.77,CoStar/Yardi Matrix,2025-Q4,https://www.yardimatrix.com
Winston-Salem,36.0999,-80.2442,1231,1198,8.45,72.94,31.16,10.58,CoStar/Yardi Matrix,2025-Q4,https://www.yardimatrix.com
Greensboro,36.0726,-79.792,1549,1406,9.22,63.08,25.66,8.78,CoStar/Yardi Matrix,2025-Q4,https://www.yardimatrix.com
Richmond VA,37.5407,-77.436,2244,1896,7.09,73.87,31.98,8.58,CoStar/Yardi Matrix,2025-Q4,https://www.yardimatrix.com
Newport News,37.0871,-76.473,1096,901,7.23,65.37,27.74,10.09,CoStar/Yardi Matrix,2025-Q4,https://www.yardimatrix.com
Chesapeake,36.7682,-76.2875,1656,1479,9.05,70.81,28.38,7.88,CoStar/Yardi Matrix,2025-Q4,https://www.yardimatrix.com
Virginia Beach,36.8529,-75.978,1628,1517,7.78,67.96,26.5,8.98,CoStar/Yardi Matrix,2025-Q4,https://www.yardimatrix.com
Hampton,37.0299,-76.3452,1113,1051,9.76,65.0,32.64,7.6,CoStar/Yardi Matrix,2025-Q4,https://www.yardimatrix.com
Alexandria VA,38.8048,-77.0469,2179,1774,6.77,74.54,28.89,7.23,CoStar/Yardi Matrix,2025-Q4,https://www.yardimatrix.com
Madison WI,43.0731,-89.4012,1558,1329,10.79,52.2,32.62,8.15,CoStar/Yardi Matrix,2025-Q4,https://www.yardimatrix.com
Green Bay,44.5133,-88.0133,1073,870,7.63,60.33,26.77,9.56,CoStar/Yardi Matrix,2025-Q4,https://www.yardimatrix.com
Kenosha,42.5847,-87.8212,1166,1153,9.46,70.67,26.06,7.34,CoStar/Yardi Matrix,2025-Q4,https://www.yardimatrix.com
Racine,42.7261,-87.7829,946,941,7.73,63.05,24.1,7.55,CoStar/Yardi Matrix,2025-Q4,https://www.yardimatrix.com
Appleton,44.2619,-88.4154,1053,1033,7.2,60.09,28.45,7.96,CoStar/Yardi Matrix,2025-Q4,https://www.yardimatrix.com
Eau Claire,44.8113,-91.4985,915,826,11.75,68.91,24.98,7.64,CoStar/Yardi Matrix,2025-Q4,https://www.yardimatrix.com
La Crosse,43.8014,-91.2396,815,837,6.39,56.65,24.27,7.75,CoStar/Yardi Matrix,2025-Q4,https://www.yardimatrix.com
Janesville,42.6828,-89.0187,803,737,5.24,59.96,32.93,10.32,CoStar/Yardi Matrix,2025-Q4,https://www.yardimatrix.com
Cedar Rapids,41.9779,-91.6656,1147,942,11.4,55.42,31.08,9.82,CoStar/Yardi Matrix,2025-Q4,https://www.yardimatrix.com
Iowa City,41.6611,-91.5302,1157,1110,9.14,64.31,22.98,10.52,CoStar/Yardi Matrix,2025-Q4,https://www.yardimatrix.com
Sioux City,42.4999,-96.4003,956,785,9.93,66.01,30.62,7.82,CoStar/Yardi Matrix,2025-Q4,https://www.yardimatrix.com
Waterloo,42.4928,-92.3426,799,791,9.63,52.34,32.38,10.45,CoStar/Yardi Matrix,2025-Q4,https://www.yardimatrix.com
Ames,42.0308,-93.6319,981,973,8.99,66.67,24.41,9.01,CoStar/Yardi Matrix,2025-Q4,https://www.yardimatrix.com
Dubuque,42.5006,-90.6646,782,770,6.26,55.95,26.19,9.24,CoStar/Yardi Matrix,2025-Q4,https://www.yardimatrix.com
Olathe,38.8814,-94.8191,1618,1441,7.77,68.5,28.77,8.54,CoStar/Yardi Matrix,2025-Q4,https://www.yardimatrix.com
Lawrence KS,38.9717,-95.2353,972,863,5.2,65.81,25.95,10.03,CoStar/Yardi Matrix,2025-Q4,https://www.yardimatrix.com
Shawnee,39.0228,-94.7152,1483,1236,11.29,55.77,33.78,8.92,CoStar/Yardi Matrix,2025-Q4,https://www.yardimatrix.com
Lenexa,38.9536,-94.7336,1839,1839,5.33,64.31,24.26,10.09,CoStar/Yardi Matrix,2025-Q4,https://www.yardimatrix.com
Lincoln NE,40.8136,-96.7026,1257,1134,9.17,56.68,30.32,8.86,CoStar/Yardi Matrix,2025-Q4,https://www.yardimatrix.com
Grand Island,40.925,-98.342,728,602,8.6,62.82,25.95,10.72,CoStar/Yardi Matrix,2025-Q4,https://www.yardimatrix.com
Rapid City,44.0805,-103.231,972,972,5.61,73.69,25.0,8.89,CoStar/Yardi Matrix,2025-Q4,https://www.yardimatrix.com
Bismarck,46.8083,-100.7837,1139,1094,8.37,58.98,28.88,7.92,CoStar/Yardi Matrix,2025-Q4,https://www.yardimatrix.com
Grand Forks,47.9253,-97.0329,854,743,9.23,52.83,28.77,9.06,CoStar/Yardi Matrix,2025-Q4,https://www.yardimatrix.com
Minot,48.2325,-101.2963,926,891,6.46,72.23,24.65,9.97,CoStar/Yardi Matrix,2025-Q4,https://www.yardimatrix.com
Missoula,46.8721,-113.994,1001,986,10.36,58.05,26.16,7.54,CoStar/Yardi Matrix,2025-Q4,https://www.yardimatrix.com
Great Falls,47.5002,-111.3008,800,812,11.6,60.66,25.88,9.55,CoStar/Yardi Matrix,2025-Q4,https://www.yardimatrix.com
Helena MT,46.5958,-112.027,954,942,7.14,62.84,30.24,10.51,CoStar/Yardi Matrix,2025-Q4,https://www.yardimatrix.com
Kalispell,48.192,-114.3168,1102,987,5.93,70.92,27.64,10.38,CoStar/Yardi Matrix,2025-Q4,https://www.yardimatrix.com
Casper,42.8501,-106.3252,724,666,6.88,61.01,33.23,10.78,CoStar/Yardi Matrix,2025-Q4,https://www.yardimatrix.com
Laramie,41.3114,-105.5911,766,710,9.42,61.38,31.52,8.34,CoStar/Yardi Matrix,2025-Q4,https://www.yardimatrix.com
Nampa,43.5407,-116.5635,1306,1315,6.74,55.74,24.01,8.99,CoStar/Yardi Matrix,2025-Q4,https://www.yardimatrix.com
Meridian,43.6121,-116.3915,1742,1603,11.41,62.81,28.47,8.78,CoStar/Yardi Matrix,2025-Q4,https://www.yardimatrix.com
Coeur d'Alene,47.6777,-116.7805,1256,1204,5.95,58.39,31.58,10.07,CoStar/Yardi Matrix,2025-Q4,https://www.yardimatrix.com
Twin Falls,42.5629,-114.4609,1074,1048,7.96,70.66,26.13,8.33,CoStar/Yardi Matrix,2025-Q4,https://www.yardimatrix.com
Pocatello,42.8713,-112.4455,953,896,9.17,60.86,26.57,7.24,CoStar/Yardi Matrix,2025-Q4,https://www.yardimatrix.com
West Valley City,40.6916,-112.001,1513,1447,10.89,70.32,29.0,8.4,CoStar/Yardi Matrix,2025-Q4,https://www.yardimatrix.com
West Jordan,40.6097,-111.9391,1720,1600,5.57,54.15,27.79,7.57,CoStar/Yardi Matrix,2025-Q4,https://www.yardimatrix.com
Sandy,40.5649,-111.8389,1618,1540,7.69,73.28,25.45,10.8,CoStar/Yardi Matrix,2025-Q4,https://www.yardimatrix.com
Lehi,40.3916,-111.8507,1933,1714,9.81,72.26,29.96,10.58,CoStar/Yardi Matrix,2025-Q4,https://www.yardimatrix.com
