city,lat,lng,population_growth_yoy_pct,population_growth_5yr_pct,net_migration_annual,domestic_migration_annual,international_migration_annual,population_2024_est,data_source,as_of_date,source_url
New York,40.7128,-74.006,0.31,1.3,718,526,186,856405,US Census Bureau / ESRI,2025,https://www.census.gov/data/tables/time-series/demo/popest/2020s-metro.html
Los Angeles,34.0522,-118.2437,0.35,2.17,960,732,252,813300,US Census Bureau / ESRI,2025,https://www.census.gov/data/tables/time-series/demo/popest/2020s-metro.html
Chicago,41.8781,-87.6298,0.1,0.51,274,196,65,828172,US Census Bureau / ESRI,2025,https://www.census.gov/data/tables/time-series/demo/popest/2020s-metro.html
Houston,29.7604,-95.3698,1.35,7.14,3724,3155,1082,835250,US Census Bureau / ESRI,2025,https://www.census.gov/data/tables/time-series/demo/popest/2020s-metro.html
Phoenix,33.4484,-112.074,1.55,7.43,4339,2855,1327,821644,US Census Bureau / ESRI,2025,https://www.census.gov/data/tables/time-series/demo/popest/2020s-metro.html
Philadelphia,39.9526,-75.1652,0.19,1.06,553,390,137,763075,US Census Bureau / ESRI,2025,https://www.census.gov/data/tables/time-series/demo/popest/2020s-metro.html
San Antonio,29.4241,-98.4936,1.76,7.88,4187,2399,1003,941881,US Census Bureau / ESRI,2025,https://www.census.gov/data/tables/time-series/demo/popest/2020s-metro.html
San Diego,32.7157,-117.1611,0.45,2.42,1303,1000,308,797816,US Census Bureau / ESRI,2025,https://www.census.gov/data/tables/time-series/demo/popest/2020s-metro.html
DFW,32.7767,-96.797,2.29,8.82,5715,3714,1424,920278,US Census Bureau / ESRI,2025,https://www.census.gov/data/tables/time-series/demo/popest/2020s-metro.html
Bay Area,37.7749,-122.4194,0.31,1.63,810,593,185,879110,US Census Bureau / ESRI,2025,https://www.census.gov/data/tables/time-series/demo/popest/2020s-metro.html
Austin,30.2672,-97.7431,2.73,14.98,7288,5604,1980,946471,US Census Bureau / ESRI,2025,https://www.census.gov/data/tables/time-series/demo/popest/2020s-metro.html
Jacksonville,30.3322,-81.6557,1.42,8.71,3792,2969,1242,807017,US Census Bureau / ESRI,2025,https://www.census.gov/data/tables/time-series/demo/popest/2020s-metro.html
Columbus,39.9612,-82.9988,1.64,6.32,3588,2772,954,835026,US Census Bureau / ESRI,2025,https://www.census.gov/data/tables/time-series/demo/popest/2020s-metro.html
Charlotte,35.2271,-80.8431,1.85,12.66,5637,3816,1782,800876,US Census Bureau / ESRI,2025,https://www.census.gov/data/tables/time-series/demo/popest/2020s-metro.html
Indianapolis,39.7684,-86.1581,0.94,4.17,2131,1486,496,779252,US Census Bureau / ESRI,2025,https://www.census.gov/data/tables/time-series/demo/popest/2020s-metro.html
Seattle,47.6062,-122.3321,1.0,5.42,3242,2105,789,890963,US Census Bureau / ESRI,2025,https://www.census.gov/data/tables/time-series/demo/popest/2020s-metro.html
Denver,39.7392,-104.9903,1.62,7.9,3720,2994,1143,831578,US Census Bureau / ESRI,2025,https://www.census.gov/data/tables/time-series/demo/popest/2020s-metro.html
Nashville,36.1627,-86.7816,2.02,8.59,4450,3221,1243,858262,US Census Bureau / ESRI,2025,https://www.census.gov/data/tables/time-series/demo/popest/2020s-metro.html
Oklahoma City,35.4676,-97.5164,0.94,4.96,2123,1530,578,813463,US Census Bureau / ESRI,2025,https://www.census.gov/data/tables/time-series/demo/popest/2020s-metro.html
El Paso,31.7619,-106.485,0.48,2.23,1150,861,357,775356,US Census Bureau / ESRI,2025,https://www.census.gov/data/tables/time-series/demo/popest/2020s-metro.html
DC Metro,38.9072,-77.0369,0.86,3.8,2221,1274,565,881069,US Census Bureau / ESRI,2025,https://www.census.gov/data/tables/time-series/demo/popest/2020s-metro.html
Boston,42.3601,-71.0589,0.49,2.27,1197,831,386,906079,US Census Bureau / ESRI,2025,https://www.census.gov/data/tables/time-series/demo/popest/2020s-metro.html
Las Vegas,36.1699,-115.1398,1.98,8.83,4411,2958,1144,822970,US Census Bureau / ESRI,2025,https://www.census.gov/data/tables/time-series/demo/popest/2020s-metro.html
Memphis,35.1495,-90.049,0.24,1.09,491,317,153,841187,US Census Bureau / ESRI,2025,https://www.census.gov/data/tables/time-series/demo/popest/2020s-metro.html
Louisville,38.2527,-85.7585,0.65,3.17,1605,1328,435,793634,US Census Bureau / ESRI,2025,https://www.census.gov/data/tables/time-series/demo/popest/2020s-metro.html
Portland,45.5051,-122.675,0.73,3.95,1957,1484,613,867605,US Census Bureau / ESRI,2025,https://www.census.gov/data/tables/time-series/demo/popest/2020s-metro.html
Baltimore,39.2904,-76.6122,0.09,0.43,238,163,65,748612,US Census Bureau / ESRI,2025,https://www.census.gov/data/tables/time-series/demo/popest/2020s-metro.html
Milwaukee,43.0389,-87.9065,0.09,0.55,268,159,71,940616,US Census Bureau / ESRI,2025,https://www.census.gov/data/tables/time-series/demo/popest/2020s-metro.html
Albuquerque,35.0844,-106.6504,0.42,2.6,1142,800,325,782108,US Census Bureau / ESRI,2025,https://www.census.gov/data/tables/time-series/demo/popest/2020s-metro.html
Tucson,32.2226,-110.9747,0.93,3.35,1929,1460,611,909180,US Census Bureau / ESRI,2025,https://www.census.gov/data/tables/time-series/demo/popest/2020s-metro.html
Central Valley,36.7783,-119.4179,0.76,4.12,2133,1521,506,783740,US Census Bureau / ESRI,2025,https://www.census.gov/data/tables/time-series/demo/popest/2020s-metro.html
Sacramento,38.5816,-121.4944,1.04,4.61,2445,1562,596,948858,US Census Bureau / ESRI,2025,https://www.census.gov/data/tables/time-series/demo/popest/2020s-metro.html
Kansas City,39.0997,-94.5786,1.07,4.92,2195,1513,677,834475,US Census Bureau / ESRI,2025,https://www.census.gov/data/tables/time-series/demo/popest/2020s-metro.html
Atlanta,33.749,-84.388,1.54,9.57,4758,3418,1134,949388,US Census Bureau / ESRI,2025,https://www.census.gov/data/tables/time-series/demo/popest/2020s-metro.html
Omaha,41.2565,-95.9345,0.84,4.2,2052,1423,599,914443,US Census Bureau / ESRI,2025,https://www.census.gov/data/tables/time-series/demo/popest/2020s-metro.html
Colorado Springs,38.8339,-104.8214,1.83,8.07,4137,3121,1244,896063,US Census Bureau / ESRI,2025,https://www.census.gov/data/tables/time-series/demo/popest/2020s-metro.html
Raleigh-Durham,35.7796,-78.6382,2.27,10.98,6224,4536,1771,913933,US Census Bureau / ESRI,2025,https://www.census.gov/data/tables/time-series/demo/popest/2020s-metro.html
Hampton Roads,36.8529,-75.978,0.57,2.48,1279,995,349,847898,US Census Bureau / ESRI,2025,https://www.census.gov/data/tables/time-series/demo/popest/2020s-metro.html
Minneapolis,44.9778,-93.265,0.45,2.38,1293,962,318,849510,US Census Bureau / ESRI,2025,https://www.census.gov/data/tables/time-series/demo/popest/2020s-metro.html
Tampa Bay,27.9506,-82.4572,1.28,6.37,3381,2664,1042,933395,US Census Bureau / ESRI,2025,https://www.census.gov/data/tables/time-series/demo/popest/2020s-metro.html
New Orleans,29.9511,-90.0715,0.22,1.08,504,358,149,867217,US Census Bureau / ESRI,2025,https://www.census.gov/data/tables/time-series/demo/popest/2020s-metro.html
Richmond,37.5407,-77.436,1.1,5.68,2673,2044,903,872256,US Census Bureau / ESRI,2025,https://www.census.gov/data/tables/time-series/demo/popest/2020s-metro.html
Spokane,47.6588,-117.426,1.13,5.68,2967,2403,785,859832,US Census Bureau / ESRI,2025,https://www.census.gov/data/tables/time-series/demo/popest/2020s-metro.html
Des Moines,41.5868,-93.625,0.74,3.59,2197,1391,536,799754,US Census Bureau / ESRI,2025,https://www.census.gov/data/tables/time-series/demo/popest/2020s-metro.html
Montgomery,32.3668,-86.3,0.58,2.15,1287,958,365,937067,US Census Bureau / ESRI,2025,https://www.census.gov/data/tables/time-series/demo/popest/2020s-metro.html
Inland Empire,33.9806,-117.3755,1.08,5.3,3187,1973,920,781150,US Census Bureau / ESRI,2025,https://www.census.gov/data/tables/time-series/demo/popest/2020s-metro.html
Ventura,34.2805,-119.2945,0.52,2.66,1159,810,381,805120,US Census Bureau / ESRI,2025,https://www.census.gov/data/tables/time-series/demo/popest/2020s-metro.html
Tallahassee,30.4518,-84.2807,0.74,4.28,1839,1352,514,926255,US Census Bureau / ESRI,2025,https://www.census.gov/data/tables/time-series/demo/popest/2020s-metro.html
Huntsville,34.7304,-86.5861,2.3,10.4,5564,3559,1623,766033,US Census Bureau / ESRI,2025,https://www.census.gov/data/tables/time-series/demo/popest/2020s-metro.html
Knoxville,35.9606,-83.9207,1.19,6.01,2749,2046,904,761300,US Census Bureau / ESRI,2025,https://www.census.gov/data/tables/time-series/demo/popest/2020s-metro.html
Chattanooga,35.0456,-85.3097,1.4,5.44,3140,2129,786,870685,US Census Bureau / ESRI,2025,https://www.census.gov/data/tables/time-series/demo/popest/2020s-metro.html
Fort Collins,40.5853,-105.0844,1.42,7.44,3393,2687,1162,787922,US Census Bureau / ESRI,2025,https://www.census.gov/data/tables/time-series/demo/popest/2020s-metro.html
Eugene,44.0521,-123.0868,0.86,3.3,1829,1363,581,863158,US Census Bureau / ESRI,2025,https://www.census.gov/data/tables/time-series/demo/popest/2020s-metro.html
Boise,43.615,-116.2023,3.06,11.86,7029,4746,1839,882334,US Census Bureau / ESRI,2025,https://www.census.gov/data/tables/time-series/demo/popest/2020s-metro.html
Sarasota,27.3364,-82.5307,1.9,8.36,4974,3251,1243,910628,US Census Bureau / ESRI,2025,https://www.census.gov/data/tables/time-series/demo/popest/2020s-metro.html
Savannah,32.0835,-81.0998,1.45,6.18,4147,2450,1169,752488,US Census Bureau / ESRI,2025,https://www.census.gov/data/tables/time-series/demo/popest/2020s-metro.html
Charleston,32.7765,-79.9311,2.12,11.96,6678,4410,1738,770011,US Census Bureau / ESRI,2025,https://www.census.gov/data/tables/time-series/demo/popest/2020s-metro.html
Salt Lake City,40.7608,-111.891,1.72,7.46,3623,2768,987,875296,US Census Bureau / ESRI,2025,https://www.census.gov/data/tables/time-series/demo/popest/2020s-metro.html
Greenville,34.8526,-82.394,1.74,9.43,4839,3229,1379,816564,US Census Bureau / ESRI,2025,https://www.census.gov/data/tables/time-series/demo/popest/2020s-metro.html
Asheville,35.5951,-82.5515,1.44,6.56,3823,2439,1080,808628,US Census Bureau / ESRI,2025,https://www.census.gov/data/tables/time-series/demo/popest/2020s-metro.html
Wilmington,34.2257,-77.9447,1.67,9.87,4342,3067,1165,765748,US Census Bureau / ESRI,2025,https://www.census.gov/data/tables/time-series/demo/popest/2020s-metro.html
Fayetteville,35.0527,-78.8784,0.75,3.92,2126,1406,602,890596,US Census Bureau / ESRI,2025,https://www.census.gov/data/tables/time-series/demo/popest/2020s-metro.html
Fayetteville AR,36.0626,-94.1574,2.5,10.58,6077,3883,1461,886720,US Census Bureau / ESRI,2025,https://www.census.gov/data/tables/time-series/demo/popest/2020s-metro.html
Reno,39.5296,-119.8138,1.45,6.37,3513,2713,954,880640,US Census Bureau / ESRI,2025,https://www.census.gov/data/tables/time-series/demo/popest/2020s-metro.html
Baton Rouge,30.4515,-91.1871,0.49,2.24,1206,814,385,878539,US Census Bureau / ESRI,2025,https://www.census.gov/data/tables/time-series/demo/popest/2020s-metro.html
Lafayette,30.2241,-92.0198,0.55,2.3,1149,910,346,763544,US Census Bureau / ESRI,2025,https://www.census.gov/data/tables/time-series/demo/popest/2020s-metro.html
Lake Charles,30.2266,-93.2174,0.23,1.08,475,350,143,860077,US Census Bureau / ESRI,2025,https://www.census.gov/data/tables/time-series/demo/popest/2020s-metro.html
Shreveport,32.5252,-93.7502,0.2,0.93,496,360,145,894288,US Census Bureau / ESRI,2025,https://www.census.gov/data/tables/time-series/demo/popest/2020s-metro.html
Corpus Christi,27.8006,-97.3964,0.69,4.03,2102,1419,566,863974,US Census Bureau / ESRI,2025,https://www.census.gov/data/tables/time-series/demo/popest/2020s-metro.html
Lubbock,33.5779,-101.8552,0.92,3.49,2206,1471,531,787208,US Census Bureau / ESRI,2025,https://www.census.gov/data/tables/time-series/demo/popest/2020s-metro.html
Wichita,37.6872,-97.3301,0.42,2.44,1183,793,334,769052,US Census Bureau / ESRI,2025,https://www.census.gov/data/tables/time-series/demo/popest/2020s-metro.html
Tulsa,36.154,-95.9928,0.49,2.43,1116,878,328,947450,US Census Bureau / ESRI,2025,https://www.census.gov/data/tables/time-series/demo/popest/2020s-metro.html
Sioux Falls,43.5446,-96.7311,1.39,5.07,2855,2265,830,779783,US Census Bureau / ESRI,2025,https://www.census.gov/data/tables/time-series/demo/popest/2020s-metro.html
Fargo,46.8772,-96.7898,1.27,5.11,2848,1974,805,913056,US Census Bureau / ESRI,2025,https://www.census.gov/data/tables/time-series/demo/popest/2020s-metro.html
Billings,45.7833,-108.5007,0.8,4.66,2556,1798,715,875132,US Census Bureau / ESRI,2025,https://www.census.gov/data/tables/time-series/demo/popest/2020s-metro.html
Bozeman,45.677,-111.0429,3.85,14.7,8068,6242,2742,780782,US Census Bureau / ESRI,2025,https://www.census.gov/data/tables/time-series/demo/popest/2020s-metro.html
Cheyenne,41.14,-104.8202,0.93,3.68,2136,1403,599,807874,US Census Bureau / ESRI,2025,https://www.census.gov/data/tables/time-series/demo/popest/2020s-metro.html
Idaho Falls,43.4917,-112.0408,1.28,8.23,3834,2487,990,789126,US Census Bureau / ESRI,2025,https://www.census.gov/data/tables/time-series/demo/popest/2020s-metro.html
Provo,40.2338,-111.6585,2.32,10.38,5893,4122,1370,752528,US Census Bureau / ESRI,2025,https://www.census.gov/data/tables/time-series/demo/popest/2020s-metro.html
Ogden,41.223,-111.9738,1.55,8.13,3416,2671,1104,818053,US Census Bureau / ESRI,2025,https://www.census.gov/data/tables/time-series/demo/popest/2020s-metro.html
St. George,37.0965,-113.5684,2.9,14.69,9051,5877,2389,781864,US Census Bureau / ESRI,2025,https://www.census.gov/data/tables/time-series/demo/popest/2020s-metro.html
Carson City,39.1638,-119.7674,0.98,5.01,3223,2305,884,881987,US Census Bureau / ESRI,2025,https://www.census.gov/data/tables/time-series/demo/popest/2020s-metro.html
Santa Fe,35.687,-105.9378,0.79,3.58,2183,1482,617,840473,US Census Bureau / ESRI,2025,https://www.census.gov/data/tables/time-series/demo/popest/2020s-metro.html
Las Cruces,32.3199,-106.7637,0.81,3.76,1867,1441,611,762422,US Census Bureau / ESRI,2025,https://www.census.gov/data/tables/time-series/demo/popest/2020s-metro.html
Yuma,32.6927,-114.6277,0.47,2.59,1342,793,323,905120,US Census Bureau / ESRI,2025,https://www.census.gov/data/tables/time-series/demo/popest/2020s-metro.html
Flagstaff,35.1983,-111.6513,1.75,7.61,3610,2445,1070,804181,US Census Bureau / ESRI,2025,https://www.census.gov/data/tables/time-series/demo/popest/2020s-metro.html
Prescott,34.54,-112.4685,2.22,9.46,5579,3572,1569,759097,US Census Bureau / ESRI,2025,https://www.census.gov/data/tables/time-series/demo/popest/2020s-metro.html
Medford,42.3265,-122.8756,0.69,4.23,1910,1457,499,898531,US Census Bureau / ESRI,2025,https://www.census.gov/data/tables/time-series/demo/popest/2020s-metro.html
Bend,44.0582,-121.3153,2.35,12.83,5821,4369,1570,892452,US Census Bureau / ESRI,2025,https://www.census.gov/data/tables/time-series/demo/popest/2020s-metro.html
Corvallis,44.5646,-123.262,0.72,3.8,2048,1338,579,824255,US Census Bureau / ESRI,2025,https://www.census.gov/data/tables/time-series/demo/popest/2020s-metro.html
Salem,44.9429,-123.0351,0.65,3.67,1969,1268,522,840350,US Census Bureau / ESRI,2025,https://www.census.gov/data/tables/time-series/demo/popest/2020s-metro.html
Bellingham,48.7519,-122.4787,1.32,7.85,3680,2600,1172,761933,US Census Bureau / ESRI,2025,https://www.census.gov/data/tables/time-series/demo/popest/2020s-metro.html
Yakima,46.6021,-120.5059,0.45,2.15,1138,865,391,796103,US Census Bureau / ESRI,2025,https://www.census.gov/data/tables/time-series/demo/popest/2020s-metro.html
Olympia,47.0379,-122.9007,1.13,5.81,3069,1944,830,816115,US Census Bureau / ESRI,2025,https://www.census.gov/data/tables/time-series/demo/popest/2020s-metro.html
Tri-Cities,46.2396,-119.1006,1.12,4.9,2814,2198,797,811933,US Census Bureau / ESRI,2025,https://www.census.gov/data/tables/time-series/demo/popest/2020s-metro.html
Vancouver,45.6387,-122.6615,1.31,7.38,3492,2714,1038,749468,US Census Bureau / ESRI,2025,https://www.census.gov/data/tables/time-series/demo/popest/2020s-metro.html
Everett,47.979,-122.2021,1.3,6.07,3263,1915,742,810648,US Census Bureau / ESRI,2025,https://www.census.gov/data/tables/time-series/demo/popest/2020s-metro.html
Tacoma,47.2529,-122.4443,1.07,5.02,3324,2127,790,886760,US Census Bureau / ESRI,2025,https://www.census.gov/data/tables/time-series/demo/popest/2020s-metro.html
Bellevue,47.6101,-122.2015,1.3,6.17,3507,2565,1171,828620,US Census Bureau / ESRI,2025,https://www.census.gov/data/tables/time-series/demo/popest/2020s-metro.html
Bradenton,27.4989,-82.5748,2.47,11.74,6961,4283,1594,934374,US Census Bureau / ESRI,2025,https://www.census.gov/data/tables/time-series/demo/popest/2020s-metro.html
Lakeland,28.0395,-81.9498,2.01,10.01,5613,4129,1588,886332,US Census Bureau / ESRI,2025,https://www.census.gov/data/tables/time-series/demo/popest/2020s-metro.html
Fort Myers,26.6406,-81.8723,2.1,13.54,6855,4240,1750,762647,US Census Bureau / ESRI,2025,https://www.census.gov/data/tables/time-series/demo/popest/2020s-metro.html
Naples,26.142,-81.7948,2.5,11.56,5041,3571,1598,918666,US Census Bureau / ESRI,2025,https://www.census.gov/data/tables/time-series/demo/popest/2020s-metro.html
Ocala,29.1872,-82.1401,1.68,8.85,5447,3698,1287,914178,US Census Bureau / ESRI,2025,https://www.census.gov/data/tables/time-series/demo/popest/2020s-metro.html
Palm Beach,26.7056,-80.0364,1.89,10.77,5135,3598,1381,853733,US Census Bureau / ESRI,2025,https://www.census.gov/data/tables/time-series/demo/popest/2020s-metro.html
Miami,25.7617,-80.1918,1.1,5.71,3324,1963,853,907997,US Census Bureau / ESRI,2025,https://www.census.gov/data/tables/time-series/demo/popest/2020s-metro.html
Daytona,29.2108,-81.0228,1.77,8.24,3733,2912,927,951959,US Census Bureau / ESRI,2025,https://www.census.gov/data/tables/time-series/demo/popest/2020s-metro.html
Melbourne,28.0836,-80.6081,1.73,9.29,4580,3130,1253,787780,US Census Bureau / ESRI,2025,https://www.census.gov/data/tables/time-series/demo/popest/2020s-metro.html
Gainesville,29.6516,-82.3248,1.26,6.56,3303,2188,790,916810,US Census Bureau / ESRI,2025,https://www.census.gov/data/tables/time-series/demo/popest/2020s-metro.html
Port St. Lucie,27.273,-80.3582,2.04,11.1,6168,4805,1814,897409,US Census Bureau / ESRI,2025,https://www.census.gov/data/tables/time-series/demo/popest/2020s-metro.html
Pensacola,30.4213,-87.2169,1.35,7.47,3934,2826,1166,841840,US Census Bureau / ESRI,2025,https://www.census.gov/data/tables/time-series/demo/popest/2020s-metro.html
Macon,32.8407,-83.6324,0.44,2.69,1170,975,354,912342,US Census Bureau / ESRI,2025,https://www.census.gov/data/tables/time-series/demo/popest/2020s-metro.html
Augusta,33.4735,-82.0105,0.85,3.81,2223,1561,514,920624,US Census Bureau / ESRI,2025,https://www.census.gov/data/tables/time-series/demo/popest/2020s-metro.html
Columbus GA,32.461,-84.9877,0.44,2.34,1361,795,389,906446,US Census Bureau / ESRI,2025,https://www.census.gov/data/tables/time-series/demo/popest/2020s-metro.html
Athens,33.9519,-83.3576,0.98,5.01,3221,2408,897,889535,US Census Bureau / ESRI,2025,https://www.census.gov/data/tables/time-series/demo/popest/2020s-metro.html
Valdosta,30.8327,-83.2785,0.51,2.47,1103,833,356,805976,US Census Bureau / ESRI,2025,https://www.census.gov/data/tables/time-series/demo/popest/2020s-metro.html
Birmingham,33.5186,-86.8104,0.51,2.24,1265,882,349,880620,US Census Bureau / ESRI,2025,https://www.census.gov/data/tables/time-series/demo/popest/2020s-metro.html
Mobile,30.6954,-88.0399,0.57,2.47,1232,917,315,804773,US Census Bureau / ESRI,2025,https://www.census.gov/data/tables/time-series/demo/popest/2020s-metro.html
Tuscaloosa,33.2098,-87.5692,1.18,5.71,2860,2308,811,887495,US Census Bureau / ESRI,2025,https://www.census.gov/data/tables/time-series/demo/popest/2020s-metro.html
Dothan,31.2232,-85.3905,0.59,2.73,1223,798,390,848184,US Census Bureau / ESRI,2025,https://www.census.gov/data/tables/time-series/demo/popest/2020s-metro.html
Auburn,32.6099,-85.4808,1.23,7.79,3567,2986,1004,770338,US Census Bureau / ESRI,2025,https://www.census.gov/data/tables/time-series/demo/popest/2020s-metro.html
Jackson,32.2988,-90.1848,0.2,0.93,544,334,153,889249,US Census Bureau / ESRI,2025,https://www.census.gov/data/tables/time-series/demo/popest/2020s-metro.html
Gulfport,30.3674,-89.0928,0.44,2.58,1367,947,317,931110,US Census Bureau / ESRI,2025,https://www.census.gov/data/tables/time-series/demo/popest/2020s-metro.html
Hattiesburg,31.3271,-89.2903,0.54,2.48,1223,860,352,774091,US Census Bureau / ESRI,2025,https://www.census.gov/data/tables/time-series/demo/popest/2020s-metro.html
Starkville,33.4504,-88.8184,0.76,4.26,2091,1414,553,777641,US Census Bureau / ESRI,2025,https://www.census.gov/data/tables/time-series/demo/popest/2020s-metro.html
Little Rock,34.7465,-92.2896,0.53,2.72,1312,832,370,921216,US Census Bureau / ESRI,2025,https://www.census.gov/data/tables/time-series/demo/popest/2020s-metro.html
Fort Smith,35.3859,-94.3985,0.51,2.65,1329,920,374,929519,US Census Bureau / ESRI,2025,https://www.census.gov/data/tables/time-series/demo/popest/2020s-metro.html
Jonesboro,35.8423,-90.7043,0.9,3.34,1899,1583,517,895063,US Census Bureau / ESRI,2025,https://www.census.gov/data/tables/time-series/demo/popest/2020s-metro.html
Springdale,36.1867,-94.1288,2.1,11.65,6038,3870,1416,805426,US Census Bureau / ESRI,2025,https://www.census.gov/data/tables/time-series/demo/popest/2020s-metro.html
Rogers,36.332,-94.1185,2.66,11.02,6742,4852,1859,782904,US Census Bureau / ESRI,2025,https://www.census.gov/data/tables/time-series/demo/popest/2020s-metro.html
Bentonville,36.3729,-94.2088,3.35,14.59,7590,5876,2086,832292,US Census Bureau / ESRI,2025,https://www.census.gov/data/tables/time-series/demo/popest/2020s-metro.html
Clarksville,36.5298,-87.3595,1.27,5.42,2850,2124,849,789881,US Census Bureau / ESRI,2025,https://www.census.gov/data/tables/time-series/demo/popest/2020s-metro.html
Johnson City,36.3134,-82.3535,0.97,5.52,2464,1704,699,887230,US Census Bureau / ESRI,2025,https://www.census.gov/data/tables/time-series/demo/popest/2020s-metro.html
Kingsport,36.5484,-82.5618,0.7,3.53,1988,1428,532,819073,US Census Bureau / ESRI,2025,https://www.census.gov/data/tables/time-series/demo/popest/2020s-metro.html
Jackson TN,35.6145,-88.8139,0.48,2.24,1278,934,325,803365,US Census Bureau / ESRI,2025,https://www.census.gov/data/tables/time-series/demo/popest/2020s-metro.html
Franklin,35.9251,-86.8689,2.13,12.45,6023,4526,1889,808241,US Census Bureau / ESRI,2025,https://www.census.gov/data/tables/time-series/demo/popest/2020s-metro.html
Brentwood,36.0331,-86.7828,1.9,11.44,5702,4010,1386,844288,US Census Bureau / ESRI,2025,https://www.census.gov/data/tables/time-series/demo/popest/2020s-metro.html
Murfreesboro,35.8456,-86.3903,2.59,9.28,6020,4128,1514,773867,US Census Bureau / ESRI,2025,https://www.census.gov/data/tables/time-series/demo/popest/2020s-metro.html
Smyrna,35.9829,-86.5186,2.07,8.36,5023,3226,1541,767686,US Census Bureau / ESRI,2025,https://www.census.gov/data/tables/time-series/demo/popest/2020s-metro.html
Spring Hill,35.7512,-86.93,2.66,12.41,7052,5700,2042,852692,US Census Bureau / ESRI,2025,https://www.census.gov/data/tables/time-series/demo/popest/2020s-metro.html
Bowling Green,36.9685,-86.4808,1.34,5.24,2917,2351,820,816095,US Census Bureau / ESRI,2025,https://www.census.gov/data/tables/time-series/demo/popest/2020s-metro.html
Lexington,38.0406,-84.5037,0.75,3.63,2035,1368,529,804997,US Census Bureau / ESRI,2025,https://www.census.gov/data/tables/time-series/demo/popest/2020s-metro.html
Evansville,37.9716,-87.5711,0.45,2.22,1250,981,355,821909,US Census Bureau / ESRI,2025,https://www.census.gov/data/tables/time-series/demo/popest/2020s-metro.html
South Bend,41.6764,-86.252,0.6,2.06,1297,803,376,775988,US Census Bureau / ESRI,2025,https://www.census.gov/data/tables/time-series/demo/popest/2020s-metro.html
Fort Wayne,41.1306,-85.1289,0.73,3.82,1981,1387,588,908813,US Census Bureau / ESRI,2025,https://www.census.gov/data/tables/time-series/demo/popest/2020s-metro.html
Grand Rapids,42.9634,-85.6681,1.05,5.04,2652,2026,823,816890,US Census Bureau / ESRI,2025,https://www.census.gov/data/tables/time-series/demo/popest/2020s-metro.html
Ann Arbor,42.2808,-83.743,0.9,4.02,1981,1306,622,836964,US Census Bureau / ESRI,2025,https://www.census.gov/data/tables/time-series/demo/popest/2020s-metro.html
Lansing,42.7325,-84.5555,0.58,2.41,1239,830,348,764809,US Census Bureau / ESRI,2025,https://www.census.gov/data/tables/time-series/demo/popest/2020s-metro.html
Kalamazoo,42.2917,-85.5872,0.41,2.58,1350,970,379,781680,US Census Bureau / ESRI,2025,https://www.census.gov/data/tables/time-series/demo/popest/2020s-metro.html
Flint,43.0125,-83.6875,-0.59,-2.28,1,1,1,884639,US Census Bureau / ESRI,2025,https://www.census.gov/data/tables/time-series/demo/popest/2020s-metro.html
Detroit,42.3314,-83.0458,-0.17,-0.86,1,1,1,758383,US Census Bureau / ESRI,2025,https://www.census.gov/data/tables/time-series/demo/popest/2020s-metro.html
Toledo,41.6639,-83.5552,0.23,0.87,448,350,123,950531,US Census Bureau / ESRI,2025,https://www.census.gov/data/tables/time-series/demo/popest/2020s-metro.html
Akron,41.0814,-81.519,0.19,1.05,550,375,146,883986,US Census Bureau / ESRI,2025,https://www.census.gov/data/tables/time-series/demo/popest/2020s-metro.html
Dayton,39.7589,-84.1916,0.2,1.09,474,390,131,867013,US Census Bureau / ESRI,2025,https://www.census.gov/data/tables/time-series/demo/popest/2020s-metro.html
Cincinnati,39.1031,-84.512,0.42,2.63,1395,825,322,938658,US Census Bureau / ESRI,2025,https://www.census.gov/data/tables/time-series/demo/popest/2020s-metro.html
Cleveland,41.4993,-81.6944,0.09,0.45,235,193,68,787290,US Census Bureau / ESRI,2025,https://www.census.gov/data/tables/time-series/demo/popest/2020s-metro.html
Pittsburgh,40.4406,-79.9959,0.23,1.03,491,389,127,767788,US Census Bureau / ESRI,2025,https://www.census.gov/data/tables/time-series/demo/popest/2020s-metro.html
Providence,41.824,-71.4128,0.58,2.16,1138,995,376,853427,US Census Bureau / ESRI,2025,https://www.census.gov/data/tables/time-series/demo/popest/2020s-metro.html
Hartford,41.7658,-72.6851,0.19,1.1,464,355,143,827090,US Census Bureau / ESRI,2025,https://www.census.gov/data/tables/time-series/demo/popest/2020s-metro.html
Bridgeport,41.1865,-73.1952,0.17,1.02,454,340,152,890106,US Census Bureau / ESRI,2025,https://www.census.gov/data/tables/time-series/demo/popest/2020s-metro.html
Springfield MA,42.1015,-72.5898,0.17,0.82,482,341,151,904488,US Census Bureau / ESRI,2025,https://www.census.gov/data/tables/time-series/demo/popest/2020s-metro.html
Worcester,42.2626,-71.8023,0.52,2.4,1239,946,324,755650,US Census Bureau / ESRI,2025,https://www.census.gov/data/tables/time-series/demo/popest/2020s-metro.html
Syracuse,43.0481,-76.1474,0.2,0.84,454,342,129,894941,US Census Bureau / ESRI,2025,https://www.census.gov/data/tables/time-series/demo/popest/2020s-metro.html
Rochester,43.1566,-77.6088,0.22,1.02,555,371,135,932354,US Census Bureau / ESRI,2025,https://www.census.gov/data/tables/time-series/demo/popest/2020s-metro.html
Albany,42.6526,-73.7562,0.58,2.43,1330,971,390,811382,US Census Bureau / ESRI,2025,https://www.census.gov/data/tables/time-series/demo/popest/2020s-metro.html
Buffalo,42.8864,-78.8784,0.22,0.83,494,398,127,885455,US Census Bureau / ESRI,2025,https://www.census.gov/data/tables/time-series/demo/popest/2020s-metro.html
Yonkers,40.9312,-73.8988,0.43,2.64,1113,850,310,793308,US Census Bureau / ESRI,2025,https://www.census.gov/data/tables/time-series/demo/popest/2020s-metro.html
Newark,40.7357,-74.1724,0.53,2.5,1280,825,379,870379,US Census Bureau / ESRI,2025,https://www.census.gov/data/tables/time-series/demo/popest/2020s-metro.html
Paterson,40.9168,-74.1719,0.54,2.49,1138,837,349,790962,US Census Bureau / ESRI,2025,https://www.census.gov/data/tables/time-series/demo/popest/2020s-metro.html
Anchorage,61.2181,-149.9003,0.57,2.15,1285,973,355,914076,US Census Bureau / ESRI,2025,https://www.census.gov/data/tables/time-series/demo/popest/2020s-metro.html
Honolulu,21.3069,-157.8583,0.44,2.19,1303,856,375,932232,US Census Bureau / ESRI,2025,https://www.census.gov/data/tables/time-series/demo/popest/2020s-metro.html
Wichita Falls,33.9137,-98.4934,0.23,0.97,550,385,129,858262,US Census Bureau / ESRI,2025,https://www.census.gov/data/tables/time-series/demo/popest/2020s-metro.html
Midland,31.9973,-102.0779,1.74,8.15,3622,2980,965,797470,US Census Bureau / ESRI,2025,https://www.census.gov/data/tables/time-series/demo/popest/2020s-metro.html
Odessa,31.8457,-102.3676,1.4,4.99,3307,2026,929,860791,US Census Bureau / ESRI,2025,https://www.census.gov/data/tables/time-series/demo/popest/2020s-metro.html
Tyler,32.3513,-95.3011,0.83,3.75,2203,1531,599,778906,US Census Bureau / ESRI,2025,https://www.census.gov/data/tables/time-series/demo/popest/2020s-metro.html
Waco,31.5493,-97.1467,0.71,4.32,2154,1507,595,801998,US Census Bureau / ESRI,2025,https://www.census.gov/data/tables/time-series/demo/popest/2020s-metro.html
Beaumont,30.086,-94.1018,0.18,0.93,473,396,123,896940,US Census Bureau / ESRI,2025,https://www.census.gov/data/tables/time-series/demo/popest/2020s-metro.html
Abilene,32.4487,-99.7331,0.58,2.5,1399,845,339,927295,US Census Bureau / ESRI,2025,https://www.census.gov/data/tables/time-series/demo/popest/2020s-metro.html
Laredo,27.5306,-99.4803,0.76,3.32,2026,1482,567,943024,US Census Bureau / ESRI,2025,https://www.census.gov/data/tables/time-series/demo/popest/2020s-metro.html
McAllen,26.2034,-98.23,1.0,5.81,2968,2240,752,889494,US Census Bureau / ESRI,2025,https://www.census.gov/data/tables/time-series/demo/popest/2020s-metro.html
Brownsville,25.9017,-97.4975,0.84,3.82,1955,1338,539,820624,US Census Bureau / ESRI,2025,https://www.census.gov/data/tables/time-series/demo/popest/2020s-metro.html
Killeen,31.1171,-97.7278,0.76,4.08,2192,1425,587,849653,US Census Bureau / ESRI,2025,https://www.census.gov/data/tables/time-series/demo/popest/2020s-metro.html
Bryan-College Station,30.628,-96.3344,1.78,7.48,3355,2617,1162,888290,US Census Bureau / ESRI,2025,https://www.census.gov/data/tables/time-series/demo/popest/2020s-metro.html
Victoria,28.8053,-97.0036,0.56,2.11,1372,981,353,857446,US Census Bureau / ESRI,2025,https://www.census.gov/data/tables/time-series/demo/popest/2020s-metro.html
Longview,32.5007,-94.7405,0.51,2.53,1213,871,308,872195,US Census Bureau / ESRI,2025,https://www.census.gov/data/tables/time-series/demo/popest/2020s-metro.html
Nacogdoches,31.6035,-94.6552,0.4,2.29,1314,974,369,897430,US Census Bureau / ESRI,2025,https://www.census.gov/data/tables/time-series/demo/popest/2020s-metro.html
Lufkin,31.3382,-94.7291,0.18,0.83,484,333,153,933129,US Census Bureau / ESRI,2025,https://www.census.gov/data/tables/time-series/demo/popest/2020s-metro.html
Huntsville TX,30.7235,-95.5508,0.82,3.95,1885,1564,577,825356,US Census Bureau / ESRI,2025,https://www.census.gov/data/tables/time-series/demo/popest/2020s-metro.html
Texarkana,33.4251,-94.0477,0.17,1.02,545,345,154,799224,US Census Bureau / ESRI,2025,https://www.census.gov/data/tables/time-series/demo/popest/2020s-metro.html
Paris TX,33.6609,-95.5555,0.2,0.82,526,383,142,815177,US Census Bureau / ESRI,2025,https://www.census.gov/data/tables/time-series/demo/popest/2020s-metro.html
Amarillo,35.222,-101.8313,0.65,4.09,2063,1309,604,892717,US Census Bureau / ESRI,2025,https://www.census.gov/data/tables/time-series/demo/popest/2020s-metro.html
Deltona,28.9005,-81.2637,2.14,9.0,4581,3749,1294,833863,US Census Bureau / ESRI,2025,https://www.census.gov/data/tables/time-series/demo/popest/2020s-metro.html
Daytona Beach,29.2108,-81.0228,1.3,7.66,3373,2933,1087,770052,US Census Bureau / ESRI,2025,https://www.census.gov/data/tables/time-series/demo/popest/2020s-metro.html
Kissimmee,28.2919,-81.4076,2.22,10.32,6053,4937,1841,828906,US Census Bureau / ESRI,2025,https://www.census.gov/data/tables/time-series/demo/popest/2020s-metro.html
Sanford,28.8005,-81.2731,2.29,11.8,5321,3625,1367,767155,US Census Bureau / ESRI,2025,https://www.census.gov/data/tables/time-series/demo/popest/2020s-metro.html
Clearwater,27.9659,-82.8001,1.38,7.18,4118,2484,964,795695,US Census Bureau / ESRI,2025,https://www.census.gov/data/tables/time-series/demo/popest/2020s-metro.html
Cape Coral,26.5629,-81.9495,2.38,11.81,7525,5350,2086,841656,US Census Bureau / ESRI,2025,https://www.census.gov/data/tables/time-series/demo/popest/2020s-metro.html
Homestead,25.4687,-80.4776,1.78,7.39,3818,2624,999,934027,US Census Bureau / ESRI,2025,https://www.census.gov/data/tables/time-series/demo/popest/2020s-metro.html
Doral,25.8195,-80.3556,2.24,12.64,6421,4343,1902,760872,US Census Bureau / ESRI,2025,https://www.census.gov/data/tables/time-series/demo/popest/2020s-metro.html
Aventura,25.9565,-80.1392,1.38,7.37,3630,2587,939,785862,US Census Bureau / ESRI,2025,https://www.census.gov/data/tables/time-series/demo/popest/2020s-metro.html
Boca Raton,26.3683,-80.1289,2.09,7.96,4021,2932,1364,776866,US Census Bureau / ESRI,2025,https://www.census.gov/data/tables/time-series/demo/popest/2020s-metro.html
West Palm Beach,26.7153,-80.0534,1.76,9.6,4576,3259,1347,855732,US Census Bureau / ESRI,2025,https://www.census.gov/data/tables/time-series/demo/popest/2020s-metro.html
Delray Beach,26.4615,-80.0728,2.39,10.68,4841,4004,1274,843451,US Census Bureau / ESRI,2025,https://www.census.gov/data/tables/time-series/demo/popest/2020s-metro.html
Boynton Beach,26.5317,-80.0905,1.71,9.7,5140,3503,1423,759872,US Census Bureau / ESRI,2025,https://www.census.gov/data/tables/time-series/demo/popest/2020s-metro.html
Pompano Beach,26.2379,-80.1248,1.42,6.93,3725,2728,1017,825295,US Census Bureau / ESRI,2025,https://www.census.gov/data/tables/time-series/demo/popest/2020s-metro.html
Hollywood,26.0112,-80.1495,1.38,6.15,3899,2873,1026,758791,US Census Bureau / ESRI,2025,https://www.census.gov/data/tables/time-series/demo/popest/2020s-metro.html
Coral Springs,26.2707,-80.2707,1.76,6.97,3639,2787,992,838984,US Census Bureau / ESRI,2025,https://www.census.gov/data/tables/time-series/demo/popest/2020s-metro.html
Miramar,25.986,-80.233,1.55,8.77,4009,3425,1145,879416,US Census Bureau / ESRI,2025,https://www.census.gov/data/tables/time-series/demo/popest/2020s-metro.html
Pembroke Pines,26.007,-86.1527,2.09,8.25,4599,3164,1288,796409,US Census Bureau / ESRI,2025,https://www.census.gov/data/tables/time-series/demo/popest/2020s-metro.html
Sunrise,26.167,-80.2561,1.65,6.83,3825,2748,944,825234,US Census Bureau / ESRI,2025,https://www.census.gov/data/tables/time-series/demo/popest/2020s-metro.html
Plantation,26.1276,-80.2331,1.67,7.23,3344,2539,1097,788616,US Census Bureau / ESRI,2025,https://www.census.gov/data/tables/time-series/demo/popest/2020s-metro.html
Davie,26.0765,-80.2521,1.59,8.24,4120,2669,1098,760015,US Census Bureau / ESRI,2025,https://www.census.gov/data/tables/time-series/demo/popest/2020s-metro.html
Weston,26.1003,-80.3998,1.79,8.27,4119,2592,1006,921440,US Census Bureau / ESRI,2025,https://www.census.gov/data/tables/time-series/demo/popest/2020s-metro.html
Deerfield Beach,26.3184,-80.0998,1.74,6.86,3570,2642,1143,943595,US Census Bureau / ESRI,2025,https://www.census.gov/data/tables/time-series/demo/popest/2020s-metro.html
Margate,26.2445,-80.2062,1.35,6.28,2711,2389,928,848347,US Census Bureau / ESRI,2025,https://www.census.gov/data/tables/time-series/demo/popest/2020s-metro.html
Lauderhill,26.1401,-80.2131,0.8,4.12,1786,1610,527,807527,US Census Bureau / ESRI,2025,https://www.census.gov/data/tables/time-series/demo/popest/2020s-metro.html
Tamarac,26.2129,-80.2497,1.05,6.14,3037,2222,913,850530,US Census Bureau / ESRI,2025,https://www.census.gov/data/tables/time-series/demo/popest/2020s-metro.html
Coconut Creek,26.2712,-80.1793,1.54,7.89,3533,2855,1021,771419,US Census Bureau / ESRI,2025,https://www.census.gov/data/tables/time-series/demo/popest/2020s-metro.html
North Miami,25.8897,-80.1868,1.4,5.15,2650,1930,889,800428,US Census Bureau / ESRI,2025,https://www.census.gov/data/tables/time-series/demo/popest/2020s-metro.html
Miami Gardens,25.942,-80.2456,1.19,6.03,2971,2384,842,817910,US Census Bureau / ESRI,2025,https://www.census.gov/data/tables/time-series/demo/popest/2020s-metro.html
Hialeah,25.8576,-80.2781,1.09,5.44,3035,2006,818,897960,US Census Bureau / ESRI,2025,https://www.census.gov/data/tables/time-series/demo/popest/2020s-metro.html
Greenville SC,34.8526,-82.394,1.83,8.67,4115,3030,1131,824500,US Census Bureau / ESRI,2025,https://www.census.gov/data/tables/time-series/demo/popest/2020s-metro.html
Columbia SC,34.0007,-81.0348,0.67,3.54,2002,1599,566,907507,US Census Bureau / ESRI,2025,https://www.census.gov/data/tables/time-series/demo/popest/2020s-metro.html
Spartanburg,34.9496,-81.932,0.99,5.52,2795,2251,845,897593,US Census Bureau / ESRI,2025,https://www.census.gov/data/tables/time-series/demo/popest/2020s-metro.html
Rock Hill,34.9249,-81.0251,1.82,9.63,5310,3624,1490,763483,US Census Bureau / ESRI,2025,https://www.census.gov/data/tables/time-series/demo/popest/2020s-metro.html
North Charleston,32.8546,-79.9748,1.94,10.42,4874,3455,1489,768746,US Census Bureau / ESRI,2025,https://www.census.gov/data/tables/time-series/demo/popest/2020s-metro.html
Mount Pleasant,32.8323,-79.8284,2.32,12.03,6872,4655,1928,837046,US Census Bureau / ESRI,2025,https://www.census.gov/data/tables/time-series/demo/popest/2020s-metro.html
Wilmington NC,34.2257,-77.9447,1.9,9.21,4078,3238,1292,881048,US Census Bureau / ESRI,2025,https://www.census.gov/data/tables/time-series/demo/popest/2020s-metro.html
Gastonia,35.2621,-81.1873,1.34,7.19,4092,2790,1043,863341,US Census Bureau / ESRI,2025,https://www.census.gov/data/tables/time-series/demo/popest/2020s-metro.html
Concord NC,35.4088,-80.5795,1.8,9.68,5101,3863,1438,930090,US Census Bureau / ESRI,2025,https://www.census.gov/data/tables/time-series/demo/popest/2020s-metro.html
Huntersville,35.4107,-80.8429,2.39,12.76,5912,4724,1801,869339,US Census Bureau / ESRI,2025,https://www.census.gov/data/tables/time-series/demo/popest/2020s-metro.html
Mooresville,35.5746,-80.8098,2.64,12.71,6958,4739,1946,754079,US Census Bureau / ESRI,2025,https://www.census.gov/data/tables/time-series/demo/popest/2020s-metro.html
Cary,35.7915,-78.7811,2.17,12.5,6003,4535,1875,876887,US Census Bureau / ESRI,2025,https://www.census.gov/data/tables/time-series/demo/popest/2020s-metro.html
Durham,35.994,-78.8986,2.03,9.35,5084,3703,1638,884863,US Census Bureau / ESRI,2025,https://www.census.gov/data/tables/time-series/demo/popest/2020s-metro.html
Chapel Hill,35.9132,-79.0558,1.76,8.11,3862,2621,1040,884700,US Census Bureau / ESRI,2025,https://www.census.gov/data/tables/time-series/demo/popest/2020s-metro.html
Apex,35.7327,-78.8503,3.18,12.79,7558,5888,2122,856711,US Census Bureau / ESRI,2025,https://www.census.gov/data/tables/time-series/demo/popest/2020s-metro.html
Morrisville,35.8237,-78.8253,3.14,13.15,6574,5533,1894,929682,US Census Bureau / ESRI,2025,https://www.census.gov/data/tables/time-series/demo/popest/2020s-metro.html
High Point,35.9557,-80.0053,0.97,5.38,2698,1990,715,772643,US Census Bureau / ESRI,2025,https://www.census.gov/data/tables/time-series/demo/popest/2020s-metro.html
Winston-Salem,36.0999,-80.2442,0.8,4.38,1956,1292,510,950225,US Census Bureau / ESRI,2025,https://www.census.gov/data/tables/time-series/demo/popest/2020s-metro.html
Greensboro,36.0726,-79.792,0.9,4.23,1923,1404,511,855487,US Census Bureau / ESRI,2025,https://www.census.gov/data/tables/time-series/demo/popest/2020s-metro.html
Richmond VA,37.5407,-77.436,1.28,5.83,3321,2361,781,931232,US Census Bureau / ESRI,2025,https://www.census.gov/data/tables/time-series/demo/popest/2020s-metro.html
Newport News,37.0871,-76.473,0.43,2.06,1109,818,320,811627,US Census Bureau / ESRI,2025,https://www.census.gov/data/tables/time-series/demo/popest/2020s-metro.html
Chesapeake,36.7682,-76.2875,0.93,4.15,2106,1567,622,882436,US Census Bureau / ESRI,2025,https://www.census.gov/data/tables/time-series/demo/popest/2020s-metro.html
Virginia Beach,36.8529,-75.978,0.57,2.72,1321,871,384,777110,US Census Bureau / ESRI,2025,https://www.census.gov/data/tables/time-series/demo/popest/2020s-metro.html
Hampton,37.0299,-76.3452,0.16,1.06,514,356,123,817094,US Census Bureau / ESRI,2025,https://www.census.gov/data/tables/time-series/demo/popest/2020s-metro.html
Alexandria VA,38.8048,-77.0469,1.09,4.99,2743,1599,623,782333,US Census Bureau / ESRI,2025,https://www.census.gov/data/tables/time-series/demo/popest/2020s-metro.html
Madison WI,43.0731,-89.4012,0.87,4.41,2056,1437,525,909221,US Census Bureau / ESRI,2025,https://www.census.gov/data/tables/time-series/demo/popest/2020s-metro.html
Green Bay,44.5133,-88.0133,0.5,2.5,1339,954,362,947777,US Census Bureau / ESRI,2025,https://www.census.gov/data/tables/time-series/demo/popest/2020s-metro.html
Kenosha,42.5847,-87.8212,0.48,2.25,1383,921,385,897960,US Census Bureau / ESRI,2025,https://www.census.gov/data/tables/time-series/demo/popest/2020s-metro.html
Racine,42.7261,-87.7829,0.21,1.1,466,386,150,944533,US Census Bureau / ESRI,2025,https://www.census.gov/data/tables/time-series/demo/popest/2020s-metro.html
Appleton,44.2619,-88.4154,0.85,3.69,1805,1531,581,840004,US Census Bureau / ESRI,2025,https://www.census.gov/data/tables/time-series/demo/popest/2020s-metro.html
Eau Claire,44.8113,-91.4985,0.92,3.77,2121,1375,497,875132,US Census Bureau / ESRI,2025,https://www.census.gov/data/tables/time-series/demo/popest/2020s-metro.html
La Crosse,43.8014,-91.2396,0.44,2.34,1353,818,325,860118,US Census Bureau / ESRI,2025,https://www.census.gov/data/tables/time-series/demo/popest/2020s-metro.html
Janesville,42.6828,-89.0187,0.59,2.68,1158,805,388,867931,US Census Bureau / ESRI,2025,https://www.census.gov/data/tables/time-series/demo/popest/2020s-metro.html
Cedar Rapids,41.9779,-91.6656,0.86,3.36,1846,1462,569,868053,US Census Bureau / ESRI,2025,https://www.census.gov/data/tables/time-series/demo/popest/2020s-metro.html
Iowa City,41.6611,-91.5302,0.76,4.04,1860,1359,498,948613,US Census Bureau / ESRI,2025,https://www.census.gov/data/tables/time-series/demo/popest/2020s-metro.html
Sioux City,42.4999,-96.4003,0.54,2.52,1317,918,333,943860,US Census Bureau / ESRI,2025,https://www.census.gov/data/tables/time-series/demo/popest/2020s-metro.html
Waterloo,42.4928,-92.3426,0.16,0.9,460,369,139,919115,US Census Bureau / ESRI,2025,https://www.census.gov/data/tables/time-series/demo/popest/2020s-metro.html
Ames,42.0308,-93.6319,1.02,5.38,3202,2398,902,887576,US Census Bureau / ESRI,2025,https://www.census.gov/data/tables/time-series/demo/popest/2020s-metro.html
Dubuque,42.5006,-90.6646,0.59,2.28,1164,954,364,761708,US Census Bureau / ESRI,2025,https://www.census.gov/data/tables/time-series/demo/popest/2020s-metro.html
Olathe,38.8814,-94.8191,2.01,11.99,5367,4065,1646,925847,US Census Bureau / ESRI,2025,https://www.census.gov/data/tables/time-series/demo/popest/2020s-metro.html
Lawrence KS,38.9717,-95.2353,0.75,4.26,2235,1392,598,850387,US Census Bureau / ESRI,2025,https://www.census.gov/data/tables/time-series/demo/popest/2020s-metro.html
Shawnee,39.0228,-94.7152,1.92,8.86,5097,3773,1423,934374,US Census Bureau / ESRI,2025,https://www.census.gov/data/tables/time-series/demo/popest/2020s-metro.html
Lenexa,38.9536,-94.7336,2.56,13.18,6698,4617,1923,943432,US Census Bureau / ESRI,2025,https://www.census.gov/data/tables/time-series/demo/popest/2020s-metro.html
Lincoln NE,40.8136,-96.7026,1.34,5.99,3017,2245,799,893819,US Census Bureau / ESRI,2025,https://www.census.gov/data/tables/time-series/demo/popest/2020s-metro.html
Grand Island,40.925,-98.342,0.93,3.93,2205,1307,596,812872,US Census Bureau / ESRI,2025,https://www.census.gov/data/tables/time-series/demo/popest/2020s-metro.html
Rapid City,44.0805,-103.231,1.21,7.16,3603,2388,1147,753814,US Census Bureau / ESRI,2025,https://www.census.gov/data/tables/time-series/demo/popest/2020s-metro.html
Bismarck,46.8083,-100.7837,1.08,5.09,2581,1845,684,898531,US Census Bureau / ESRI,2025,https://www.census.gov/data/tables/time-series/demo/popest/2020s-metro.html
Grand Forks,47.9253,-97.0329,0.86,3.76,1822,1564,577,849449,US Census Bureau / ESRI,2025,https://www.census.gov/data/tables/time-series/demo/popest/2020s-metro.html
Minot,48.2325,-101.2963,0.49,2.6,1143,831,335,894043,US Census Bureau / ESRI,2025,https://www.census.gov/data/tables/time-series/demo/popest/2020s-metro.html
Missoula,46.8721,-113.994,1.95,8.41,5360,3806,1369,888576,US Census Bureau / ESRI,2025,https://www.census.gov/data/tables/time-series/demo/popest/2020s-metro.html
Great Falls,47.5002,-111.3008,0.6,2.05,1200,960,375,855691,US Census Bureau / ESRI,2025,https://www.census.gov/data/tables/time-series/demo/popest/2020s-metro.html
Helena MT,46.5958,-112.027,0.66,3.46,1888,1427,559,876132,US Census Bureau / ESRI,2025,https://www.census.gov/data/tables/time-series/demo/popest/2020s-metro.html
Kalispell,48.192,-114.3168,2.97,11.59,6794,4332,1725,945410,US Census Bureau / ESRI,2025,https://www.census.gov/data/tables/time-series/demo/popest/2020s-metro.html
Casper,42.8501,-106.3252,0.48,2.18,1322,887,387,750040,US Census Bureau / ESRI,2025,https://www.census.gov/data/tables/time-series/demo/popest/2020s-metro.html
Laramie,41.3114,-105.5911,0.91,3.33,1986,1437,545,770399,US Census Bureau / ESRI,2025,https://www.census.gov/data/tables/time-series/demo/popest/2020s-metro.html
Nampa,43.5407,-116.5635,2.48,10.63,6010,4608,1852,750488,US Census Bureau / ESRI,2025,https://www.census.gov/data/tables/time-series/demo/popest/2020s-metro.html
Meridian,43.6121,-116.3915,2.53,12.95,8285,5980,2029,893900,US Census Bureau / ESRI,2025,https://www.census.gov/data/tables/time-series/demo/popest/2020s-metro.html
Coeur d'Alene,47.6777,-116.7805,2.84,16.04,7339,4940,2324,759240,US Census Bureau / ESRI,2025,https://www.census.gov/data/tables/time-series/demo/popest/2020s-metro.html
Twin Falls,42.5629,-114.4609,2.05,9.23,5084,3536,1415,854590,US Census Bureau / ESRI,2025,https://www.census.gov/data/tables/time-series/demo/popest/2020s-metro.html
Pocatello,42.8713,-112.4455,1.25,5.34,2806,2361,918,866748,US Census Bureau / ESRI,2025,https://www.census.gov/data/tables/time-series/demo/popest/2020s-metro.html
West Valley City,40.6916,-112.001,1.47,6.96,4096,2516,1079,863382,US Census Bureau / ESRI,2025,https://www.census.gov/data/tables/time-series/demo/popest/2020s-metro.html
West Jordan,40.6097,-111.9391,1.46,9.55,3982,2954,1112,849530,US Census Bureau / ESRI,2025,https://www.census.gov/data/tables/time-series/demo/popest/2020s-metro.html
Sandy,40.5649,-111.8389,1.54,7.95,3307,2423,1051,793369,US Census Bureau / ESRI,2025,https://www.census.gov/data/tables/time-series/demo/popest/2020s-metro.html
Lehi,40.3916,-111.8507,4.66,20.49,9058,6636,3036,938678,US Census Bureau / ESRI,2025,https://www.census.gov/data/tables/time-series/demo/popest/2020s-metro.html
