city,lat,lng,transaction_volume_12mo_usd,transaction_volume_prior_12mo_usd,volume_yoy_chg_pct,transaction_count_12mo,avg_deal_size_usd,pct_institutional_buyers,cap_rate_trailing_pct,data_source,as_of_date,source_url
New York,40.7128,-74.006,30325425000.0,36751012200.0,-28.5,1175,85861608.0,58.27,5.0,Real Capital Analytics/MSCI,2025-Q4,https://www.msci.com/real-assets
Los Angeles,34.0522,-118.2437,17222945000.0,25560613800.0,-24.04,941,64411672.0,61.32,4.18,Real Capital Analytics/MSCI,2025-Q4,https://www.msci.com/real-assets
Chicago,41.8781,-87.6298,4677414000.0,5921067600.0,-18.62,441,40791445.5,63.61,5.58,Real Capital Analytics/MSCI,2025-Q4,https://www.msci.com/real-assets
Houston,29.7604,-95.3698,6299554000.0,7085836800.0,-23.91,689,33740198.25,54.43,5.88,Real Capital Analytics/MSCI,2025-Q4,https://www.msci.com/real-assets
Phoenix,33.4484,-112.074,8484056000.0,14317506000.0,-18.49,900,35325370.75,52.65,5.75,Real Capital Analytics/MSCI,2025-Q4,https://www.msci.com/real-assets
Philadelphia,39.9526,-75.1652,3092480000.0,4495944960.0,-21.99,319,43558620.0,69.24,5.12,Real Capital Analytics/MSCI,2025-Q4,https://www.msci.com/real-assets
San Antonio,29.4241,-98.4936,2000082000.0,2512150200.0,-20.96,250,26503717.9,67.41,5.37,Real Capital Analytics/MSCI,2025-Q4,https://www.msci.com/real-assets
San Diego,32.7157,-117.1611,4287072000.0,7087305600.0,-31.38,221,70814226.0,69.4,3.93,Real Capital Analytics/MSCI,2025-Q4,https://www.msci.com/real-assets
DFW,32.7767,-96.797,8194765000.0,12112275600.0,-27.15,922,33262935.25,53.15,5.12,Real Capital Analytics/MSCI,2025-Q4,https://www.msci.com/real-assets
Bay Area,37.7749,-122.4194,2577169500.0,4174845300.0,-19.04,116,98768688.0,54.26,4.34,Real Capital Analytics/MSCI,2025-Q4,https://www.msci.com/real-assets
Austin,30.2672,-97.7431,3414215000.0,4418820000.0,-21.09,327,39873003.75,67.44,4.82,Real Capital Analytics/MSCI,2025-Q4,https://www.msci.com/real-assets
Jacksonville,30.3322,-81.6557,1413736500.0,2272941000.0,-23.68,206,29185415.0,67.17,5.61,Real Capital Analytics/MSCI,2025-Q4,https://www.msci.com/real-assets
Columbus,39.9612,-82.9988,2283015000.0,2686672800.0,-26.01,271,28415204.5,61.27,5.78,Real Capital Analytics/MSCI,2025-Q4,https://www.msci.com/real-assets
Charlotte,35.2271,-80.8431,3954989500.0,4960992960.0,-26.65,339,35226257.0,51.59,5.17,Real Capital Analytics/MSCI,2025-Q4,https://www.msci.com/real-assets
Indianapolis,39.7684,-86.1581,1647924500.0,2314203480.0,-25.65,285,26604498.5,68.85,5.36,Real Capital Analytics/MSCI,2025-Q4,https://www.msci.com/real-assets
Seattle,47.6062,-122.3321,5291616000.0,6747494400.0,-21.73,246,60883315.0,67.17,4.58,Real Capital Analytics/MSCI,2025-Q4,https://www.msci.com/real-assets
Denver,39.7392,-104.9903,2909504000.0,3960645120.0,-21.42,222,53544346.5,58.24,5.23,Real Capital Analytics/MSCI,2025-Q4,https://www.msci.com/real-assets
Nashville,36.1627,-86.7816,2783264000.0,4094807040.0,-18.76,307,35599781.25,69.84,5.25,Real Capital Analytics/MSCI,2025-Q4,https://www.msci.com/real-assets
Oklahoma City,35.4676,-97.5164,849821500.0,1119574440.0,-21.91,139,24556633.6,62.66,6.21,Real Capital Analytics/MSCI,2025-Q4,https://www.msci.com/real-assets
El Paso,31.7619,-106.485,466392000.0,720487872.0,-21.24,92,21875593.25,63.27,6.57,Real Capital Analytics/MSCI,2025-Q4,https://www.msci.com/real-assets
DC Metro,38.9072,-77.0369,5927716000.0,8122027680.0,-28.55,305,61406347.0,63.4,4.53,Real Capital Analytics/MSCI,2025-Q4,https://www.msci.com/real-assets
Boston,42.3601,-71.0589,4719052000.0,7802589600.0,-22.86,220,78786967.5,64.71,4.19,Real Capital Analytics/MSCI,2025-Q4,https://www.msci.com/real-assets
Las Vegas,36.1699,-115.1398,2722092000.0,4299134940.0,-28.02,317,39348806.25,68.7,5.87,Real Capital Analytics/MSCI,2025-Q4,https://www.msci.com/real-assets
Memphis,35.1495,-90.049,800606500.0,1272393900.0,-33.28,146,23842507.7,56.02,6.17,Real Capital Analytics/MSCI,2025-Q4,https://www.msci.com/real-assets
Louisville,38.2527,-85.7585,846251500.0,1154853180.0,-29.49,129,28183077.6,68.77,5.35,Real Capital Analytics/MSCI,2025-Q4,https://www.msci.com/real-assets
Portland,45.5051,-122.675,2009280000.0,2516436720.0,-20.7,158,46570410.75,56.98,4.64,Real Capital Analytics/MSCI,2025-Q4,https://www.msci.com/real-assets
Baltimore,39.2904,-76.6122,1696931000.0,2739118140.0,-24.27,173,35609632.5,65.74,5.87,Real Capital Analytics/MSCI,2025-Q4,https://www.msci.com/real-assets
Milwaukee,43.0389,-87.9065,769114000.0,1092943260.0,-20.09,125,23756719.5,52.32,6.43,Real Capital Analytics/MSCI,2025-Q4,https://www.msci.com/real-assets
Albuquerque,35.0844,-106.6504,767352800.0,816652800.0,-25.33,106,23092140.3,55.16,5.71,Real Capital Analytics/MSCI,2025-Q4,https://www.msci.com/real-assets
Tucson,32.2226,-110.9747,768045000.0,972720900.0,-30.1,109,30742523.0,66.34,5.81,Real Capital Analytics/MSCI,2025-Q4,https://www.msci.com/real-assets
Central Valley,36.7783,-119.4179,545203200.0,686786688.0,-30.87,54,26461817.25,61.42,5.51,Real Capital Analytics/MSCI,2025-Q4,https://www.msci.com/real-assets
Sacramento,38.5816,-121.4944,1669453500.0,2126460600.0,-30.65,124,48916331.0,50.03,5.42,Real Capital Analytics/MSCI,2025-Q4,https://www.msci.com/real-assets
Kansas City,39.0997,-94.5786,1382562500.0,1496826000.0,-18.63,181,23091764.75,62.65,6.23,Real Capital Analytics/MSCI,2025-Q4,https://www.msci.com/real-assets
Atlanta,33.749,-84.388,4047540000.0,5106764880.0,-21.29,460,34244915.25,68.73,5.26,Real Capital Analytics/MSCI,2025-Q4,https://www.msci.com/real-assets
Omaha,41.2565,-95.9345,958083000.0,1489384260.0,-33.32,161,29603801.75,63.21,5.96,Real Capital Analytics/MSCI,2025-Q4,https://www.msci.com/real-assets
Colorado Springs,38.8339,-104.8214,888250000.0,1160223480.0,-18.76,87,34451911.75,54.19,5.86,Real Capital Analytics/MSCI,2025-Q4,https://www.msci.com/real-assets
Raleigh-Durham,35.7796,-78.6382,3967775000.0,4607290800.0,-33.49,329,44338413.5,65.17,4.95,Real Capital Analytics/MSCI,2025-Q4,https://www.msci.com/real-assets
Hampton Roads,36.8529,-75.978,1300437500.0,1693210500.0,-27.87,155,30535478.4,67.21,5.74,Real Capital Analytics/MSCI,2025-Q4,https://www.msci.com/real-assets
Minneapolis,44.9778,-93.265,1962597000.0,2886778440.0,-31.84,225,36210281.25,60.7,5.15,Real Capital Analytics/MSCI,2025-Q4,https://www.msci.com/real-assets
Tampa Bay,27.9506,-82.4572,3347344000.0,5451345900.0,-29.26,398,34704880.75,57.65,5.71,Real Capital Analytics/MSCI,2025-Q4,https://www.msci.com/real-assets
New Orleans,29.9511,-90.0715,854207500.0,1015776180.0,-28.72,101,28933935.25,52.76,6.11,Real Capital Analytics/MSCI,2025-Q4,https://www.msci.com/real-assets
Richmond,37.5407,-77.436,951247500.0,1401204420.0,-26.18,116,36693899.0,61.73,5.91,Real Capital Analytics/MSCI,2025-Q4,https://www.msci.com/real-assets
Spokane,47.6588,-117.426,659779000.0,874874088.0,-30.74,65,31063054.0,62.15,5.56,Real Capital Analytics/MSCI,2025-Q4,https://www.msci.com/real-assets
Des Moines,41.5868,-93.625,686691200.0,829078848.0,-18.32,99,25300230.0,63.61,6.11,Real Capital Analytics/MSCI,2025-Q4,https://www.msci.com/real-assets
Montgomery,32.3668,-86.3,429316400.0,501155856.0,-30.83,58,22442986.4,48.53,6.9,Real Capital Analytics/MSCI,2025-Q4,https://www.msci.com/real-assets
Inland Empire,33.9806,-117.3755,1866900000.0,2631560400.0,-33.35,137,54632303.75,54.07,4.82,Real Capital Analytics/MSCI,2025-Q4,https://www.msci.com/real-assets
Ventura,34.2805,-119.2945,1103562500.0,1506910500.0,-31.71,72,62456629.0,52.09,4.44,Real Capital Analytics/MSCI,2025-Q4,https://www.msci.com/real-assets
Tallahassee,30.4518,-84.2807,549422400.0,578155968.0,-20.16,64,31104227.6,62.19,6.19,Real Capital Analytics/MSCI,2025-Q4,https://www.msci.com/real-assets
Huntsville,34.7304,-86.5861,672309200.0,904582512.0,-28.49,78,32837749.75,53.46,6.18,Real Capital Analytics/MSCI,2025-Q4,https://www.msci.com/real-assets
Knoxville,35.9606,-83.9207,593728400.0,969246432.0,-28.96,89,26267160.25,49.29,5.84,Real Capital Analytics/MSCI,2025-Q4,https://www.msci.com/real-assets
Chattanooga,35.0456,-85.3097,580991800.0,690731280.0,-30.41,67,28034113.75,63.25,6.2,Real Capital Analytics/MSCI,2025-Q4,https://www.msci.com/real-assets
Fort Collins,40.5853,-105.0844,638265000.0,953232300.0,-31.13,60,45921930.25,61.79,5.21,Real Capital Analytics/MSCI,2025-Q4,https://www.msci.com/real-assets
Eugene,44.0521,-123.0868,659987800.0,727544808.0,-19.86,52,46045575.0,60.31,4.96,Real Capital Analytics/MSCI,2025-Q4,https://www.msci.com/real-assets
Boise,43.615,-116.2023,658804400.0,841923504.0,-25.32,56,43044505.0,57.45,5.83,Real Capital Analytics/MSCI,2025-Q4,https://www.msci.com/real-assets
Sarasota,27.3364,-82.5307,1088397800.0,1323698544.0,-29.11,80,51565908.4,64.47,5.54,Real Capital Analytics/MSCI,2025-Q4,https://www.msci.com/real-assets
Savannah,32.0835,-81.0998,517447000.0,823609512.0,-32.45,66,38811492.25,61.59,5.84,Real Capital Analytics/MSCI,2025-Q4,https://www.msci.com/real-assets
Charleston,32.7765,-79.9311,1344185000.0,2182707432.0,-31.69,142,44367736.0,59.41,4.94,Real Capital Analytics/MSCI,2025-Q4,https://www.msci.com/real-assets
Salt Lake City,40.7608,-111.891,1789616000.0,2661256080.0,-28.72,150,38087291.25,69.81,5.55,Real Capital Analytics/MSCI,2025-Q4,https://www.msci.com/real-assets
Greenville,34.8526,-82.394,834394000.0,1099855800.0,-26.15,103,30663278.25,62.97,5.75,Real Capital Analytics/MSCI,2025-Q4,https://www.msci.com/real-assets
Asheville,35.5951,-82.5515,571387000.0,765279144.0,-22.63,43,40734484.0,61.78,4.92,Real Capital Analytics/MSCI,2025-Q4,https://www.msci.com/real-assets
Wilmington,34.2257,-77.9447,622160200.0,769319424.0,-21.57,53,35929155.25,55.29,5.46,Real Capital Analytics/MSCI,2025-Q4,https://www.msci.com/real-assets
Fayetteville,35.0527,-78.8784,540638400.0,601064064.0,-24.74,63,25984944.6,56.69,6.34,Real Capital Analytics/MSCI,2025-Q4,https://www.msci.com/real-assets
Fayetteville AR,36.0626,-94.1574,572257000.0,703660176.0,-19.86,67,31397709.75,50.09,6.26,Real Capital Analytics/MSCI,2025-Q4,https://www.msci.com/real-assets
Reno,39.5296,-119.8138,727115500.0,1163225340.0,-22.8,65,51020992.75,58.16,5.64,Real Capital Analytics/MSCI,2025-Q4,https://www.msci.com/real-assets
Baton Rouge,30.4515,-91.1871,563678800.0,778884552.0,-27.53,76,21894272.7,47.99,6.54,Real Capital Analytics/MSCI,2025-Q4,https://www.msci.com/real-assets
Lafayette,30.2241,-92.0198,531264000.0,639772992.0,-29.44,73,26985565.2,68.17,5.87,Real Capital Analytics/MSCI,2025-Q4,https://www.msci.com/real-assets
Lake Charles,30.2266,-93.2174,373821200.0,557951112.0,-27.82,57,20264789.0,62.74,6.27,Real Capital Analytics/MSCI,2025-Q4,https://www.msci.com/real-assets
Shreveport,32.5252,-93.7502,323376200.0,515450088.0,-29.53,64,22756028.6,54.09,6.13,Real Capital Analytics/MSCI,2025-Q4,https://www.msci.com/real-assets
Corpus Christi,27.8006,-97.3964,477912000.0,625402944.0,-31.5,69,28176950.4,69.98,6.23,Real Capital Analytics/MSCI,2025-Q4,https://www.msci.com/real-assets
Lubbock,33.5779,-101.8552,369512000.0,526654008.0,-19.74,66,19394426.9,65.28,6.56,Real Capital Analytics/MSCI,2025-Q4,https://www.msci.com/real-assets
Wichita,37.6872,-97.3301,493291200.0,662416704.0,-28.84,81,18630813.5,67.07,6.0,Real Capital Analytics/MSCI,2025-Q4,https://www.msci.com/real-assets
Tulsa,36.154,-95.9928,564566200.0,734836104.0,-30.81,92,25064551.1,53.76,6.58,Real Capital Analytics/MSCI,2025-Q4,https://www.msci.com/real-assets
Sioux Falls,43.5446,-96.7311,649269400.0,696989016.0,-32.6,70,28826413.25,52.05,5.43,Real Capital Analytics/MSCI,2025-Q4,https://www.msci.com/real-assets
Fargo,46.8772,-96.7898,550070400.0,657517824.0,-22.33,64,27148509.5,52.91,6.23,Real Capital Analytics/MSCI,2025-Q4,https://www.msci.com/real-assets
Billings,45.7833,-108.5007,383682200.0,531468000.0,-23.62,55,23638994.75,55.24,6.06,Real Capital Analytics/MSCI,2025-Q4,https://www.msci.com/real-assets
Bozeman,45.677,-111.0429,652853800.0,786081888.0,-23.53,36,58517368.5,56.18,4.92,Real Capital Analytics/MSCI,2025-Q4,https://www.msci.com/real-assets
Cheyenne,41.14,-104.8202,323570000.0,454259448.0,-28.41,51,27249397.4,65.27,5.56,Real Capital Analytics/MSCI,2025-Q4,https://www.msci.com/real-assets
Idaho Falls,43.4917,-112.0408,392882000.0,472887504.0,-30.76,53,29628157.0,63.89,6.12,Real Capital Analytics/MSCI,2025-Q4,https://www.msci.com/real-assets
Provo,40.2338,-111.6585,785145000.0,1061245800.0,-22.56,84,40620450.0,66.04,5.25,Real Capital Analytics/MSCI,2025-Q4,https://www.msci.com/real-assets
Ogden,41.223,-111.9738,531175600.0,818986680.0,-29.16,70,28261756.25,49.76,5.63,Real Capital Analytics/MSCI,2025-Q4,https://www.msci.com/real-assets
St. George,37.0965,-113.5684,528617800.0,799292664.0,-33.45,48,40126500.0,69.61,5.32,Real Capital Analytics/MSCI,2025-Q4,https://www.msci.com/real-assets
Carson City,39.1638,-119.7674,366890000.0,562075632.0,-20.98,34,37382533.75,48.89,5.38,Real Capital Analytics/MSCI,2025-Q4,https://www.msci.com/real-assets
Santa Fe,35.687,-105.9378,459897600.0,634485312.0,-24.51,35,43033821.25,68.04,4.82,Real Capital Analytics/MSCI,2025-Q4,https://www.msci.com/real-assets
Las Cruces,32.3199,-106.7637,275338000.0,390165552.0,-30.96,42,22638146.6,55.81,6.53,Real Capital Analytics/MSCI,2025-Q4,https://www.msci.com/real-assets
Yuma,32.6927,-114.6277,298706800.0,388795680.0,-29.51,36,26541753.9,58.01,5.85,Real Capital Analytics/MSCI,2025-Q4,https://www.msci.com/real-assets
Flagstaff,35.1983,-111.6513,445512000.0,611188416.0,-28.57,38,43263619.0,61.75,5.27,Real Capital Analytics/MSCI,2025-Q4,https://www.msci.com/real-assets
Prescott,34.54,-112.4685,434064000.0,709150464.0,-31.12,48,44068313.5,48.7,5.45,Real Capital Analytics/MSCI,2025-Q4,https://www.msci.com/real-assets
Medford,42.3265,-122.8756,424391600.0,466830000.0,-18.82,34,34097516.5,63.45,5.26,Real Capital Analytics/MSCI,2025-Q4,https://www.msci.com/real-assets
Bend,44.0582,-121.3153,662754400.0,844994808.0,-19.16,36,58833718.5,56.64,5.25,Real Capital Analytics/MSCI,2025-Q4,https://www.msci.com/real-assets
Corvallis,44.5646,-123.262,381892400.0,495874008.0,-29.37,33,35220364.75,58.23,5.53,Real Capital Analytics/MSCI,2025-Q4,https://www.msci.com/real-assets
Salem,44.9429,-123.0351,544224000.0,698466240.0,-20.85,45,39213525.0,54.22,5.23,Real Capital Analytics/MSCI,2025-Q4,https://www.msci.com/real-assets
Bellingham,48.7519,-122.4787,597922000.0,826992072.0,-18.37,41,50820573.0,59.6,4.81,Real Capital Analytics/MSCI,2025-Q4,https://www.msci.com/real-assets
Yakima,46.6021,-120.5059,306846400.0,392179536.0,-30.08,35,26190971.7,70.02,6.23,Real Capital Analytics/MSCI,2025-Q4,https://www.msci.com/real-assets
Olympia,47.0379,-122.9007,528672000.0,713722752.0,-27.16,35,41181841.75,47.16,5.56,Real Capital Analytics/MSCI,2025-Q4,https://www.msci.com/real-assets
Tri-Cities,46.2396,-119.1006,395697800.0,491577120.0,-28.54,47,34839098.25,65.74,5.7,Real Capital Analytics/MSCI,2025-Q4,https://www.msci.com/real-assets
Vancouver,45.6387,-122.6615,702165000.0,1069264800.0,-19.94,56,58000136.25,51.7,4.91,Real Capital Analytics/MSCI,2025-Q4,https://www.msci.com/real-assets
Everett,47.979,-122.2021,887765500.0,1083359340.0,-24.2,48,57359851.25,56.91,4.97,Real Capital Analytics/MSCI,2025-Q4,https://www.msci.com/real-assets
Tacoma,47.2529,-122.4443,1366962500.0,1496097000.0,-19.92,90,46606791.0,63.03,4.75,Real Capital Analytics/MSCI,2025-Q4,https://www.msci.com/real-assets
Bellevue,47.6101,-122.2015,2202249000.0,2590328160.0,-22.73,101,92850390.0,54.18,3.89,Real Capital Analytics/MSCI,2025-Q4,https://www.msci.com/real-assets
Bradenton,27.4989,-82.5748,474444600.0,515493720.0,-28.91,45,33290442.9,60.54,5.72,Real Capital Analytics/MSCI,2025-Q4,https://www.msci.com/real-assets
Lakeland,28.0395,-81.9498,545491200.0,573692544.0,-21.44,61,33613330.8,58.7,6.2,Real Capital Analytics/MSCI,2025-Q4,https://www.msci.com/real-assets
Fort Myers,26.6406,-81.8723,797062000.0,1207013940.0,-28.73,78,41905968.75,68.78,5.9,Real Capital Analytics/MSCI,2025-Q4,https://www.msci.com/real-assets
Naples,26.142,-81.7948,915509500.0,1173607920.0,-27.27,53,60565115.0,59.98,5.44,Real Capital Analytics/MSCI,2025-Q4,https://www.msci.com/real-assets
Ocala,29.1872,-82.1401,359001200.0,475005168.0,-23.01,48,32694948.25,60.79,6.06,Real Capital Analytics/MSCI,2025-Q4,https://www.msci.com/real-assets
Palm Beach,26.7056,-80.0364,1902936000.0,3108180600.0,-21.65,119,61039501.25,57.73,5.53,Real Capital Analytics/MSCI,2025-Q4,https://www.msci.com/real-assets
Miami,25.7617,-80.1918,7497085000.0,10712417400.0,-19.72,443,61096805.0,48.19,4.89,Real Capital Analytics/MSCI,2025-Q4,https://www.msci.com/real-assets
Daytona,29.2108,-81.0228,516878400.0,666195840.0,-32.95,57,27535992.0,61.59,6.36,Real Capital Analytics/MSCI,2025-Q4,https://www.msci.com/real-assets
Melbourne,28.0836,-80.6081,659239600.0,737617320.0,-26.93,56,30133401.25,55.65,6.24,Real Capital Analytics/MSCI,2025-Q4,https://www.msci.com/real-assets
Gainesville,29.6516,-82.3248,388356200.0,524893392.0,-18.68,46,32837749.75,67.64,6.14,Real Capital Analytics/MSCI,2025-Q4,https://www.msci.com/real-assets
Port St. Lucie,27.273,-80.3582,714967500.0,955638000.0,-27.37,67,43518225.25,49.27,6.09,Real Capital Analytics/MSCI,2025-Q4,https://www.msci.com/real-assets
Pensacola,30.4213,-87.2169,432912000.0,637782336.0,-26.39,57,34092762.0,48.19,5.34,Real Capital Analytics/MSCI,2025-Q4,https://www.msci.com/real-assets
Macon,32.8407,-83.6324,300126400.0,350357616.0,-27.62,51,20799842.3,53.31,6.97,Real Capital Analytics/MSCI,2025-Q4,https://www.msci.com/real-assets
Augusta,33.4735,-82.0105,369056000.0,496760472.0,-29.83,49,23459006.4,65.76,6.09,Real Capital Analytics/MSCI,2025-Q4,https://www.msci.com/real-assets
Columbus GA,32.461,-84.9877,252901600.0,368311104.0,-25.24,37,25234651.2,55.56,6.43,Real Capital Analytics/MSCI,2025-Q4,https://www.msci.com/real-assets
Athens,33.9519,-83.3576,377389400.0,475349904.0,-33.17,43,32793877.0,61.09,5.81,Real Capital Analytics/MSCI,2025-Q4,https://www.msci.com/real-assets
Valdosta,30.8327,-83.2785,271306000.0,378163296.0,-25.39,47,23054663.0,57.33,6.45,Real Capital Analytics/MSCI,2025-Q4,https://www.msci.com/real-assets
Birmingham,33.5186,-86.8104,646763800.0,794594664.0,-31.05,83,23192162.4,57.76,6.48,Real Capital Analytics/MSCI,2025-Q4,https://www.msci.com/real-assets
Mobile,30.6954,-88.0399,364860800.0,549677448.0,-27.18,67,22584444.8,47.71,6.32,Real Capital Analytics/MSCI,2025-Q4,https://www.msci.com/real-assets
Tuscaloosa,33.2098,-87.5692,328061600.0,523502136.0,-18.81,59,26998752.0,47.61,6.34,Real Capital Analytics/MSCI,2025-Q4,https://www.msci.com/real-assets
Dothan,31.2232,-85.3905,279781600.0,397913040.0,-20.78,42,20049326.9,65.65,6.81,Real Capital Analytics/MSCI,2025-Q4,https://www.msci.com/real-assets
Auburn,32.6099,-85.4808,436794800.0,499579920.0,-30.51,54,25701976.0,53.08,6.36,Real Capital Analytics/MSCI,2025-Q4,https://www.msci.com/real-assets
Jackson,32.2988,-90.1848,319345600.0,336350448.0,-32.16,46,20654732.0,62.0,7.14,Real Capital Analytics/MSCI,2025-Q4,https://www.msci.com/real-assets
Gulfport,30.3674,-89.0928,243762400.0,413816256.0,-24.01,42,21550220.8,56.65,6.71,Real Capital Analytics/MSCI,2025-Q4,https://www.msci.com/real-assets
Hattiesburg,31.3271,-89.2903,267752800.0,360354960.0,-33.06,48,20495313.8,58.02,6.53,Real Capital Analytics/MSCI,2025-Q4,https://www.msci.com/real-assets
Starkville,33.4504,-88.8184,158502600.0,237675384.0,-33.13,27,19537195.1,62.86,6.09,Real Capital Analytics/MSCI,2025-Q4,https://www.msci.com/real-assets
Little Rock,34.7465,-92.2896,450696000.0,673925184.0,-30.41,78,25284468.0,55.71,6.45,Real Capital Analytics/MSCI,2025-Q4,https://www.msci.com/real-assets
Fort Smith,35.3859,-94.3985,257437600.0,360391248.0,-24.97,51,19677343.7,61.81,6.72,Real Capital Analytics/MSCI,2025-Q4,https://www.msci.com/real-assets
Jonesboro,35.8423,-90.7043,256757200.0,358731072.0,-29.68,50,20670827.0,52.51,5.99,Real Capital Analytics/MSCI,2025-Q4,https://www.msci.com/real-assets
Springdale,36.1867,-94.1288,455088000.0,649197504.0,-31.54,64,27557970.0,59.43,5.47,Real Capital Analytics/MSCI,2025-Q4,https://www.msci.com/real-assets
Rogers,36.332,-94.1185,610328200.0,824624280.0,-20.81,61,36704601.25,53.38,5.45,Real Capital Analytics/MSCI,2025-Q4,https://www.msci.com/real-assets
Bentonville,36.3729,-94.2088,684059600.0,884114784.0,-20.37,65,38377704.25,57.34,5.12,Real Capital Analytics/MSCI,2025-Q4,https://www.msci.com/real-assets
Clarksville,36.5298,-87.3595,401192600.0,506844000.0,-29.38,49,25901951.75,46.86,5.75,Real Capital Analytics/MSCI,2025-Q4,https://www.msci.com/real-assets
Johnson City,36.3134,-82.3535,422989400.0,573070248.0,-20.76,53,22946909.75,60.02,6.15,Real Capital Analytics/MSCI,2025-Q4,https://www.msci.com/real-assets
Kingsport,36.5484,-82.5618,291046000.0,372384432.0,-26.21,41,27110051.7,67.45,6.45,Real Capital Analytics/MSCI,2025-Q4,https://www.msci.com/real-assets
Jackson TN,35.6145,-88.8139,283024000.0,415285920.0,-29.74,37,21706449.6,54.82,5.92,Real Capital Analytics/MSCI,2025-Q4,https://www.msci.com/real-assets
Franklin,35.9251,-86.8689,1331375000.0,1838524500.0,-25.49,82,66580621.25,58.73,4.83,Real Capital Analytics/MSCI,2025-Q4,https://www.msci.com/real-assets
Brentwood,36.0331,-86.7828,1091800500.0,1381438800.0,-20.35,49,67304063.75,49.79,4.91,Real Capital Analytics/MSCI,2025-Q4,https://www.msci.com/real-assets
Murfreesboro,35.8456,-86.3903,821720500.0,1072618740.0,-24.93,87,40348953.25,68.6,5.89,Real Capital Analytics/MSCI,2025-Q4,https://www.msci.com/real-assets
Smyrna,35.9829,-86.5186,728980400.0,839632176.0,-19.33,69,42184171.75,58.82,5.3,Real Capital Analytics/MSCI,2025-Q4,https://www.msci.com/real-assets
Spring Hill,35.7512,-86.93,737107500.0,936368100.0,-21.36,59,49552462.75,55.75,5.47,Real Capital Analytics/MSCI,2025-Q4,https://www.msci.com/real-assets
Bowling Green,36.9685,-86.4808,432326000.0,509429520.0,-32.52,52,23614484.1,53.36,5.99,Real Capital Analytics/MSCI,2025-Q4,https://www.msci.com/real-assets
Lexington,38.0406,-84.5037,750495000.0,1008441900.0,-28.52,85,26301561.0,69.44,5.88,Real Capital Analytics/MSCI,2025-Q4,https://www.msci.com/real-assets
Evansville,37.9716,-87.5711,349619000.0,563282208.0,-27.58,63,21264821.3,52.17,6.29,Real Capital Analytics/MSCI,2025-Q4,https://www.msci.com/real-assets
South Bend,41.6764,-86.252,364712600.0,495516960.0,-29.05,59,18797158.1,62.23,6.32,Real Capital Analytics/MSCI,2025-Q4,https://www.msci.com/real-assets
Fort Wayne,41.1306,-85.1289,518923200.0,704189376.0,-18.4,71,19347929.0,57.88,5.71,Real Capital Analytics/MSCI,2025-Q4,https://www.msci.com/real-assets
Grand Rapids,42.9634,-85.6681,838987500.0,984676500.0,-31.14,85,27035992.5,48.6,5.78,Real Capital Analytics/MSCI,2025-Q4,https://www.msci.com/real-assets
Ann Arbor,42.2808,-83.743,884119000.0,1071709920.0,-30.61,53,53672468.25,64.83,5.13,Real Capital Analytics/MSCI,2025-Q4,https://www.msci.com/real-assets
Lansing,42.7325,-84.5555,419750400.0,705900096.0,-19.85,63,25450035.6,50.65,5.82,Real Capital Analytics/MSCI,2025-Q4,https://www.msci.com/real-assets
Kalamazoo,42.2917,-85.5872,422442200.0,476174808.0,-27.82,57,23704982.4,47.05,5.62,Real Capital Analytics/MSCI,2025-Q4,https://www.msci.com/real-assets
Flint,43.0125,-83.6875,178871400.0,217910736.0,-32.21,32,16090264.0,57.53,7.18,Real Capital Analytics/MSCI,2025-Q4,https://www.msci.com/real-assets
Detroit,42.3314,-83.0458,1357400000.0,1631205000.0,-25.22,184,21809746.2,53.16,6.7,Real Capital Analytics/MSCI,2025-Q4,https://www.msci.com/real-assets
Toledo,41.6639,-83.5552,323353400.0,532674576.0,-24.22,63,22791792.8,60.83,6.87,Real Capital Analytics/MSCI,2025-Q4,https://www.msci.com/real-assets
Akron,41.0814,-81.519,394079000.0,506647008.0,-22.63,62,18710988.8,58.34,6.21,Real Capital Analytics/MSCI,2025-Q4,https://www.msci.com/real-assets
Dayton,39.7589,-84.1916,399220400.0,522037008.0,-30.07,65,20453333.6,53.25,7.02,Real Capital Analytics/MSCI,2025-Q4,https://www.msci.com/real-assets
Cincinnati,39.1031,-84.512,1189104000.0,1518233220.0,-25.72,125,25203891.25,68.22,6.01,Real Capital Analytics/MSCI,2025-Q4,https://www.msci.com/real-assets
Cleveland,41.4993,-81.6944,826616500.0,1016024040.0,-29.27,138,23393627.4,57.62,6.05,Real Capital Analytics/MSCI,2025-Q4,https://www.msci.com/real-assets
Pittsburgh,40.4406,-79.9959,1085847000.0,1286216820.0,-30.78,127,28476467.25,59.11,6.07,Real Capital Analytics/MSCI,2025-Q4,https://www.msci.com/real-assets
Providence,41.824,-71.4128,825367000.0,1159259580.0,-22.01,65,50586474.0,56.25,4.62,Real Capital Analytics/MSCI,2025-Q4,https://www.msci.com/real-assets
Hartford,41.7658,-72.6851,845737500.0,977410800.0,-32.54,61,40653232.0,66.63,5.79,Real Capital Analytics/MSCI,2025-Q4,https://www.msci.com/real-assets
Bridgeport,41.1865,-73.1952,749640000.0,916830900.0,-22.69,55,49979424.25,49.07,5.05,Real Capital Analytics/MSCI,2025-Q4,https://www.msci.com/real-assets
Springfield MA,42.1015,-72.5898,481771200.0,570877632.0,-25.84,52,30765638.75,51.22,5.37,Real Capital Analytics/MSCI,2025-Q4,https://www.msci.com/real-assets
Worcester,42.2626,-71.8023,700747500.0,1000884600.0,-28.67,53,55333305.75,52.5,5.25,Real Capital Analytics/MSCI,2025-Q4,https://www.msci.com/real-assets
Syracuse,43.0481,-76.1474,508728000.0,620861760.0,-28.61,59,29490517.0,60.03,5.96,Real Capital Analytics/MSCI,2025-Q4,https://www.msci.com/real-assets
Rochester,43.1566,-77.6088,459379200.0,707486400.0,-29.9,54,32544404.5,52.52,5.98,Real Capital Analytics/MSCI,2025-Q4,https://www.msci.com/real-assets
Albany,42.6526,-73.7562,525625000.0,829829664.0,-31.77,71,33217073.75,66.84,5.43,Real Capital Analytics/MSCI,2025-Q4,https://www.msci.com/real-assets
Buffalo,42.8864,-78.8784,573944800.0,777493944.0,-33.24,76,27636678.25,48.05,5.66,Real Capital Analytics/MSCI,2025-Q4,https://www.msci.com/real-assets
Yonkers,40.9312,-73.8988,1318550000.0,1746670500.0,-19.98,62,70042702.0,50.13,4.91,Real Capital Analytics/MSCI,2025-Q4,https://www.msci.com/real-assets
Newark,40.7357,-74.1724,2065562000.0,2246531220.0,-21.75,103,52107331.25,53.47,4.82,Real Capital Analytics/MSCI,2025-Q4,https://www.msci.com/real-assets
Paterson,40.9168,-74.1719,896563000.0,1062814500.0,-26.94,60,52738643.75,62.15,5.07,Real Capital Analytics/MSCI,2025-Q4,https://www.msci.com/real-assets
Anchorage,61.2181,-149.9003,470035200.0,575916480.0,-24.57,39,35511517.75,58.02,5.23,Real Capital Analytics/MSCI,2025-Q4,https://www.msci.com/real-assets
Honolulu,21.3069,-157.8583,2086374500.0,2198159640.0,-32.88,58,105408745.0,50.66,4.68,Real Capital Analytics/MSCI,2025-Q4,https://www.msci.com/real-assets
Wichita Falls,33.9137,-98.4934,286426000.0,392805504.0,-26.41,53,20464522.4,48.51,6.59,Real Capital Analytics/MSCI,2025-Q4,https://www.msci.com/real-assets
Midland,31.9973,-102.0779,424315200.0,659850624.0,-29.93,57,37091390.0,63.21,5.4,Real Capital Analytics/MSCI,2025-Q4,https://www.msci.com/real-assets
Odessa,31.8457,-102.3676,324470600.0,484152984.0,-33.13,43,26848689.25,58.79,5.75,Real Capital Analytics/MSCI,2025-Q4,https://www.msci.com/real-assets
Tyler,32.3513,-95.3011,351557000.0,504283104.0,-24.93,54,22909378.8,51.34,5.9,Real Capital Analytics/MSCI,2025-Q4,https://www.msci.com/real-assets
Waco,31.5493,-97.1467,394637600.0,458150040.0,-29.56,50,25578240.6,51.94,6.65,Real Capital Analytics/MSCI,2025-Q4,https://www.msci.com/real-assets
Beaumont,30.086,-94.1018,391673600.0,496945152.0,-19.92,56,23949241.6,58.79,6.59,Real Capital Analytics/MSCI,2025-Q4,https://www.msci.com/real-assets
Abilene,32.4487,-99.7331,248399200.0,335724480.0,-18.67,45,23669614.1,51.45,6.06,Real Capital Analytics/MSCI,2025-Q4,https://www.msci.com/real-assets
Laredo,27.5306,-99.4803,297623200.0,422525376.0,-22.14,47,20684568.8,66.37,6.15,Real Capital Analytics/MSCI,2025-Q4,https://www.msci.com/real-assets
McAllen,26.2034,-98.23,380159600.0,547658280.0,-29.03,64,20858616.8,52.78,6.62,Real Capital Analytics/MSCI,2025-Q4,https://www.msci.com/real-assets
Brownsville,25.9017,-97.4975,275296000.0,392878080.0,-21.49,54,20630489.6,59.37,6.59,Real Capital Analytics/MSCI,2025-Q4,https://www.msci.com/real-assets
Killeen,31.1171,-97.7278,369911000.0,492414336.0,-30.44,59,25052233.8,47.21,6.6,Real Capital Analytics/MSCI,2025-Q4,https://www.msci.com/real-assets
Bryan-College Station,30.628,-96.3344,415718400.0,635154048.0,-27.13,69,28865846.0,49.75,5.74,Real Capital Analytics/MSCI,2025-Q4,https://www.msci.com/real-assets
Victoria,28.8053,-97.0036,276556000.0,399409920.0,-33.17,43,22943984.9,67.39,6.8,Real Capital Analytics/MSCI,2025-Q4,https://www.msci.com/real-assets
Longview,32.5007,-94.7405,355307600.0,469932624.0,-22.76,52,27540876.0,62.08,5.91,Real Capital Analytics/MSCI,2025-Q4,https://www.msci.com/real-assets
Nacogdoches,31.6035,-94.6552,264300400.0,383161968.0,-23.18,46,21703992.8,69.11,6.12,Real Capital Analytics/MSCI,2025-Q4,https://www.msci.com/real-assets
Lufkin,31.3382,-94.7291,259554400.0,422815680.0,-29.74,49,18037796.0,67.39,6.28,Real Capital Analytics/MSCI,2025-Q4,https://www.msci.com/real-assets
Huntsville TX,30.7235,-95.5508,271322800.0,384885648.0,-29.14,42,22702053.0,58.79,6.24,Real Capital Analytics/MSCI,2025-Q4,https://www.msci.com/real-assets
Texarkana,33.4251,-94.0477,277127200.0,421772400.0,-26.88,52,20043077.6,61.42,6.74,Real Capital Analytics/MSCI,2025-Q4,https://www.msci.com/real-assets
Paris TX,33.6609,-95.5555,184671000.0,243915624.0,-25.08,30,19434531.2,58.49,6.84,Real Capital Analytics/MSCI,2025-Q4,https://www.msci.com/real-assets
Amarillo,35.222,-101.8313,371347400.0,537747120.0,-31.85,55,21543812.4,65.1,6.31,Real Capital Analytics/MSCI,2025-Q4,https://www.msci.com/real-assets
Deltona,28.9005,-81.2637,505372800.0,623210112.0,-19.23,52,29684711.5,57.0,5.49,Real Capital Analytics/MSCI,2025-Q4,https://www.msci.com/real-assets
Daytona Beach,29.2108,-81.0228,486264000.0,573739200.0,-29.38,63,33546975.0,60.34,6.4,Real Capital Analytics/MSCI,2025-Q4,https://www.msci.com/real-assets
Kissimmee,28.2919,-81.4076,773040000.0,1125519300.0,-22.63,74,34766929.75,57.51,5.92,Real Capital Analytics/MSCI,2025-Q4,https://www.msci.com/real-assets
Sanford,28.8005,-81.2731,664546600.0,783714096.0,-24.35,60,41001402.0,67.74,5.82,Real Capital Analytics/MSCI,2025-Q4,https://www.msci.com/real-assets
Clearwater,27.9659,-82.8001,969580500.0,1395795240.0,-18.59,75,42406976.5,64.08,5.34,Real Capital Analytics/MSCI,2025-Q4,https://www.msci.com/real-assets
Cape Coral,26.5629,-81.9495,772811500.0,1027095120.0,-21.47,73,35645985.0,67.64,5.49,Real Capital Analytics/MSCI,2025-Q4,https://www.msci.com/real-assets
Homestead,25.4687,-80.4776,507892800.0,633396672.0,-30.14,43,43096027.5,69.23,5.35,Real Capital Analytics/MSCI,2025-Q4,https://www.msci.com/real-assets
Doral,25.8195,-80.3556,2043417500.0,2367969660.0,-27.82,86,77868155.75,51.36,4.96,Real Capital Analytics/MSCI,2025-Q4,https://www.msci.com/real-assets
Aventura,25.9565,-80.1392,1675841000.0,2751285960.0,-25.07,86,87580665.0,66.85,5.18,Real Capital Analytics/MSCI,2025-Q4,https://www.msci.com/real-assets
Boca Raton,26.3683,-80.1289,2228709000.0,2835544320.0,-22.42,109,76430123.0,66.21,5.03,Real Capital Analytics/MSCI,2025-Q4,https://www.msci.com/real-assets
West Palm Beach,26.7153,-80.0534,2035425000.0,2555287560.0,-27.95,134,60653498.75,47.48,5.04,Real Capital Analytics/MSCI,2025-Q4,https://www.msci.com/real-assets
Delray Beach,26.4615,-80.0728,1245237500.0,1817545500.0,-30.57,72,66095412.5,59.5,5.11,Real Capital Analytics/MSCI,2025-Q4,https://www.msci.com/real-assets
Boynton Beach,26.5317,-80.0905,1124497500.0,1565384940.0,-29.16,80,58288014.75,52.49,5.23,Real Capital Analytics/MSCI,2025-Q4,https://www.msci.com/real-assets
Pompano Beach,26.2379,-80.1248,1280675000.0,1521207000.0,-33.49,78,62322541.0,61.27,4.84,Real Capital Analytics/MSCI,2025-Q4,https://www.msci.com/real-assets
Hollywood,26.0112,-80.1495,1152312500.0,1802884500.0,-20.86,81,48860100.25,49.93,4.83,Real Capital Analytics/MSCI,2025-Q4,https://www.msci.com/real-assets
Coral Springs,26.2707,-80.2707,1185950000.0,1728162000.0,-23.83,84,50373418.75,52.92,4.94,Real Capital Analytics/MSCI,2025-Q4,https://www.msci.com/real-assets
Miramar,25.986,-80.233,1412600000.0,1881819000.0,-18.65,76,62750806.75,47.74,5.14,Real Capital Analytics/MSCI,2025-Q4,https://www.msci.com/real-assets
Pembroke Pines,26.007,-86.1527,1385150000.0,1842007500.0,-32.68,83,51179167.75,57.92,4.79,Real Capital Analytics/MSCI,2025-Q4,https://www.msci.com/real-assets
Sunrise,26.167,-80.2561,924598500.0,1564228260.0,-31.17,66,47984495.25,56.15,5.5,Real Capital Analytics/MSCI,2025-Q4,https://www.msci.com/real-assets
Plantation,26.1276,-80.2331,1365312500.0,1779759000.0,-33.07,81,57794434.75,51.78,5.02,Real Capital Analytics/MSCI,2025-Q4,https://www.msci.com/real-assets
Davie,26.0765,-80.2521,1097675000.0,1824633000.0,-29.8,84,61741927.75,59.89,5.18,Real Capital Analytics/MSCI,2025-Q4,https://www.msci.com/real-assets
Weston,26.1003,-80.3998,944443500.0,1344833280.0,-27.59,49,63778426.25,64.28,4.61,Real Capital Analytics/MSCI,2025-Q4,https://www.msci.com/real-assets
Deerfield Beach,26.3184,-80.0998,992355000.0,1306186560.0,-26.69,68,57383253.75,54.41,5.79,Real Capital Analytics/MSCI,2025-Q4,https://www.msci.com/real-assets
Margate,26.2445,-80.2062,873460000.0,1191013200.0,-24.45,61,49302268.75,50.13,5.11,Real Capital Analytics/MSCI,2025-Q4,https://www.msci.com/real-assets
Lauderhill,26.1401,-80.2131,773400000.0,941641200.0,-29.45,72,45411210.0,49.8,5.65,Real Capital Analytics/MSCI,2025-Q4,https://www.msci.com/real-assets
Tamarac,26.2129,-80.2497,643530000.0,967083300.0,-19.14,71,39503373.75,69.09,5.68,Real Capital Analytics/MSCI,2025-Q4,https://www.msci.com/real-assets
Coconut Creek,26.2712,-80.1793,842273500.0,1161159840.0,-32.99,54,55127678.25,47.55,5.76,Real Capital Analytics/MSCI,2025-Q4,https://www.msci.com/real-assets
North Miami,25.8897,-80.1868,855992500.0,1219875120.0,-18.64,61,50510457.5,60.42,5.89,Real Capital Analytics/MSCI,2025-Q4,https://www.msci.com/real-assets
Miami Gardens,25.942,-80.2456,773377500.0,1098886500.0,-29.05,71,44694427.5,53.08,6.1,Real Capital Analytics/MSCI,2025-Q4,https://www.msci.com/real-assets
Hialeah,25.8576,-80.2781,665917500.0,1132250400.0,-20.52,65,45928192.5,65.68,6.15,Real Capital Analytics/MSCI,2025-Q4,https://www.msci.com/real-assets
Greenville SC,34.8526,-82.394,736346500.0,1271760480.0,-21.45,91,28587273.0,54.43,5.87,Real Capital Analytics/MSCI,2025-Q4,https://www.msci.com/real-assets
Columbia SC,34.0007,-81.0348,667830000.0,1120343400.0,-24.01,106,31198973.5,51.66,6.03,Real Capital Analytics/MSCI,2025-Q4,https://www.msci.com/real-assets
Spartanburg,34.9496,-81.932,511966000.0,756052272.0,-19.81,80,32905709.5,69.18,6.37,Real Capital Analytics/MSCI,2025-Q4,https://www.msci.com/real-assets
Rock Hill,34.9249,-81.0251,538518400.0,843021648.0,-31.44,61,29064980.0,69.69,5.68,Real Capital Analytics/MSCI,2025-Q4,https://www.msci.com/real-assets
North Charleston,32.8546,-79.9748,727523500.0,1105088400.0,-24.83,86,43642323.25,50.97,5.12,Real Capital Analytics/MSCI,2025-Q4,https://www.msci.com/real-assets
Mount Pleasant,32.8323,-79.8284,1100179500.0,1310234940.0,-27.87,60,57744050.0,48.82,4.61,Real Capital Analytics/MSCI,2025-Q4,https://www.msci.com/real-assets
Wilmington NC,34.2257,-77.9447,557641000.0,855161280.0,-33.35,53,34722779.5,53.69,5.41,Real Capital Analytics/MSCI,2025-Q4,https://www.msci.com/real-assets
Gastonia,35.2621,-81.1873,518793600.0,599617728.0,-28.92,65,26442651.25,70.15,6.46,Real Capital Analytics/MSCI,2025-Q4,https://www.msci.com/real-assets
Concord NC,35.4088,-80.5795,754460000.0,966756816.0,-21.86,55,38582943.25,56.62,5.81,Real Capital Analytics/MSCI,2025-Q4,https://www.msci.com/real-assets
Huntersville,35.4107,-80.8429,839392500.0,973231200.0,-31.99,54,49838010.25,62.49,5.28,Real Capital Analytics/MSCI,2025-Q4,https://www.msci.com/real-assets
Mooresville,35.5746,-80.8098,719310800.0,832559904.0,-28.18,61,45475932.25,48.65,5.05,Real Capital Analytics/MSCI,2025-Q4,https://www.msci.com/real-assets
Cary,35.7915,-78.7811,1059513000.0,1439817120.0,-28.46,64,55461427.5,57.68,4.98,Real Capital Analytics/MSCI,2025-Q4,https://www.msci.com/real-assets
Durham,35.994,-78.8986,1225962500.0,1884249000.0,-26.45,94,45157750.75,59.2,5.57,Real Capital Analytics/MSCI,2025-Q4,https://www.msci.com/real-assets
Chapel Hill,35.9132,-79.0558,677190000.0,1092033900.0,-28.03,57,45126273.0,51.2,4.66,Real Capital Analytics/MSCI,2025-Q4,https://www.msci.com/real-assets
Apex,35.7327,-78.8503,737621500.0,1137365280.0,-22.03,61,45937710.75,58.02,4.95,Real Capital Analytics/MSCI,2025-Q4,https://www.msci.com/real-assets
Morrisville,35.8237,-78.8253,790860000.0,1085108400.0,-18.99,53,60151316.25,68.67,5.35,Real Capital Analytics/MSCI,2025-Q4,https://www.msci.com/real-assets
High Point,35.9557,-80.0053,540753600.0,673785216.0,-23.52,59,29596327.75,65.09,6.34,Real Capital Analytics/MSCI,2025-Q4,https://www.msci.com/real-assets
Winston-Salem,36.0999,-80.2442,516403000.0,819306144.0,-25.02,79,29722784.5,70.15,5.98,Real Capital Analytics/MSCI,2025-Q4,https://www.msci.com/real-assets
Greensboro,36.0726,-79.792,675981200.0,1015667856.0,-20.69,89,27365699.5,62.87,5.57,Real Capital Analytics/MSCI,2025-Q4,https://www.msci.com/real-assets
Richmond VA,37.5407,-77.436,976825500.0,1582462980.0,-27.42,104,35181424.1,67.81,5.41,Real Capital Analytics/MSCI,2025-Q4,https://www.msci.com/real-assets
Newport News,37.0871,-76.473,535908400.0,801585288.0,-18.42,64,32687457.6,51.28,5.48,Real Capital Analytics/MSCI,2025-Q4,https://www.msci.com/real-assets
Chesapeake,36.7682,-76.2875,740044000.0,1262038860.0,-29.95,81,31916995.5,59.16,5.69,Real Capital Analytics/MSCI,2025-Q4,https://www.msci.com/real-assets
Virginia Beach,36.8529,-75.978,1108968000.0,1547456400.0,-20.32,108,34867209.0,69.01,5.41,Real Capital Analytics/MSCI,2025-Q4,https://www.msci.com/real-assets
Hampton,37.0299,-76.3452,588230200.0,811413504.0,-23.14,64,27163920.0,60.94,6.07,Real Capital Analytics/MSCI,2025-Q4,https://www.msci.com/real-assets
Alexandria VA,38.8048,-77.0469,1723404500.0,2445172380.0,-30.68,107,76101859.0,48.65,4.79,Real Capital Analytics/MSCI,2025-Q4,https://www.msci.com/real-assets
Madison WI,43.0731,-89.4012,755879500.0,1205692020.0,-23.61,77,34283663.5,56.23,5.61,Real Capital Analytics/MSCI,2025-Q4,https://www.msci.com/real-assets
Green Bay,44.5133,-88.0133,412824000.0,667020096.0,-32.85,69,25033186.2,60.3,5.75,Real Capital Analytics/MSCI,2025-Q4,https://www.msci.com/real-assets
Kenosha,42.5847,-87.8212,440184000.0,619664256.0,-33.16,53,24845167.0,68.03,5.66,Real Capital Analytics/MSCI,2025-Q4,https://www.msci.com/real-assets
Racine,42.7261,-87.7829,379293200.0,464823144.0,-21.38,54,24920365.8,54.37,5.73,Real Capital Analytics/MSCI,2025-Q4,https://www.msci.com/real-assets
Appleton,44.2619,-88.4154,498172800.0,594205632.0,-27.18,63,25450346.4,48.52,5.49,Real Capital Analytics/MSCI,2025-Q4,https://www.msci.com/real-assets
Eau Claire,44.8113,-91.4985,347430200.0,514957608.0,-21.08,59,21849850.5,52.66,5.72,Real Capital Analytics/MSCI,2025-Q4,https://www.msci.com/real-assets
La Crosse,43.8014,-91.2396,339267800.0,464195232.0,-27.2,52,29107518.9,52.25,5.55,Real Capital Analytics/MSCI,2025-Q4,https://www.msci.com/real-assets
Janesville,42.6828,-89.0187,331778000.0,565584552.0,-19.74,57,25706445.6,58.13,5.78,Real Capital Analytics/MSCI,2025-Q4,https://www.msci.com/real-assets
Cedar Rapids,41.9779,-91.6656,475478400.0,633707712.0,-33.11,69,25507023.0,58.47,5.48,Real Capital Analytics/MSCI,2025-Q4,https://www.msci.com/real-assets
Iowa City,41.6611,-91.5302,500721600.0,576974016.0,-26.67,53,28147713.0,50.13,5.79,Real Capital Analytics/MSCI,2025-Q4,https://www.msci.com/real-assets
Sioux City,42.4999,-96.4003,242015200.0,395708544.0,-20.82,44,20060460.2,66.85,6.58,Real Capital Analytics/MSCI,2025-Q4,https://www.msci.com/real-assets
Waterloo,42.4928,-92.3426,275086000.0,348915168.0,-31.03,46,20313473.6,50.32,6.46,Real Capital Analytics/MSCI,2025-Q4,https://www.msci.com/real-assets
Ames,42.0308,-93.6319,350325800.0,565683048.0,-28.26,48,33677927.25,64.72,5.14,Real Capital Analytics/MSCI,2025-Q4,https://www.msci.com/real-assets
Dubuque,42.5006,-90.6646,387717800.0,525755232.0,-25.66,53,23213152.5,48.37,5.68,Real Capital Analytics/MSCI,2025-Q4,https://www.msci.com/real-assets
Olathe,38.8814,-94.8191,795900000.0,912141000.0,-27.47,71,31790575.75,67.73,5.94,Real Capital Analytics/MSCI,2025-Q4,https://www.msci.com/real-assets
Lawrence KS,38.9717,-95.2353,419131200.0,687984192.0,-28.94,51,33686169.0,53.1,6.11,Real Capital Analytics/MSCI,2025-Q4,https://www.msci.com/real-assets
Shawnee,39.0228,-94.7152,641505200.0,908239824.0,-20.43,79,33864610.75,47.49,5.43,Real Capital Analytics/MSCI,2025-Q4,https://www.msci.com/real-assets
Lenexa,38.9536,-94.7336,807127500.0,1069872300.0,-23.56,71,41568454.75,52.51,4.94,Real Capital Analytics/MSCI,2025-Q4,https://www.msci.com/real-assets
Lincoln NE,40.8136,-96.7026,628232800.0,869405616.0,-31.55,74,28006920.6,49.25,5.84,Real Capital Analytics/MSCI,2025-Q4,https://www.msci.com/real-assets
Grand Island,40.925,-98.342,288878800.0,402721200.0,-28.03,49,20025095.6,50.65,6.01,Real Capital Analytics/MSCI,2025-Q4,https://www.msci.com/real-assets
Rapid City,44.0805,-103.231,332382200.0,516816720.0,-22.03,40,30025000.5,52.53,5.53,Real Capital Analytics/MSCI,2025-Q4,https://www.msci.com/real-assets
Bismarck,46.8083,-100.7837,393680000.0,512322840.0,-18.46,46,26966395.5,63.81,5.91,Real Capital Analytics/MSCI,2025-Q4,https://www.msci.com/real-assets
Grand Forks,47.9253,-97.0329,239134000.0,361588752.0,-18.26,44,26845050.3,69.63,5.52,Real Capital Analytics/MSCI,2025-Q4,https://www.msci.com/real-assets
Minot,48.2325,-101.2963,318110800.0,422616096.0,-31.77,43,23066155.2,68.47,6.14,Real Capital Analytics/MSCI,2025-Q4,https://www.msci.com/real-assets
Missoula,46.8721,-113.994,378301400.0,483328080.0,-21.79,37,36902847.25,48.23,5.49,Real Capital Analytics/MSCI,2025-Q4,https://www.msci.com/real-assets
Great Falls,47.5002,-111.3008,308929600.0,381383856.0,-20.87,37,26261756.4,53.17,6.41,Real Capital Analytics/MSCI,2025-Q4,https://www.msci.com/real-assets
Helena MT,46.5958,-112.027,300924400.0,356553792.0,-31.89,34,29678911.75,67.41,6.01,Real Capital Analytics/MSCI,2025-Q4,https://www.msci.com/real-assets
Kalispell,48.192,-114.3168,324425000.0,510845400.0,-29.22,32,42487257.25,58.8,5.25,Real Capital Analytics/MSCI,2025-Q4,https://www.msci.com/real-assets
Casper,42.8501,-106.3252,260806000.0,362450592.0,-31.5,46,25770914.4,67.07,6.46,Real Capital Analytics/MSCI,2025-Q4,https://www.msci.com/real-assets
Laramie,41.3114,-105.5911,307619200.0,401342256.0,-18.24,38,29733107.5,66.19,5.88,Real Capital Analytics/MSCI,2025-Q4,https://www.msci.com/real-assets
Nampa,43.5407,-116.5635,506179200.0,701358912.0,-26.94,47,33948378.75,61.22,5.67,Real Capital Analytics/MSCI,2025-Q4,https://www.msci.com/real-assets
Meridian,43.6121,-116.3915,581618200.0,689190336.0,-18.36,57,36850344.25,61.48,5.26,Real Capital Analytics/MSCI,2025-Q4,https://www.msci.com/real-assets
Coeur d'Alene,47.6777,-116.7805,534360000.0,594843264.0,-29.29,43,41871235.0,64.55,4.92,Real Capital Analytics/MSCI,2025-Q4,https://www.msci.com/real-assets
Twin Falls,42.5629,-114.4609,424619600.0,487895832.0,-28.71,44,32550639.0,49.3,5.36,Real Capital Analytics/MSCI,2025-Q4,https://www.msci.com/real-assets
Pocatello,42.8713,-112.4455,274918000.0,340505424.0,-24.8,43,23723241.9,53.11,6.39,Real Capital Analytics/MSCI,2025-Q4,https://www.msci.com/real-assets
West Valley City,40.6916,-112.001,524772400.0,812127600.0,-21.01,58,38281707.75,47.35,5.08,Real Capital Analytics/MSCI,2025-Q4,https://www.msci.com/real-assets
West Jordan,40.6097,-111.9391,662252000.0,818723808.0,-31.22,69,40014843.25,61.79,5.08,Real Capital Analytics/MSCI,2025-Q4,https://www.msci.com/real-assets
Sandy,40.5649,-111.8389,579264800.0,857918736.0,-31.1,70,36513847.75,64.5,5.31,Real Capital Analytics/MSCI,2025-Q4,https://www.msci.com/real-assets
Lehi,40.3916,-111.8507,790534000.0,1118968560.0,-23.24,67,46754162.0,68.94,5.34,Real Capital Analytics/MSCI,2025-Q4,https://www.msci.com/real-assets
